date,Open,High,Low,Volume,Close
2000-01-03 00:00:00,0.7848694802121977,0.8419335898578445,0.7610145178077674,535796800,0.8377241492271423
2000-01-04 00:00:00,0.8101274711776825,0.8279013355036092,0.757272805535923,512377600,0.7670955657958984
2000-01-05 00:00:00,0.7764499320665438,0.8274338027890719,0.7708374102148383,778321600,0.7783207893371582
2000-01-06 00:00:00,0.7942245047027412,0.8007724789728964,0.7109660506248474,767972800,0.7109660506248474
2000-01-07 00:00:00,0.7221921978639693,0.7558699303658503,0.7147088179718192,460734400,0.7446439862251282
2000-01-10 00:00:00,0.7633530756515028,0.7652239326620371,0.7090952746983015,505064000,0.7315470576286316
2000-01-11 00:00:00,0.7179827040145028,0.7437084767902888,0.6772893242589362,441548800,0.6941277384757996
2000-01-12 00:00:00,0.7109661585692337,0.71470872231691,0.6473532663278413,976068800,0.6524989604949951
2000-01-13 00:00:00,0.7071071486399376,0.7390305269508232,0.6922568976670791,1032684800,0.7240629196166992
2000-01-14 00:00:00,0.7483853471840719,0.76522375582959,0.7437082307186171,390376000,0.7516593337059021
2000-01-18 00:00:00,0.7558700446415867,0.7932894477667003,0.7516598028608306,459177600,0.7778533101081848
2000-01-19 00:00:00,0.7904820235499649,0.81386925989053,0.7736435611072657,597643200,0.7974985241889954
2000-01-20 00:00:00,0.8643855424895103,0.9092883164214403,0.8494179844856262,1831132800,0.8494179844856262
2000-01-21 00:00:00,0.8550305831713566,0.8550305831713566,0.8246276376964659,495924800,0.8330472707748413
2000-01-24 00:00:00,0.81153068140336,0.8438044262743912,0.7867403146387967,440876800,0.7951599955558777
2000-01-25 00:00:00,0.7858050462150236,0.846611731660713,0.7661603197407627,497145600,0.8400628566741943
2000-01-26 00:00:00,0.8232243882304348,0.8545627329452914,0.8213535809726124,367158400,0.8246275186538696
2000-01-27 00:00:00,0.8143369483357119,0.845676139246523,0.800772522926743,340144000,0.8232243061065674
2000-01-28 00:00:00,0.8096597323998547,0.8297721287545945,0.7530633074706309,423348800,0.7605466842651367
2000-01-31 00:00:00,0.7558698396414428,0.7773853723462769,0.7072245038715651,701680000,0.7764499187469482
2000-02-01 00:00:00,0.7783208384196039,0.7858050673362321,0.7483856713580148,318035200,0.7502564787864685
2000-02-02 00:00:00,0.7539991698895321,0.7642888123197752,0.7259339562067054,464195200,0.7394984364509583
2000-02-03 00:00:00,0.7507241778271836,0.7801925162430204,0.750256451007318,475193600,0.7731760144233704
2000-02-04 00:00:00,0.7778529507517558,0.8232242402284533,0.7755143671597118,425320000,0.8082566857337952
2000-02-07 00:00:00,0.8082567041046165,0.8550303254535702,0.7928213725885681,441067200,0.8536271452903748
2000-02-08 00:00:00,0.8531593763562594,0.8690623838463876,0.832579301727407,408643200,0.8597082495689392
2000-02-09 00:00:00,0.8540950461505381,0.8765468326216084,0.8414660224258554,299364800,0.8428691029548645
2000-02-10 00:00:00,0.8447408162049506,0.8522242454859205,0.8232244332379264,302982400,0.8494179844856262
2000-02-11 00:00:00,0.8503530471748895,0.8540947605347848,0.8101274053305954,212251200,0.8138691186904907
2000-02-14 00:00:00,0.8180786173305026,0.8671916217950338,0.8129337732678228,367539200,0.866723895072937
2000-02-15 00:00:00,0.8625146784120261,0.8975954865759377,0.8620469516226876,485744000,0.8905789852142334
2000-02-16 00:00:00,0.8812238733314441,0.8840309332657064,0.8391273668221861,378246400,0.854094922542572
2000-02-17 00:00:00,0.8620467831383013,0.8643853167076634,0.8466115023460958,289497600,0.8597082495689392
2000-02-18 00:00:00,0.8578376018038734,0.8634501240331609,0.8297724426902497,233441600,0.8325795531272888
2000-02-22 00:00:00,0.8241595931433903,0.8751434470474566,0.798433777884599,422296000,0.85175621509552
2000-02-23 00:00:00,0.8474294545238258,0.8905787113976673,0.830707502524326,473099200,0.8699977397918701
2000-02-24 00:00:00,0.8779503523005946,0.8915148348992914,0.836321500470356,376432000,0.8621638417243958
2000-02-25 00:00:00,0.8592406617560155,0.8756113985901817,0.8241598048180515,249144000,0.8260306119918823
2000-02-28 00:00:00,0.8241596327562816,0.8606435624777148,0.8110628861507592,328328000,0.8475468158721924
2000-02-29 00:00:00,0.8498854252569534,0.8774821009610121,0.8424012981730947,368961600,0.8578373789787292
2000-03-01 00:00:00,0.8873049628426398,0.9883364433879035,0.8868372360716278,1077003200,0.9752396941184998
2000-03-02 00:00:00,0.9504501225642836,0.9574658238999956,0.9032079227462553,311259200,0.9130306839942932
2000-03-03 00:00:00,0.9345463644211701,0.959688004954454,0.8980632727588672,323366400,0.9579336047172546
2000-03-06 00:00:00,0.9429658702455337,0.9663531061650409,0.935481643000083,210560000,0.9406273365020752
2000-03-07 00:00:00,0.9462399569930772,0.9537241850258223,0.9064819814844763,273011200,0.9195787310600281
2000-03-08 00:00:00,0.9195786585849227,0.927530612772893,0.8873049136526702,271230400,0.9130306839942932
2000-03-09 00:00:00,0.9046109491322202,0.935481508578998,0.884966229339261,276718400,0.9149014353752136
2000-03-10 00:00:00,0.9106918289776804,0.9574654861909269,0.9055461371548871,248606400,0.9410947561264038
2000-03-13 00:00:00,0.9139660617143402,0.9467075306773239,0.8943205408469281,303956800,0.9078850150108337
2000-03-14 00:00:00,0.907183374735442,0.9298690692273236,0.8531593914083333,428579200,0.8550302982330322
2000-03-15 00:00:00,0.8653206731770345,0.8999337439095026,0.8540947340830727,443609600,0.8699977397918701
2000-03-16 00:00:00,0.8779499253449747,0.913030732035407,0.856901221506128,378100800,0.9097559452056885
2000-03-17 00:00:00,0.8989984098870565,0.9354814887046814,0.8952557972803307,305043200,0.9354814887046814
2000-03-20 00:00:00,0.924256799672265,0.9448368802548782,0.9158371171523548,204489600,0.9205142855644226
2000-03-21 00:00:00,0.9172401866584934,1.0234172624832025,0.9102244848494893,524328000,1.0098528861999512
2000-03-22 00:00:00,0.9937161359888178,1.0804824158347366,0.9845949126921998,567996800,1.0790784358978271
2000-03-23 00:00:00,1.0627076233112909,1.125385116344103,1.0477400651129727,562564800,1.0575628280639648
2000-03-24 00:00:00,1.0659813192637526,1.0772072596191247,1.0140620570519499,446913600,1.0379170179367065
2000-03-27 00:00:00,1.0299659530090304,1.0832882948346352,1.024352533249187,279182400,1.0444657802581787
2000-03-28 00:00:00,1.0271592865921164,1.0627078313022487,1.0262238327566888,202966400,1.0411922931671143
2000-03-29 00:00:00,1.0430627131260788,1.0435303399048426,1.001550344884344,239836800,1.0173368453979492
2000-03-30 00:00:00,0.9995619775233017,1.0304333306937203,0.9387561232258548,414400000,0.9410947561264038
2000-03-31 00:00:00,0.9537241628710499,1.0271589645752013,0.9429659475348666,404633600,1.0164016485214233
2000-04-03 00:00:00,1.0140625523203857,1.0439985744225588,0.9686920412443556,328563200,0.997691810131073
2000-04-04 00:00:00,0.9925466231401804,0.9953528836745673,0.8737404334306779,660329600,0.9527886509895325
2000-04-05 00:00:00,0.946473484406526,0.99441721367241,0.927998132222392,457665600,0.9757079482078552
2000-04-06 00:00:00,0.9775792055110203,1.0065789670746932,0.9223850440314135,259627200,0.9368857741355896
2000-04-07 00:00:00,0.9523209880348734,0.9869332688952172,0.9392242386882327,242435200,0.9859979152679443
2000-04-10 00:00:00,0.9855299394978059,0.9934818921644298,0.9336106820025314,212262400,0.9354814887046814
2000-04-11 00:00:00,0.9242569349763826,0.934546527132744,0.8835626961220172,541822400,0.8938531875610352
2000-04-12 00:00:00,0.8905790184737579,0.8905790184737579,0.7848696126468997,941136000,0.817611038684845
2000-04-13 00:00:00,0.8344500791192941,0.8980629523459981,0.8119982505140269,529827200,0.85175621509552
2000-04-14 00:00:00,0.8180784127918952,0.883094409312979,0.8157398297262396,667620800,0.8372562527656555
2000-04-17 00:00:00,0.8194828328940255,0.9275308343473555,0.8162079954941722,409561600,0.9270631074905396
2000-04-18 00:00:00,0.9242565849671904,0.949514627456665,0.893385122340933,390924800,0.949514627456665
2000-04-19 00:00:00,0.9443692116657726,0.9747720540060059,0.8961915514036732,520150400,0.9064820408821106
2000-04-20 00:00:00,0.9256596263488834,0.9336107804923613,0.8760788969809145,722120000,0.8896433711051941
2000-04-24 00:00:00,0.8606435401408619,0.9018046855926514,0.8587727334061581,443620800,0.9018046855926514
2000-04-25 00:00:00,0.9139663542177779,0.9635470995982814,0.9134986273617812,391641600,0.9602723121643066
2000-04-26 00:00:00,0.9476428841696838,0.9579333713096965,0.8980630539391551,366912000,0.9078850150108337
2000-04-27 00:00:00,0.8770141511181043,0.9504498250344565,0.8724535919606048,326603200,0.9485781192779541
2000-04-28 00:00:00,0.9513857552525805,0.9541920163313858,0.9078852612814197,249580800,0.9284661412239075
2000-05-01 00:00:00,0.9345462934316143,0.9364179999327457,0.9120954077639766,226195200,0.9303369522094727
2000-05-02 00:00:00,0.9223851197775405,0.9448369077076877,0.87935315074653,236432000,0.882159411907196
2000-05-03 00:00:00,0.8901109132273922,0.9074170974821485,0.8353854012940434,489798400,0.8611111640930176
2000-05-04 00:00:00,0.8615790762187606,0.8625145296360803,0.8274336276030355,399515200,0.8283690810203552
2000-05-05 00:00:00,0.8293045797049974,0.858772914498297,0.828603039521578,284076800,0.8466116189956665
2000-05-08 00:00:00,0.8388934940650038,0.8508209763759229,0.8232243474635943,184900800,0.8241598010063171
2000-05-09 00:00:00,0.825562938319157,0.8325794394703262,0.7848695597846241,327140800,0.789078950881958
2000-05-10 00:00:00,0.7787883854904906,0.7858048859503292,0.7390304144637548,535091200,0.7432406544685364
2000-05-11 00:00:00,0.7586760483446393,0.7801924288921052,0.7409021813790274,499744000,0.7694342136383057
2000-05-12 00:00:00,0.7932890269247903,0.8269658973299968,0.7840504508042394,306913600,0.8054503202438354
2000-05-15 00:00:00,0.8087246081187338,0.8087246081187338,0.7493210996053126,678932800,0.7558699250221252
2000-05-16 00:00:00,0.7821798193857594,0.8162078671302119,0.768966562738813,440451200,0.790949821472168
2000-05-17 00:00:00,0.7755144046797864,0.7759821314128497,0.751191765238294,398092800,0.7586759924888611
2000-05-18 00:00:00,0.7708372268861003,0.7853371041968747,0.7530633626204398,373777600,0.7539988160133362
2000-05-19 00:00:00,0.7427732438737833,0.7427732438737833,0.6988050170861605,740667200,0.703482985496521
2000-05-22 00:00:00,0.701612142301147,0.701612142301147,0.6436117576945524,755507200,0.673079252243042
2000-05-23 00:00:00,0.6772890631755011,0.6988045871114733,0.6408050887075267,517585600,0.6422082185745239
2000-05-24 00:00:00,0.6450148076849641,0.6716759874163809,0.6211598391604154,678462400,0.656240701675415
2000-05-25 00:00:00,0.6623216635767906,0.6934260920674176,0.6436115443574578,406750400,0.653083086013794
2000-05-26 00:00:00,0.6585791523988292,0.6726113557352762,0.6379990737840258,181148800,0.6464178562164307
2000-05-30 00:00:00,0.6557728835983438,0.6595145979405821,0.6118055668111774,713059200,0.6553052067756653
2000-05-31 00:00:00,0.6501603094704222,0.6829017811413725,0.6272407996835009,433507200,0.6286439299583435
2000-06-01 00:00:00,0.6118055462907545,0.6702727411050495,0.6015150578126595,903840000,0.6669988036155701
2000-06-02 00:00:00,0.7016118230642598,0.7465145848555416,0.6660632454247619,792848000,0.6927244663238525
2000-06-05 00:00:00,0.698337124188008,0.7128370042640138,0.6712082212184494,323668800,0.683369517326355
2000-06-06 00:00:00,0.6882813257940262,0.7240628733819151,0.6758861167333835,525481600,0.6950631141662598
2000-06-07 00:00:00,0.7006765078189258,0.7259337542547059,0.6857081015886869,337019200,0.7226597666740417
2000-06-08 00:00:00,0.7306115373361062,0.7371594608862825,0.696933818362899,238526400,0.7095628380775452
2000-06-09 00:00:00,0.7240628851547407,0.7329502435010666,0.7062890677445077,252358400,0.7165795564651489
2000-06-12 00:00:00,0.7212566654762084,0.7217243922809917,0.6800956075322523,290337600,0.6824341416358948
2000-06-13 00:00:00,0.6824338890398344,0.7086273797746412,0.6599821114380625,351456000,0.7072242498397827
2000-06-14 00:00:00,0.708627423073647,0.7203210392207028,0.6744828273149052,277446400,0.6768214106559753
2000-06-15 00:00:00,0.6829019191272392,0.6988049314310557,0.6660634531444244,248572800,0.6913215517997742
2000-06-16 00:00:00,0.6997402832135657,0.701611989794895,0.6665311305124366,303564800,0.6824341416358948
2000-06-19 00:00:00,0.6777569874650108,0.7324825694818152,0.6721436166240169,394004800,0.7231274843215942
2000-06-20 00:00:00,0.7371596972142868,0.777853129411723,0.7362242935386988,501390400,0.7577406764030457
2000-06-21 00:00:00,0.755869903459086,0.8522242802123314,0.7530635923843013,490000000,0.8325795531272888
2000-06-22 00:00:00,0.8344502914977995,0.8625146472460697,0.8017079685832791,467712000,0.8045142292976379
2000-06-23 00:00:00,0.8049820181168565,0.8176110416271711,0.760546922147474,204965600,0.7736436724662781
2000-06-26 00:00:00,0.7858050895930869,0.819482821708132,0.7801925672284777,185354400,0.8101277351379395
2000-06-27 00:00:00,0.8049819990758335,0.8307077722964353,0.7727082505318164,203470400,0.7745791077613831
2000-06-28 00:00:00,0.7979664940016831,0.8288370678436948,0.7708375353882116,286428800,0.8148049116134644
2000-06-29 00:00:00,0.7942244636837664,0.8073212109097293,0.7642884562058061,203660800,0.7670955657958984
2000-06-30 00:00:00,0.7904817909493282,0.8222886488330635,0.7736433334613745,323097600,0.7839338183403015
2000-07-03 00:00:00,0.7801925509052416,0.8129339793119897,0.7801925509052416,70828800,0.7979664206504822
2000-07-05 00:00:00,0.7970307565774226,0.8260305124843791,0.7596113701998177,265216000,0.7727081179618835
2000-07-06 00:00:00,0.7858048514346698,0.7923536248776412,0.7427729450739186,309545600,0.7755143642425537
2000-07-07 00:00:00,0.7872082760764982,0.8204182836990422,0.780192622622621,263603200,0.8148049116134644
2000-07-10 00:00:00,0.8096598085315496,0.8718695587781098,0.8045141153218538,397796000,0.8550302982330322
2000-07-11 00:00:00,0.8531593457897999,0.8868370657171761,0.8297721624094252,357896000,0.8522239923477173
2000-07-12 00:00:00,0.8699978571893666,0.8821591512951962,0.8438043621431207,225433600,0.8812237977981567
2000-07-13 00:00:00,0.875611396579265,0.9074174166275027,0.8194826850811944,445659200,0.8456761837005615
2000-07-14 00:00:00,0.8550303503194019,0.8830946538412684,0.8512886363623213,190276800,0.8634499311447144
2000-07-17 00:00:00,0.8718694268713889,0.8802882065480813,0.8550301688739534,260002400,0.8728048801422119
2000-07-18 00:00:00,0.8756112157713903,0.881223736041313,0.8512885293440301,318404800,0.8569010496139526
2000-07-19 00:00:00,0.8260306246951878,0.8503532666147973,0.774579080091932,457872800,0.7886112332344055
2000-07-20 00:00:00,0.8232243791042038,0.8540949966823064,0.8101276293216415,465572800,0.8250952363014221
2000-07-21 00:00:00,0.813635647044327,0.832579635057215,0.7923539238881594,196235200,0.8017081618309021
2000-07-24 00:00:00,0.7867404561537722,0.7914175745566279,0.710966211957732,412171200,0.728740930557251
2000-07-25 00:00:00,0.7530635574730713,0.7577406757673649,0.7343534356113234,211607200,0.7493210434913635
2000-07-26 00:00:00,0.7460470556893442,0.7670957616783082,0.7371596965958718,210470400,0.7493210434913635
2000-07-27 00:00:00,0.7483856241633398,0.7970309108075655,0.7465147668927254,294985600,0.7783207893371582
2000-07-28 00:00:00,0.7825309836195186,0.7858049711588087,0.7016119525242217,237893600,0.7231274843215942
2000-07-31 00:00:00,0.7357563218467413,0.772708027123298,0.7296761250388197,155299200,0.7605466842651367
2000-08-01 00:00:00,0.7530636326399827,0.7656918582910733,0.737159770175342,137284000,0.738095223903656
2000-08-02 00:00:00,0.7334177405745895,0.7474498892451922,0.7062888465365833,162355200,0.7072242498397827
2000-08-03 00:00:00,0.6819662098654089,0.719385641965195,0.6623215400883229,339897600,0.7184501886367798
2000-08-04 00:00:00,0.7404345031700983,0.7670957300281234,0.6931923479498827,263121600,0.7090953588485718
2000-08-07 00:00:00,0.7165795881227636,0.7343534063182221,0.706289098947501,187348000,0.7175149917602539
2000-08-08 00:00:00,0.7175151918914069,0.7184505957898025,0.6931925422466488,176674400,0.699740469455719
2000-08-09 00:00:00,0.7203211346300725,0.7249982519715936,0.7072243867277076,379640800,0.7109660506248474
2000-08-10 00:00:00,0.7184503195381544,0.7249982941896105,0.7090952849482964,251714400,0.7119015455245972
2000-08-11 00:00:00,0.7011439350531674,0.7184500685364654,0.6819660958639687,238056000,0.7137729525566101
2000-08-14 00:00:00,0.7123692272049706,0.7137731567664005,0.6931922318511884,156660000,0.7044181227684021
2000-08-15 00:00:00,0.7072244871025032,0.7175149760524874,0.6959985945355064,114200800,0.6988048553466797
2000-08-16 00:00:00,0.7016117657077092,0.7334177777961303,0.7006763123969161,143673600,0.7259335517883301
2000-08-17 00:00:00,0.7240629161449122,0.7848695981528591,0.7231275125087113,270900000,0.7699019908905029
2000-08-18 00:00:00,0.7689665864981776,0.7755145118654191,0.7465147509655596,190176000,0.7483856081962585
2000-08-21 00:00:00,0.7521273608000119,0.7717729377678879,0.7427731734710619,134467200,0.7558699250221252
2000-08-22 00:00:00,0.7577406612168129,0.790482137332722,0.7539989966293107,276802400,0.7736436724662781
2000-08-23 00:00:00,0.7703695637113072,0.8194825663472242,0.7642884670687955,236863200,0.8129337430000305
2000-08-24 00:00:00,0.8183125867992495,0.8475470095248767,0.7989017254747803,310766400,0.8398289680480957
2000-08-25 00:00:00,0.8456761731412263,0.8606437294335555,0.8438044667126546,334460000,0.8503532409667969
2000-08-28 00:00:00,0.8569012468624022,0.883094746102419,0.8540949860814732,359004800,0.8690625429153442
2000-08-29 00:00:00,0.8662561285850126,0.8896433628985644,0.8634498683015109,267030400,0.8859017491340637
2000-08-30 00:00:00,0.8830947570631906,0.8980632133652762,0.8786515024448818,285392800,0.8905789852142334
2000-08-31 00:00:00,0.8826269253541382,0.9205140897503541,0.8821591986203995,419596800,0.912095308303833
2000-09-01 00:00:00,0.9177078113015015,0.9523208878838983,0.9149015508742682,256872000,0.949514627456665
2000-09-05 00:00:00,0.9378209992373516,0.959804253796573,0.931739852767795,298642400,0.9345461130142212
2000-09-06 00:00:00,0.9186433698829554,0.9336110280915678,0.8643855589165955,355404000,0.8746760487556458
2000-09-07 00:00:00,0.8849661758043816,0.9364177046246531,0.8718694302806936,217464800,0.9279981255531311
2000-09-08 00:00:00,0.9223848472818584,0.9223848472818584,0.8756112771349044,195518400,0.8812237977981567
2000-09-11 00:00:00,0.8784177634672395,0.9036758115946225,0.8699980810238465,187381600,0.8746760487556458
2000-09-12 00:00:00,0.8583051188575017,0.8989985429610842,0.8531594254425341,187997600,0.8643853664398193
2000-09-13 00:00:00,0.8494180714783484,0.890579134985283,0.8494180714783484,305984000,0.8681273460388184
2000-09-14 00:00:00,0.8765465202392051,0.892449526091121,0.8503530284917815,426552000,0.8510546684265137
2000-09-15 00:00:00,0.8643854109521739,0.8709341849586193,0.8119984163490118,394514400,0.8267321586608887
2000-09-18 00:00:00,0.8269659466938336,0.9092880952095002,0.8241596863762474,424536000,0.9078850150108337
2000-09-19 00:00:00,0.8943203308872368,0.905546168884118,0.8765464204596082,271510400,0.8971273899078369
2000-09-20 00:00:00,0.8891758038226554,0.9195787445365571,0.8765467808439693,227388000,0.9137324094772339
2000-09-21 00:00:00,0.8756113201735881,0.892449682353028,0.8269659914788383,510490400,0.8484823703765869
2000-09-22 00:00:00,0.7530633983531401,0.7848694647024437,0.7483854816850581,726700800,0.7811277508735657
2000-09-25 00:00:00,0.7895466058242193,0.830707709993765,0.7792569667735249,435551200,0.8007725477218628
2000-09-26 00:00:00,0.7979663481826768,0.819482730141034,0.7689665872543019,290936800,0.7699019908905029
2000-09-27 00:00:00,0.7745791239015275,0.7895466814918553,0.722192122773868,402259200,0.7324826121330261
2000-09-28 00:00:00,0.738095063241856,0.8054504648270531,0.7203211964720249,979585600,0.8007725477218628
2000-09-29 00:00:00,0.4219021567889012,0.43406350015490924,0.3798056563107783,7421640800,0.385418176651001
2000-10-02 00:00:00,0.39945120326200867,0.4003866316504023,0.35174133286641257,2424788800,0.36296722292900085
2000-10-03 00:00:00,0.37325775185310783,0.3741931803474347,0.3320958255547296,2038120000,0.33396750688552856
2000-10-04 00:00:00,0.33490285981305434,0.3554829565063495,0.3274186341850846,1466024000,0.35361212491989136
2000-10-05 00:00:00,0.3517413964298808,0.36670897777078476,0.32928956228729095,873006400,0.33022499084472656
2000-10-06 00:00:00,0.3395800341062172,0.34332172317193854,0.3143219654932282,612656800,0.33209583163261414
2000-10-09 00:00:00,0.33864462221266556,0.34238628620592837,0.3161927897282901,597564800,0.32554787397384644
2000-10-10 00:00:00,0.3236769227787199,0.33583823898917914,0.3068376411460792,691101600,0.312451034784317
2000-10-11 00:00:00,0.30122530687304105,0.31432205934578195,0.28625772179886544,1198422400,0.2937410771846771
2000-10-12 00:00:00,0.3040315576459497,0.3115157870729029,0.2918702343887359,1191064000,0.2993544638156891
2000-10-13 00:00:00,0.303096063875092,0.3311604194021622,0.29935439960548293,1247752800,0.33022499084472656
2000-10-16 00:00:00,0.33396751242810185,0.34799968947783516,0.31993448605614416,820176000,0.3218061923980713
2000-10-17 00:00:00,0.32461248374829665,0.3283541731626656,0.2946772947688032,601720000,0.3012252449989319
2000-10-18 00:00:00,0.29093475603212937,0.3152574233801033,0.28064426706532686,834265600,0.3012252449989319
2000-10-19 00:00:00,0.28672536596377945,0.29654812818082193,0.27409631793960226,1506724800,0.2834513783454895
2000-10-20 00:00:00,0.2853222267378707,0.30496692622297494,0.28345136959089695,791263200,0.2918701767921448
2000-10-23 00:00:00,0.30332996245658395,0.30777406671726226,0.29093477698526005,551292000,0.3049669563770294
2000-10-24 00:00:00,0.30964481063782245,0.312451095834313,0.281580484849232,804451200,0.28251591324806213
2000-10-25 00:00:00,0.2853221511064275,0.2871929827774256,0.275967093469259,663969600,0.2769024968147278
2000-10-26 00:00:00,0.2815804627843708,0.2825158911099001,0.26193491918450446,721851200,0.2769024968147278
2000-10-27 00:00:00,0.2825159588050328,0.2871930515932611,0.2675475032860217,744503200,0.27783799171447754
2000-10-30 00:00:00,0.2862575515787105,0.2984188680290939,0.280644157829729,639189600,0.28906381130218506
2000-10-31 00:00:00,0.2956126018622232,0.3030959526350232,0.2881283767874099,885880800,0.2928054928779602
2000-11-01 00:00:00,0.2909347849840325,0.31245119365741725,0.2909347849840325,575366400,0.306837797164917
2000-11-02 00:00:00,0.3161927917492226,0.3358383388941173,0.3152573882349607,590693600,0.33396750688552856
2000-11-03 00:00:00,0.34425712290399413,0.34425712290399413,0.32835411511696977,515821600,0.33303120732307434
2000-11-06 00:00:00,0.3358383997509837,0.33864468574248796,0.3124511843509427,393478400,0.3208708167076111
2000-11-07 00:00:00,0.32180631197411425,0.3264834063011442,0.31151582016000395,301963200,0.31899920105934143
2000-11-08 00:00:00,0.3199344457745098,0.3208707234887026,0.2965480615109427,422088800,0.30028975009918213
2000-11-09 00:00:00,0.2974835915184192,0.3068378036942285,0.28532226886546674,476834400,0.30216071009635925
2000-11-10 00:00:00,0.2897654129810794,0.2974834775214131,0.2853221595287323,422251200,0.2853221595287323
2000-11-13 00:00:00,0.28064441956424196,0.29935457544757765,0.27316106164920223,431816000,0.28999948501586914
2000-11-14 00:00:00,0.2984190513065357,0.3068378356474511,0.2928056790900961,409001600,0.30309614539146423
2000-11-15 00:00:00,0.2998220924546635,0.3021606512884927,0.2881284739433414,282357600,0.29748353362083435
2000-11-16 00:00:00,0.2918701926755978,0.29654813515975176,0.2825159813718779,239372000,0.2843868136405945
2000-11-17 00:00:00,0.2871929827774256,0.2881284111029549,0.27316083347273157,446180000,0.2769024968147278
2000-11-20 00:00:00,0.2783057341602705,0.29187018580675805,0.2731609143172919,408066400,0.2834513783454895
2000-11-21 00:00:00,0.2871931198337491,0.29187023871338275,0.28064431906784315,301952000,0.2815805971622467
2000-11-22 00:00:00,0.2815804627843708,0.2862575794319568,0.2750316651437297,280532000,0.2769024968147278
2000-11-24 00:00:00,0.28228200031708284,0.2918700710256596,0.2815804353862142,160932800,0.28906381130218506
2000-11-27 00:00:00,0.2974836811545843,0.29841911014804484,0.2769026945335954,258792800,0.27970898151397705
2000-11-28 00:00:00,0.2797087246681185,0.284386664702354,0.26848366199437407,269124800,0.2698867917060852
2000-11-29 00:00:00,0.2708224532207969,0.2740964170427636,0.25819340063041973,492150400,0.26287052035331726
2000-11-30 00:00:00,0.24977377129253578,0.2544508661385302,0.24135411127898776,809597600,0.24696750938892365
2000-12-01 00:00:00,0.25445078979186125,0.2619350185985745,0.2516445287302535,385705600,0.2553870677947998
2000-12-04 00:00:00,0.2572578231447815,0.2572578231447815,0.24603193293735512,371520800,0.24977362155914307
2000-12-05 00:00:00,0.25351533491834866,0.2609995372342776,0.24509652845282323,613978400,0.2544507384300232
2000-12-06 00:00:00,0.218902994815946,0.22451551485595084,0.20954793710052028,1374464000,0.21422505378723145
2000-12-07 00:00:00,0.21609673479594357,0.2226446831693028,0.20954793710052028,408917600,0.21422505378723145
2000-12-08 00:00:00,0.22170927410338145,0.22919350078256873,0.21609675357562588,435624000,0.22545096278190613
2000-12-11 00:00:00,0.22732186317443848,0.23012897329839982,0.2226447451849589,332511200,0.22732186317443848
2000-12-12 00:00:00,0.228257281988855,0.2394832002454453,0.22451559234411064,386260000,0.23012898862361908
2000-12-13 00:00:00,0.23293521324256053,0.23293521324256053,0.22264472524889045,344887200,0.22451555728912354
2000-12-14 00:00:00,0.2249832200062271,0.22825718138991424,0.21609671413898468,263317600,0.21609671413898468
2000-12-15 00:00:00,0.21796766608719456,0.21983852360882838,0.20954803285760656,513945600,0.21048346161842346
2000-12-18 00:00:00,0.2179676507360249,0.2189030794309608,0.2086126018945196,325808000,0.21328970789909363
2000-12-19 00:00:00,0.21516050285224253,0.2282572517034822,0.2095479816198349,374007200,0.2095479816198349
2000-12-20 00:00:00,0.20627395067924725,0.21890298183229503,0.20393539247459708,565331200,0.21516044437885284
2000-12-21 00:00:00,0.21328972292080206,0.22451561745276866,0.2076771878260088,366844800,0.21048346161842346
2000-12-22 00:00:00,0.21141880874507113,0.22451555728912354,0.21141880874507113,318052000,0.22451555728912354
2000-12-26 00:00:00,0.2226447459328138,0.22451557814684908,0.21328968558019837,216815200,0.219838485121727
2000-12-27 00:00:00,0.2146927665699361,0.2217092663049698,0.21235420810560687,325466400,0.2217092663049698
2000-12-28 00:00:00,0.21516046827077714,0.22358012306845798,0.21422506486909504,305177600,0.2217092663049698
2000-12-29 00:00:00,0.2198384854877986,0.2245155785207089,0.21703222467203886,630336000,0.22264474630355835
2001-01-02 00:00:00,0.22264474630355835,0.22825726793507783,0.21796762829058025,452312000,0.22264474630355835
2001-01-03 00:00:00,0.2170323239776062,0.2497737887540828,0.216096894950981,817073600,0.24509666860103607
2001-01-04 00:00:00,0.2715239432014936,0.27690260190955174,0.2516445287302535,739396000,0.2553870677947998
2001-01-05 00:00:00,0.2535154798805043,0.2600642824294158,0.240418724105375,412356000,0.24509666860103607
2001-01-08 00:00:00,0.2535154637032314,0.2542170291834124,0.23854785082996172,373699200,0.24790291488170624
2001-01-09 00:00:00,0.2516444494975495,0.26403963125933266,0.2479027609334896,588929600,0.2572578191757202
2001-01-10 00:00:00,0.24977377281557384,0.2544508676900876,0.24041870876382931,580781600,0.24790291488170624
2001-01-11 00:00:00,0.2432256428615655,0.2769024850081551,0.2432256428615655,803734400,0.2694191336631775
2001-01-12 00:00:00,0.26754745648186945,0.26941916257604237,0.25538698738372134,423376800,0.2572578191757202
2001-01-16 00:00:00,0.26099959665325606,0.27316094419652587,0.2544507963581065,306118400,0.2563225030899048
2001-01-17 00:00:00,0.2628704090663511,0.2628704090663511,0.2469673993865935,840873600,0.251644492149353
2001-01-18 00:00:00,0.2666122262031793,0.28064438552735926,0.26380593922279766,1227010400,0.27970898151397705
2001-01-19 00:00:00,0.2909347482186579,0.29280560536563166,0.2797088559348015,776664000,0.2918701767921448
2001-01-22 00:00:00,0.2853223524488468,0.293741138379284,0.27596728821012306,519327200,0.2881286144256592
2001-01-23 00:00:00,0.2890639525807091,0.31338659736904384,0.28532226279399203,879530400,0.306837797164917
2001-01-24 00:00:00,0.3087095038707001,0.3096449075823267,0.29280564236742623,717091200,0.306837797164917
2001-01-25 00:00:00,0.30777405954211184,0.30777405954211184,0.2956127377658175,489708800,0.2984189987182617
2001-01-26 00:00:00,0.29187006466383864,0.29654800509628726,0.2853221171251027,482820800,0.2928054928779602
2001-01-29 00:00:00,0.29280551881155775,0.32554780737106853,0.29280551881155775,855528800,0.3246123790740967
2001-01-30 00:00:00,0.3227415885088021,0.32928953796710925,0.3124511257350273,692423200,0.32554787397384644
2001-01-31 00:00:00,0.3218061122055565,0.3367736890552286,0.3208706839288093,730704800,0.3236769437789917
2001-02-01 00:00:00,0.3096448267914554,0.3218061709926202,0.30683771710646174,369695200,0.31619277596473694
2001-02-02 00:00:00,0.3161927957240003,0.3283541406851419,0.3068377362811163,427341600,0.30870944261550903
2001-02-05 00:00:00,0.3068378036942285,0.30777408172823817,0.29561275907528567,286115200,0.30216071009635925
2001-02-06 00:00:00,0.30169289811459316,0.32016832813211604,0.29935436446561414,462711200,0.31619277596473694
2001-02-07 00:00:00,0.3091771530947438,0.312451140468311,0.2965481060145577,393887200,0.3105802834033966
2001-02-08 00:00:00,0.307774022786091,0.3152574010856166,0.30216065222923494,604128000,0.3105802834033966
2001-02-09 00:00:00,0.3068377574435329,0.3115157246387546,0.2797088550721237,590083200,0.28625765442848206
2001-02-12 00:00:00,0.2853222560640004,0.2993544355105798,0.2815805663655398,274120000,0.2946773171424866
2001-02-13 00:00:00,0.2984189752483174,0.30590235385299813,0.28438679728727834,237070400,0.28625765442848206
2001-02-14 00:00:00,0.2871930589047774,0.2937410089590514,0.2769025702143408,309120000,0.2918701767921448
2001-02-15 00:00:00,0.2946772297068541,0.3077739765977784,0.2946772297068541,311416000,0.30028975009918213
2001-02-16 00:00:00,0.2843868136405945,0.2918701926755978,0.28064427480076454,263911200,0.2843868136405945
2001-02-20 00:00:00,0.2871930283749718,0.29093471729109527,0.2722254483683505,314893600,0.27409628033638
2001-02-21 00:00:00,0.27316085487782416,0.2984189204499865,0.27316085487782416,390258400,0.28251591324806213
2001-02-22 00:00:00,0.28532228726993913,0.2899993811695003,0.2694192737248383,431961600,0.2815805971622467
2001-02-23 00:00:00,0.27877348650403316,0.2825160259341879,0.27316096383253075,293865600,0.2815805971622467
2001-02-26 00:00:00,0.2853222267378707,0.2946772868548205,0.27783799878782767,206438400,0.2918701767921448
2001-02-27 00:00:00,0.2885963538455441,0.2909349141227796,0.2797090154374129,348516000,0.28999948501586914
2001-02-28 00:00:00,0.28999928669503644,0.2909347151622386,0.27129001790919305,508233600,0.2731608748435974
2001-03-01 00:00:00,0.26661211435975946,0.2806442677974701,0.2572578783094,330461600,0.2806442677974701
2001-03-02 00:00:00,0.27409643023886265,0.3059024895748983,0.2731610262333106,406201600,0.2881286144256592
2001-03-05 00:00:00,0.28999934831928126,0.30683778872891737,0.2881285159673933,324172800,0.3049669563770294
2001-03-06 00:00:00,0.3101125741329337,0.33022497404653745,0.30964484738797526,731802400,0.3218061923980713
2001-03-07 00:00:00,0.3189991348227964,0.3236770775010446,0.3105803268140928,419540800,0.3180637061595917
2001-03-08 00:00:00,0.30964489121631283,0.31619284175196394,0.3059023772850839,204859200,0.311515748500824
2001-03-09 00:00:00,0.3087095425879772,0.3096449464169189,0.29935448011555077,299135200,0.30309614539146423
2001-03-12 00:00:00,0.2946773179855496,0.2974835790224063,0.27129007739357397,391020000,0.2787734568119049
2001-03-13 00:00:00,0.2825158574627955,0.2928054928779602,0.272225372725675,443329600,0.2928054928779602
2001-03-14 00:00:00,0.27690260359417046,0.30683779537831446,0.2759671998879904,477775200,0.3059023916721344
2001-03-15 00:00:00,0.3124511862875265,0.31993454070437805,0.2946773171424866,529317600,0.2946773171424866
2001-03-16 00:00:00,0.28438686421735787,0.30403156826522953,0.2825160316159232,470316000,0.2937410771846771
2001-03-19 00:00:00,0.2956126589828682,0.3087094059129542,0.29187012106132043,356008800,0.30777397751808167
2001-03-20 00:00:00,0.3101126271034799,0.3133865899770894,0.2946773171424866,499206400,0.2946773171424866
2001-03-21 00:00:00,0.2960804251766831,0.3124511625643436,0.2899993274335202,371375200,0.3012252449989319
2001-03-22 00:00:00,0.3049668294803773,0.32554780033248615,0.3021605696301949,723301600,0.3236769437789917
2001-03-23 00:00:00,0.3302250550358445,0.35267686856268515,0.3292896262965746,944888000,0.3442572355270386
2001-03-26 00:00:00,0.3462034187384559,0.35548303830898054,0.31626740861993446,734451200,0.32599714398384094
2001-03-27 00:00:00,0.32839183956823154,0.34500563030903275,0.3277925178793972,543821600,0.34231168031692505
2001-03-28 00:00:00,0.33048743020397664,0.3367738652299454,0.32180628055036054,584662400,0.3318344056606293
2001-03-29 00:00:00,0.32584718235884913,0.35099294747510007,0.32180628096377234,613065600,0.33722230792045593
2001-03-30 00:00:00,0.3375222212930262,0.3400661407857046,0.3194105776565698,400349600,0.330337256193161
2001-04-02 00:00:00,0.33063645519383567,0.339168419830315,0.3203090986705878,340911200,0.3231530785560608
2001-04-03 00:00:00,0.3197107504975777,0.3203092230188556,0.30129986423621086,368687200,0.30294692516326904
2001-04-04 00:00:00,0.29576189638915507,0.3030960690760012,0.28064425952822125,685484800,0.2918701767921448
2001-04-05 00:00:00,0.30833474980743664,0.33677375326331993,0.2993543668538561,446762400,0.3123764991760254
2001-04-06 00:00:00,0.31132879420228554,0.3149204531689509,0.2978573689850727,324889600,0.3081855773925781
2001-04-09 00:00:00,0.30968183604401417,0.31941072512838214,0.30025215827322055,266582400,0.30743715167045593
2001-04-10 00:00:00,0.3128249012176319,0.33976689594981907,0.3110286599885561,457374400,0.3298879563808441
2001-04-11 00:00:00,0.34395788871112065,0.3442571248920315,0.31851289624848406,334096000,0.3262963593006134
2001-04-12 00:00:00,0.3206084494831933,0.34455644234811555,0.31656752357456536,298933600,0.33557605743408203
2001-04-16 00:00:00,0.33063656978656825,0.3352768174691535,0.3122265336140168,285224800,0.32090768218040466
2001-04-17 00:00:00,0.31731511006823476,0.3174651403216463,0.29336712414389204,685199200,0.30534154176712036
2001-04-18 00:00:00,0.32285395053152516,0.3604225473021789,0.31551975292625856,1100842400,0.34111395478248596
2001-04-19 00:00:00,0.38242505653807934,0.38541821785238006,0.3532383739049431,1873670400,0.3849698007106781
2001-04-20 00:00:00,0.3731453812510113,0.38362279390730636,0.36820592358334925,693403200,0.37479159235954285
2001-04-23 00:00:00,0.36431419784178315,0.3741931379716513,0.3592246850333747,541525600,0.36296722292900085
2001-04-24 00:00:00,0.36416407753751284,0.3704505084706837,0.3518904267819544,377137600,0.3596738874912262
2001-04-25 00:00:00,0.36236788975965983,0.37209759801810016,0.3527890360815206,330780800,0.3700021207332611
2001-04-26 00:00:00,0.37673711243789676,0.3906569802573425,0.3694029396473041,799696800,0.36955296993255615
2001-04-27 00:00:00,0.37718637184042836,0.3935009535207463,0.37045067163337714,453012000,0.3921539783477783
2001-04-30 00:00:00,0.3996381617469642,0.405924620121721,0.37224689511481435,494776800,0.3815273642539978
2001-05-01 00:00:00,0.38032970013305784,0.39664426054215,0.37718645758743174,427252000,0.3881131410598755
2001-05-02 00:00:00,0.39424949079577676,0.39963821630206375,0.38556834220977276,368524800,0.3979911804199219
2001-05-03 00:00:00,0.38871153374671186,0.39290248963938784,0.3701514434787608,301543200,0.37359389662742615
2001-05-04 00:00:00,0.3628171907352976,0.386915206789283,0.3586262357659197,281052800,0.385418176651001
2001-05-07 00:00:00,0.38347283888086686,0.3855683168272049,0.3717976549102466,276550400,0.37359389662742615
2001-05-08 00:00:00,0.3794319081712153,0.38092806431681925,0.3584771040095718,315436800,0.367756724357605
2001-05-09 00:00:00,0.3613202353515615,0.3674574627404825,0.3542861236914321,324889600,0.3589255213737488
2001-05-10 00:00:00,0.3623680621803557,0.36670904905387924,0.3435087326631648,288976800,0.3442572355270386
2001-05-11 00:00:00,0.34440717895503054,0.3515913208196645,0.34066548992191825,203044800,0.3420124650001526
2001-05-14 00:00:00,0.3426109550327145,0.35443531948581986,0.3405154771716023,309220800,0.3485981523990631
2001-05-15 00:00:00,0.349795147964211,0.3816766119782477,0.34485651315483823,237025600,0.34695199131965637
2001-05-16 00:00:00,0.34814881766173106,0.3667089035368517,0.3420124155607842,322330400,0.3607217073440552
2001-05-17 00:00:00,0.3626680108565223,0.36416419178008863,0.3479996674108256,332119200,0.3524898588657379
2001-05-18 00:00:00,0.34964599268283414,0.353836974599981,0.34605350835321874,159051200,0.352190762758255
2001-05-21 00:00:00,0.35368678813734067,0.35787776850032477,0.34500564117873983,460997600,0.3526390492916107
2001-05-22 00:00:00,0.35922484831673407,0.361171145765977,0.3502444619215069,412916000,0.3517414927482605
2001-05-23 00:00:00,0.35548305123224755,0.35548305123224755,0.3421616816212242,281041600,0.3476996123790741
2001-05-24 00:00:00,0.34859827165172974,0.34874747764016817,0.3385701454122071,271756800,0.347251296043396
2001-05-25 00:00:00,0.34725121964414796,0.3485981949561317,0.33677382905950093,158743200,0.3406655490398407
2001-05-29 00:00:00,0.33407886584502217,0.33677363929282317,0.3114778608654685,515989600,0.32135677337646484
2001-05-30 00:00:00,0.31072943596407504,0.31072943596407504,0.2888769279186765,777078400,0.29606106877326965
2001-05-31 00:00:00,0.29636035121946436,0.30294687010582366,0.291720953509249,442892800,0.29860585927963257
2001-06-01 00:00:00,0.3012998265809189,0.3156689606720712,0.2990551677155678,456075200,0.3126757740974426
2001-06-04 00:00:00,0.31551980210159963,0.3159682443326817,0.30623935607674246,281920800,0.3092333674430847
2001-06-05 00:00:00,0.31132887044486834,0.3158190635094718,0.30459316867676206,471794400,0.31342434883117676
2001-06-06 00:00:00,0.31327425473955806,0.31327425473955806,0.30429387043852196,223176800,0.31028106808662415
2001-06-07 00:00:00,0.3099810000317691,0.3247993756788405,0.3060901047795341,325180800,0.32420092821121216
2001-06-08 00:00:00,0.32405086523457866,0.32405086523457866,0.3099809926531456,342624800,0.3191114068031311
2001-06-11 00:00:00,0.3150704395259343,0.3153696757029236,0.2986058300747719,294000000,0.29995280504226685
2001-06-12 00:00:00,0.29591192544227335,0.309681762724447,0.29576189515976714,303794400,0.30399462580680847
2001-06-13 00:00:00,0.32060847261929976,0.3252487206881339,0.30025213764563996,511487200,0.30638939142227173
2001-06-14 00:00:00,0.29995290297830157,0.3060901567877882,0.2959119767564354,297348800,0.2975581884384155
2001-06-15 00:00:00,0.30085139752884443,0.3105802839403552,0.28962548073790284,454624800,0.30594006180763245
2001-06-18 00:00:00,0.3054907260934493,0.3120763942792522,0.2993543242940856,345912000,0.30429378151893616
2001-06-19 00:00:00,0.3120765343787503,0.32030924156338136,0.29950363967003224,321087200,0.3021984398365021
2001-06-20 00:00:00,0.2993544682921874,0.3270449784947081,0.2990552320046179,431620000,0.32435017824172974
2001-06-21 00:00:00,0.3225538033732129,0.3442571058615657,0.31581892881978174,341331200,0.3366236984729767
2001-06-22 00:00:00,0.3364744785691822,0.3442570915452826,0.3256970060677213,286025600,0.333181232213974
2001-06-25 00:00:00,0.33677374084284745,0.3592246973987905,0.3360252382339693,439549600,0.35907551646232605
2001-06-26 00:00:00,0.3493466225801244,0.3557822615015458,0.3444071646043133,272781600,0.3554830253124237
2001-06-27 00:00:00,0.3566808957107573,0.35922479105361194,0.33677382864439565,374130400,0.34934669733047485
2001-06-28 00:00:00,0.3450055740742766,0.3578776988922005,0.34335936316321575,348409600,0.3523397445678711
2001-06-29 00:00:00,0.3541361556937,0.37568940962635977,0.34725122377392326,515390400,0.3479997515678406
2001-07-02 00:00:00,0.3538368514211455,0.36266802884776406,0.3463526240835457,230048000,0.3577285706996918
2001-07-03 00:00:00,0.35189054289405486,0.36191951410661877,0.35174136195039046,112543200,0.35683000087738037
2001-07-05 00:00:00,0.3532384046571132,0.3557822997289776,0.34440720160953486,152292000,0.3471011519432068
2001-07-06 00:00:00,0.3406654804972236,0.3436586667724747,0.32509857872788855,302920800,0.3297388255596161
2001-07-09 00:00:00,0.3306364529471806,0.34425708063111565,0.3245000511722218,337467200,0.33976688981056213
2001-07-10 00:00:00,0.34350875953450455,0.3453050016798424,0.3119273518880532,395270400,0.31641754508018494
2001-07-11 00:00:00,0.31477125739170686,0.33752230349200674,0.314321990878046,470506400,0.3373722732067108
2001-07-12 00:00:00,0.348747420764213,0.371349264107987,0.348747420764213,614801600,0.3646135628223419
2001-07-13 00:00:00,0.3611710791894503,0.37434242005349916,0.3568300677911762,454742400,0.371947705745697
2001-07-16 00:00:00,0.37239688076579086,0.37568930300152603,0.35787774385091753,278667200,0.35862624645233154
2001-07-17 00:00:00,0.3589255916544444,0.37748565904441383,0.34440724969137854,647830400,0.37568941712379456
2001-07-18 00:00:00,0.3259970808123841,0.34096465831013245,0.3056407547512313,1137012800,0.31117868423461914
2001-07-19 00:00:00,0.3177645784353736,0.32060856032121554,0.2956128447436795,861140000,0.29875606298446655
2001-07-20 00:00:00,0.29486423719226773,0.3002521388135368,0.29172101979907633,444584000,0.29905521869659424
2001-07-23 00:00:00,0.3007013836399816,0.30683778767408465,0.2920202349453095,241360000,0.29246950149536133
2001-07-24 00:00:00,0.29022404204122143,0.2981566892712854,0.2803451223275057,348376000,0.2857338488101959
2001-07-25 00:00:00,0.28618302194428513,0.2888769721343403,0.26896990824985495,443878400,0.27645328640937805
2001-07-26 00:00:00,0.27660331601437066,0.2813927435397255,0.26717364190134124,369140800,0.27824950218200684
2001-07-27 00:00:00,0.2806442177570384,0.28812844459312653,0.2769025290000722,334135200,0.28378745913505554
2001-07-30 00:00:00,0.2861830339757723,0.2897746929327893,0.27705261978988305,243359200,0.2833390533924103
2001-07-31 00:00:00,0.28842767406335373,0.2906731818705548,0.27705257779625836,235026400,0.28124353289604187
2001-08-01 00:00:00,0.28453607588017077,0.29606120729531243,0.28363836698158773,304136000,0.2852845788002014
2001-08-02 00:00:00,0.29411559505450496,0.297408016854492,0.2882784296149186,252089600,0.2966603636741638
2001-08-03 00:00:00,0.2977081933388348,0.2978573742996825,0.28438679816438384,186054400,0.2918701767921448
2001-08-06 00:00:00,0.284985185457625,0.29426480299907753,0.28438671318836195,99652000,0.2863321602344513
2001-08-07 00:00:00,0.28932638419178147,0.29441505092700027,0.28408768710733057,168548800,0.2881286144256592
2001-08-08 00:00:00,0.28827850826433793,0.29486417800300646,0.2775010335204273,276169600,0.28288978338241577
2001-08-09 00:00:00,0.28378746979350217,0.2866314501187635,0.28019581116244024,200664800,0.28513526916503906
2001-08-10 00:00:00,0.28498538451029454,0.2891763420063158,0.2782496565994563,186961600,0.2846861481666565
2001-08-13 00:00:00,0.28588305479051823,0.2893263331319894,0.2807943889533381,147996800,0.2857338488101959
2001-08-14 00:00:00,0.28737989739827213,0.289774610804974,0.2794472546744539,228950400,0.28034496307373047
2001-08-15 00:00:00,0.2807943088342676,0.2834882591357312,0.2724123723899164,289279200,0.2760048806667328
2001-08-16 00:00:00,0.27346014477036723,0.2806442879003752,0.268969952271325,288092000,0.279148131608963
2001-08-17 00:00:00,0.2694191848816395,0.2761540350060631,0.2692691296360898,208426400,0.2704669237136841
2001-08-20 00:00:00,0.27151468991903555,0.2728616650757311,0.2665752064696176,252302400,0.2712146043777466
2001-08-21 00:00:00,0.2715146499148967,0.2715146499148967,0.26492813171799834,185701600,0.268221378326416
2001-08-22 00:00:00,0.26852058110885735,0.27316082707852607,0.26358112398152816,173975200,0.2725623548030853
2001-08-23 00:00:00,0.27241238460941525,0.27450786256948245,0.2631327640757895,217078400,0.2665752172470093
2001-08-24 00:00:00,0.26941922850871086,0.2786988492342758,0.26418050852011776,290332000,0.27795034646987915
2001-08-27 00:00:00,0.2783996295378367,0.2888770201773915,0.2718139588990166,175644000,0.283189058303833
2001-08-28 00:00:00,0.2828897224503136,0.2864822049311374,0.27540549635887146,171735200,0.27540549635887146
2001-08-29 00:00:00,0.2760048714175011,0.28184203832246146,0.26687443256378174,239971200,0.26687443256378174
2001-08-30 00:00:00,0.26552745745818856,0.2721131270534051,0.2586417273131336,368692800,0.26687443256378174
2001-08-31 00:00:00,0.265377473465088,0.2783996339739017,0.26418052842566686,216904800,0.2776511311531067
2001-09-04 00:00:00,0.27690253875227755,0.28558371061213195,0.272113111027315,348213600,0.2731608748435974
2001-09-05 00:00:00,0.2730108832894955,0.28363832937715333,0.2712146413880502,360057600,0.2776511311531067
2001-09-06 00:00:00,0.275405539949563,0.2833390336923097,0.26418047301882325,282368800,0.2652282118797302
2001-09-07 00:00:00,0.2619350270549574,0.27091541246300715,0.25744483435093257,241830400,0.25864177942276
2001-09-10 00:00:00,0.25445077893021983,0.2619350074174568,0.25325385892819735,308845600,0.25998955965042114
2001-09-17 00:00:00,0.23948326147739032,0.25549861252149925,0.23544233454894217,458007200,0.25430166721343994
2001-09-18 00:00:00,0.25295455226326286,0.2652281809665188,0.2420278734809538,327101600,0.24367408454418182
2001-09-19 00:00:00,0.24696737968168458,0.2559477627778319,0.2334959557152755,373318400,0.2547508180141449
2001-09-20 00:00:00,0.24382414962920076,0.25370309108403266,0.2319997856510592,411174400,0.2346937358379364
2001-09-21 00:00:00,0.2215224224963073,0.24322573045013193,0.21972615573563212,570516800,0.23544226586818695
2001-09-24 00:00:00,0.24113013767936045,0.252055965901898,0.23873459996888102,294537600,0.24621880054473877
2001-09-25 00:00:00,0.241578628162873,0.2427763972583918,0.22975426484138534,374404800,0.23259824514389038
2001-09-26 00:00:00,0.2366392730599504,0.2378370426761045,0.22346790401455496,493796800,0.22676117718219757
2001-09-27 00:00:00,0.22825724573201936,0.23574147315505573,0.22750959237572888,322240800,0.23214899003505707
2001-09-28 00:00:00,0.23514300074910827,0.23813618712100248,0.23035274847505777,365108800,0.23214899003505707
2001-10-01 00:00:00,0.23184974250195572,0.2393339445791857,0.22795802336916549,208208000,0.23259824514389038
2001-10-02 00:00:00,0.2309520788324074,0.23693927678963833,0.22271934753279202,235883200,0.22526411712169647
2001-10-03 00:00:00,0.2237670653950345,0.22990431804605688,0.2219708237435889,683043200,0.22421635687351227
2001-10-04 00:00:00,0.22975431593642903,0.2432257427829933,0.22436641466367122,401122400,0.23768696188926697
2001-10-05 00:00:00,0.230502791615648,0.24172868373572148,0.22436638825672398,342686400,0.24157865345478058
2001-10-08 00:00:00,0.23304754274202136,0.24472187735843717,0.231999803771716,207984000,0.2424771934747696
2001-10-09 00:00:00,0.2402317102841868,0.2424772187440928,0.2339452758072253,174025600,0.23948320746421814
2001-10-10 00:00:00,0.2409800815443002,0.2522059940106379,0.23873457431029887,307759200,0.2517567276954651
2001-10-11 00:00:00,0.2532538548773831,0.26552748680114746,0.25220611586367475,334163200,0.26552748680114746
2001-10-12 00:00:00,0.259091109254689,0.2706162422678142,0.25235538140284,287812000,0.2695685029029846
2001-10-15 00:00:00,0.2686707553852806,0.2751063966514113,0.2686707553852806,318752000,0.2692692279815674
2001-10-16 00:00:00,0.2707662726095915,0.2724124846564559,0.2659760181257012,202949600,0.2695685029029846
2001-10-17 00:00:00,0.274507950540678,0.27555571483655494,0.25385240055166836,285538400,0.25430166721343994
2001-10-18 00:00:00,0.2587916921175333,0.2728615856937299,0.2587916921175333,612572800,0.2694191336631775
2001-10-19 00:00:00,0.2685206402998663,0.275405546011032,0.26762293168881984,166790400,0.27390938997268677
2001-10-22 00:00:00,0.27256254236532196,0.28543465119702377,0.27076627498087225,391938400,0.2846861481666565
2001-10-23 00:00:00,0.28618296594274634,0.29067315682823264,0.2674728505408237,684980800,0.2715146243572235
2001-10-24 00:00:00,0.27031690319247637,0.28573377644477493,0.26567668081388646,374427200,0.2836382985115051
2001-10-25 00:00:00,0.27600486831573945,0.2881284684720021,0.27181391277113903,254951200,0.2872307598590851
2001-10-26 00:00:00,0.28229129753628857,0.28812846429094685,0.2786988144524302,278964000,0.2794473171234131
2001-10-29 00:00:00,0.2779502351388244,0.27944724006800264,0.26343190023988555,239181600,0.26388034224510193
2001-10-30 00:00:00,0.2601386606435648,0.2694191272018112,0.255349233963047,276763200,0.2634319067001343
2001-10-31 00:00:00,0.26537747575270637,0.2754056000847147,0.261037313433921,273750400,0.26283273100852966
2001-11-01 00:00:00,0.26418045578351623,0.28109350736215166,0.25819325920577924,312995200,0.27824950218200684
2001-11-02 00:00:00,0.2772018187254143,0.282291332766479,0.2718139427494292,197204000,0.27795034646987915
2001-11-05 00:00:00,0.28199212035549265,0.28812852459442495,0.278548817499815,235793600,0.2854345738887787
2001-11-06 00:00:00,0.2837875220032879,0.2936664398259586,0.2773518818629683,316019200,0.292917937040329
2001-11-07 00:00:00,0.2912716751225562,0.3012997971619591,0.28932622769033334,382989600,0.29321712255477905
2001-11-08 00:00:00,0.29381641256433194,0.2977081566619565,0.2779502999069104,342143200,0.2800457775592804
2001-11-09 00:00:00,0.27839956635873636,0.28812845198158094,0.2776510637197309,134293600,0.2800457775592804
2001-11-12 00:00:00,0.27929731755854065,0.2869307266943516,0.26881990271711675,201499200,0.2806442677974701
2001-11-13 00:00:00,0.2855837838691517,0.2902240068604473,0.2800458520774438,224672000,0.2899247705936432
2001-11-14 00:00:00,0.2932171118114161,0.29785733350410454,0.28663144275778524,221149600,0.29351717233657837
2001-11-15 00:00:00,0.29112157225608826,0.2978572701393803,0.2878291506007378,213029600,0.29112157225608826
2001-11-16 00:00:00,0.28842770559143016,0.28872694179668523,0.2754055474587078,230664000,0.2839375138282776
2001-11-19 00:00:00,0.28438685428423244,0.30010296669461495,0.28378755737566513,332589600,0.2993544638156891
2001-11-20 00:00:00,0.29666048818330254,0.3023476007924693,0.2918702100461004,276584000,0.29231947660446167
2001-11-21 00:00:00,0.2935171046077983,0.29636025986186604,0.2882784117578126,201583200,0.2945648431777954
2001-11-23 00:00:00,0.2950133668031358,0.29860584984908095,0.29291788908335775,60004000,0.29695963859558105
2001-11-26 00:00:00,0.2984559066485058,0.32255393243616365,0.2975581977961998,460689600,0.31985998153686523
2001-11-27 00:00:00,0.3173151513584216,0.3221054036442439,0.30683773753774324,268553600,0.31432196497917175
2001-11-28 00:00:00,0.31207643518000905,0.3174651594975453,0.30549076613108794,250611200,0.3072870075702667
2001-11-29 00:00:00,0.3083347067251307,0.30983171178892743,0.3021983049107566,202764800,0.3056407570838928
2001-11-30 00:00:00,0.30638929651372715,0.3209076094865859,0.30309602486510984,303912000,0.31881213188171387
2001-12-03 00:00:00,0.3152195965956244,0.318512842716343,0.30833469256552626,181165600,0.31507039070129395
2001-12-04 00:00:00,0.3150705376478356,0.33767155662109205,0.3101310783340096,380419200,0.33527684211730957
2001-12-05 00:00:00,0.3346782783984015,0.3596740050656944,0.33183429809298165,568579200,0.35563308000564575
2001-12-06 00:00:00,0.3514421485598601,0.3517413847688497,0.3313850541557561,338934400,0.34096473455429077
2001-12-07 00:00:00,0.3361745039510241,0.33991701766115323,0.32928957269188197,203515200,0.3373722732067108
2001-12-10 00:00:00,0.3336305838388085,0.3441079735427164,0.33273205081148677,170010400,0.3373722732067108
2001-12-11 00:00:00,0.339317688768429,0.3420124632532869,0.324050847190148,205475200,0.32599714398384094
2001-12-12 00:00:00,0.3273440932620348,0.32809259587428635,0.3180636251005529,192460800,0.32165610790252686
2001-12-13 00:00:00,0.3216561371676008,0.32255384577872803,0.30683773753774324,197842400,0.31432196497917175
2001-12-14 00:00:00,0.31028097449359976,0.3117771551976422,0.3007012712977394,189884800,0.3051914870738983
2001-12-17 00:00:00,0.30534144283812364,0.31432182223987737,0.3021982276133313,173712000,0.30863386392593384
2001-12-18 00:00:00,0.31267586686477433,0.31926153875662044,0.3026468915484626,235239200,0.31447210907936096
2001-12-19 00:00:00,0.30803552124475286,0.32450010662853523,0.3063893100090139,289956800,0.3236015737056732
2001-12-20 00:00:00,0.32030927670090886,0.3213570159598984,0.30863411452540207,220864000,0.3093826174736023
2001-12-21 00:00:00,0.3144719952521058,0.322404639847953,0.3113287785999219,256334400,0.31432196497917175
2001-12-24 00:00:00,0.31282491307003396,0.32105761698672064,0.31282491307003396,50629600,0.3197106420993805
2001-12-26 00:00:00,0.31956063032505605,0.3337797319116471,0.3164174139588498,146400800,0.32165610790252686
2001-12-27 00:00:00,0.32300306020650243,0.333031180954536,0.32300306020650243,191508800,0.330337256193161
2001-12-28 00:00:00,0.3288402679200748,0.34425713943399955,0.3286910869744294,299124000,0.3357260227203369
2001-12-31 00:00:00,0.33692293297666415,0.3391684407114402,0.32674475674796766,137782400,0.3277924954891205
2002-01-02 00:00:00,0.3300381013901807,0.3487473726272583,0.3286911261874408,529496800,0.3487473726272583
2002-01-03 00:00:00,0.3442572053711078,0.35548309866113675,0.3408147519727262,612007200,0.35293835401535034
2002-01-04 00:00:00,0.3493466596610522,0.3584770989180121,0.3441079649400649,409976000,0.3545853793621063
2002-01-07 00:00:00,0.3550338174205645,0.3592247734438099,0.3405155016295737,444584000,0.34276100993156433
2002-01-08 00:00:00,0.3405154215668574,0.3450056127728405,0.33617443627390586,450038400,0.33841994404792786
2002-01-09 00:00:00,0.3412639255376385,0.3432093728093393,0.31851288392551236,327835200,0.32405081391334534
2002-01-10 00:00:00,0.3176151657244485,0.32120682398890527,0.30309600440932194,452737600,0.31776437163352966
2002-01-11 00:00:00,0.3201590536057235,0.3268947517414912,0.30833469256552626,348801600,0.31507039070129395
2002-01-14 00:00:00,0.3144720027460591,0.3203091697128849,0.3128249670731713,415996000,0.31656748056411743
2002-01-15 00:00:00,0.31911136857939176,0.3256970375850802,0.3174651574134937,290320800,0.3247993290424347
2002-01-16 00:00:00,0.3204583689320292,0.3204583689320292,0.3068377384200032,566893600,0.31102871894836426
2002-01-17 00:00:00,0.32869104093416895,0.34036537255807225,0.3273440660807967,660576000,0.3364744782447815
2002-01-18 00:00:00,0.3292896357388883,0.33827004665823457,0.3286911881476449,338811200,0.3318344056606293
2002-01-22 00:00:00,0.33333115178705536,0.3348273320499131,0.3265954554080963,327314400,0.3265954554080963
2002-01-23 00:00:00,0.3262963596452298,0.34485642196016775,0.3231531182491387,443279200,0.34455636143684387
2002-01-24 00:00:00,0.34291011669240257,0.3518904986182664,0.3427609107874474,344002400,0.3474003076553345
2002-01-25 00:00:00,0.34261100093345276,0.3505436469440848,0.33916854746359937,185914400,0.3479997515678406
2002-01-28 00:00:00,0.3502443548117653,0.35248988787514274,0.34006620198333376,186446400,0.34829890727996826
2002-01-29 00:00:00,0.3475504445118518,0.3523398730958461,0.34201251314743286,240324000,0.345304936170578
2002-01-30 00:00:00,0.34530490955202897,0.36132025490334624,0.3433594619467093,471576000,0.36057257652282715
2002-01-31 00:00:00,0.3616202115939049,0.3701513266296246,0.3608717090861811,468445600,0.3700021207332611
2002-02-01 00:00:00,0.36431421993066826,0.3735938389713893,0.36431421993066826,398305600,0.3653619587421417
2002-02-04 00:00:00,0.36401505900796377,0.3819758284368471,0.36221881719662097,522373600,0.37943193316459656
2002-02-05 00:00:00,0.37554010978342933,0.3888615030980825,0.3753900795212452,456887200,0.38092800974845886
2002-02-06 00:00:00,0.38317362322353665,0.38886158490960915,0.36147031487087117,597576000,0.3692537546157837
2002-02-07 00:00:00,0.368954431978531,0.3785332869518625,0.36042249144720734,347832800,0.3637157380580902
2002-02-08 00:00:00,0.36521181602637465,0.3688042978001432,0.3497949498042308,355331200,0.3596738874912262
2002-02-11 00:00:00,0.35817714599372436,0.3741933466100777,0.35533401365158945,398602400,0.37389326095581055
2002-02-12 00:00:00,0.36910365280783314,0.37479161339185757,0.36596043632857445,224280000,0.3698521554470062
2002-02-13 00:00:00,0.37015136731917203,0.37778477478992034,0.3689544226488128,312872000,0.37434232234954834
2002-02-14 00:00:00,0.3749408400052668,0.37763563950348716,0.3649127176396028,260170400,0.3682059645652771
2002-02-15 00:00:00,0.3671582205254259,0.3738930958708449,0.35698006802972354,260187200,0.3577285706996918
2002-02-19 00:00:00,0.35563314388096323,0.35727935538531297,0.33647458030670757,390258400,0.3385700583457947
2002-02-20 00:00:00,0.3408147213303034,0.3472511853432153,0.3345282876004793,285443200,0.34620344638824463
2002-02-21 00:00:00,0.3430602062815182,0.34425715109627075,0.3210576647377061,446751200,0.3218061923980713
2002-02-22 00:00:00,0.3242008571105242,0.34350859622313407,0.32180614350271397,406476000,0.34036538004875183
2002-02-25 00:00:00,0.3420124908015642,0.37000223136096355,0.3346783181117686,426848800,0.3563816249370575
2002-02-26 00:00:00,0.3578776727278174,0.3647634006871425,0.34799958364166955,260131200,0.3542860150337219
2002-02-27 00:00:00,0.35832701228966934,0.36296723383921525,0.3134242250715377,1030159200,0.3286910653114319
2002-02-28 00:00:00,0.3315350532896756,0.33812072229536394,0.3195606350217626,456937600,0.3247993290424347
2002-03-01 00:00:00,0.32824184156804503,0.3517414159521907,0.32659565508164007,348992000,0.350992888212204
2002-03-04 00:00:00,0.34814887091191143,0.3679067287844153,0.3406654927828412,348258400,0.36356574296951294
2002-03-05 00:00:00,0.3614703855435878,0.3656613424806609,0.35024446529029185,274702400,0.352190762758255
2002-03-06 00:00:00,0.35144214369806276,0.36431424655958583,0.3432094135448925,226206400,0.36027249693870544
2002-03-07 00:00:00,0.3601232023447388,0.36715813662427493,0.35338747921632113,258249600,0.36491262912750244
2002-03-08 00:00:00,0.3703014093684858,0.3755401033233141,0.3637157404455711,269774400,0.36910364031791687
2002-03-11 00:00:00,0.3682060493889021,0.37628875110112625,0.3607218452021386,262785600,0.37509095668792725
2002-03-12 00:00:00,0.36685890480600253,0.37030135686795684,0.3607216788478488,254055200,0.3700021207332611
2002-03-13 00:00:00,0.3647635812582758,0.37194772454478514,0.361470333704678,200765600,0.3665589988231659
2002-03-14 00:00:00,0.36371584538457663,0.3682060380210669,0.3572793805221357,217296800,0.36566129326820374
2002-03-15 00:00:00,0.36611041621650775,0.3735937928942995,0.36296720016975514,240900800,0.3734445869922638
2002-03-18 00:00:00,0.37344476218763084,0.37494094361989755,0.36401510962360917,304556000,0.3703015446662903
2002-03-19 00:00:00,0.36955299143789494,0.3786834314517732,0.3637158237912351,242345600,0.371947705745697
2002-03-20 00:00:00,0.3691037753853509,0.3762887686138859,0.3667090607499925,294319200,0.3729954957962036
2002-03-21 00:00:00,0.357129245639284,0.363715764316628,0.3481488623679249,616352800,0.3632664978504181
2002-03-22 00:00:00,0.3625180241281469,0.36760668856358686,0.35727932941127966,202193600,0.36057257652282715
2002-03-25 00:00:00,0.36027247763990394,0.36057253817084267,0.3478496169421298,262830400,0.3494958281517029
2002-03-26 00:00:00,0.3472511097694471,0.35383680327002615,0.3442570994970076,257840800,0.35114285349845886
2002-03-27 00:00:00,0.3494958915305195,0.35503382288326635,0.34814891626550193,127702400,0.35129213333129883
2002-03-28 00:00:00,0.3547344320517334,0.3574292307297481,0.3511427993376957,108455200,0.3542860150337219
2002-04-01 00:00:00,0.3499451282080123,0.3697021626263945,0.34844812277804693,199046400,0.36611050367355347
2002-04-02 00:00:00,0.35922473307058383,0.3637157741498858,0.35727931054804324,203795200,0.36027249693870544
2002-04-03 00:00:00,0.3599732418135565,0.36655891100059834,0.353238366703013,214530400,0.3554830253124237
2002-04-04 00:00:00,0.35428604259481716,0.37494075505386704,0.35428604259481716,338497600,0.37269607186317444
2002-04-05 00:00:00,0.37344476218763084,0.37703642196745796,0.3607218617878485,278348000,0.3703015446662903
2002-04-08 00:00:00,0.3616203848257644,0.36940300108197127,0.35593242251585794,261514400,0.3676067590713501
2002-04-09 00:00:00,0.36805587842037496,0.37419312984341746,0.3593747324605319,191531200,0.3607217073440552
2002-04-10 00:00:00,0.3623679411353989,0.37344462574138276,0.3593747550221052,224980000,0.36910364031791687
2002-04-11 00:00:00,0.3746417108713115,0.3771864558437762,0.37045075413661416,407254400,0.37209779024124146
2002-04-12 00:00:00,0.37434245383501596,0.37673716835892257,0.36775678280868557,320241600,0.37509095668792725
2002-04-15 00:00:00,0.37509093491887935,0.37643791023900597,0.3711992149150129,299370400,0.3741932511329651
2002-04-16 00:00:00,0.376437930704031,0.3890108251452087,0.37598866412546406,614577600,0.3852691352367401
2002-04-17 00:00:00,0.3881129932458157,0.39170465170826907,0.3798802638671934,396250400,0.3908069431781769
2002-04-18 00:00:00,0.3816765890011683,0.38197582524351176,0.37239696811945966,401710400,0.3803296387195587
2002-04-19 00:00:00,0.3815275219350157,0.3815275219350157,0.37314558229786754,375407200,0.37389326095581055
2002-04-22 00:00:00,0.3717976620764588,0.37314546164699347,0.3626680717133571,269427200,0.36715826392173767
2002-04-23 00:00:00,0.3673073838321825,0.3708998664943032,0.360572509268271,233469600,0.36296722292900085
2002-04-24 00:00:00,0.36371576416197915,0.3667089504704462,0.35443529537560137,140448000,0.35578227043151855
2002-04-25 00:00:00,0.3526391048047133,0.3643142891931812,0.3524899238359771,194202400,0.3610210418701172
2002-04-26 00:00:00,0.36341570126189265,0.36476350065119184,0.34425714074255975,304981600,0.34440717101097107
2002-04-29 00:00:00,0.3466518285337886,0.36012325165515957,0.34560408976022344,272288800,0.35862624645233154
2002-04-30 00:00:00,0.35757853708555876,0.36491270910366796,0.3554830343860341,280963200,0.3632664978504181
2002-05-01 00:00:00,0.3635657433982265,0.3635657433982265,0.3496458766868889,214704000,0.3589255213737488
2002-05-02 00:00:00,0.3563816210296172,0.36431426608076756,0.3532384041970248,239344000,0.3545853793621063
2002-05-03 00:00:00,0.3527891517879876,0.35952485222468267,0.35069364883581366,230781600,0.35189059376716614
2002-05-06 00:00:00,0.3494958224340258,0.35174135530668615,0.33617445402567037,249664800,0.33901843428611755
2002-05-07 00:00:00,0.3433594490778273,0.3435086550114567,0.33138505464743573,242748800,0.3363245129585266
2002-05-08 00:00:00,0.34725123425590043,0.36700827188023494,0.3448565197846864,436682400,0.3647635877132416
2002-05-09 00:00:00,0.36296727548030455,0.36446345652109907,0.3562315755991298,224616000,0.3620687425136566
2002-05-10 00:00:00,0.36356573626436534,0.36356573626436534,0.3439579090266153,235396000,0.3490474224090576
2002-05-13 00:00:00,0.3520405731482201,0.36057253907049436,0.34335942628228644,265608000,0.3583270311355591
2002-05-14 00:00:00,0.365960479708632,0.3843705143145381,0.36251802663406685,526506400,0.3833227753639221
2002-05-15 00:00:00,0.3797311481138119,0.3888615626097712,0.37179765355003985,335826400,0.37838417291641235
2002-05-16 00:00:00,0.3750908795909747,0.3809280465646105,0.37045065746209516,227052000,0.37733641266822815
2002-05-17 00:00:00,0.3815273127200041,0.38586747366314555,0.3683551259715737,236493600,0.37434232234954834
2002-05-20 00:00:00,0.3677567997178564,0.3731455259011775,0.3671583271449497,269914400,0.3703015446662903
2002-05-21 00:00:00,0.37164836162812076,0.37419313047134894,0.3502442956998512,280991200,0.35114285349845886
2002-05-22 00:00:00,0.34979520015279936,0.3647636351225233,0.349047546541585,290875200,0.364015132188797
2002-05-23 00:00:00,0.3659604864457393,0.3777848513429116,0.360272525082766,369398400,0.37688714265823364
2002-05-24 00:00:00,0.3740431492902017,0.3740431492902017,0.3586263014927629,166174400,0.3614702820777893
2002-05-28 00:00:00,0.3545853598958886,0.3622187683070919,0.35069361557356704,149716000,0.3589255213737488
2002-05-29 00:00:00,0.35802781276037937,0.36581125144489146,0.3509928517780235,221793600,0.3589255213737488
2002-05-30 00:00:00,0.3557823959381372,0.3649128376760045,0.35189067532478,196375200,0.3622188866138458
2002-05-31 00:00:00,0.36057258688719357,0.36296730106342334,0.34844813639800826,365495200,0.3487473726272583
2002-06-03 00:00:00,0.3500951312512945,0.3509928147899995,0.3379706830443839,235110400,0.34291014075279236
2002-06-04 00:00:00,0.34246091559923875,0.3448564539555026,0.3319835015936694,347821600,0.34096473455429077
2002-06-05 00:00:00,0.3417132301628556,0.3417132301628556,0.3345282639273825,277082400,0.34006619453430176
2002-06-06 00:00:00,0.34365880932437515,0.34769973612348626,0.32988814334488137,259996800,0.331684410572052
2002-06-07 00:00:00,0.32569709279560977,0.3283918925446107,0.3132742553016288,612376800,0.32030919194221497
2002-06-10 00:00:00,0.321506142616272,0.32689486790823796,0.31941066461532697,277575200,0.321506142616272
2002-06-11 00:00:00,0.3239016249325951,0.32479930843823096,0.3054907447463125,349496000,0.3062392473220825
2002-06-12 00:00:00,0.30549074258976133,0.31058023033225196,0.2984557826575754,528718400,0.3007012903690338
2002-06-13 00:00:00,0.299653644584723,0.3001029361148444,0.2900739627899471,352083200,0.29246950149536133
2002-06-14 00:00:00,0.2879783948401027,0.3047422144945066,0.2710653442970292,424900000,0.30085134506225586
2002-06-17 00:00:00,0.3029469585809328,0.30878412716307224,0.29710894067631366,324609600,0.30743715167045593
2002-06-18 00:00:00,0.30564080007879285,0.30818554417682087,0.29905513095046576,353360000,0.30159902572631836
2002-06-19 00:00:00,0.259989497028258,0.2634319495360185,0.2526553255815279,1709467200,0.25624698400497437
2002-06-20 00:00:00,0.25699565168768884,0.2634321187484633,0.2522062211519435,396636800,0.2560979425907135
2002-06-21 00:00:00,0.2540023286943372,0.26178494309305994,0.25130752917032234,445177600,0.25220608711242676
2002-06-24 00:00:00,0.2510083305592595,0.26537746600462436,0.24996059150806388,431933600,0.2584925591945648
2002-06-25 00:00:00,0.2604379179443278,0.2646288727160291,0.2523552195699847,301201600,0.2565461993217468
2002-06-26 00:00:00,0.25145765506047685,0.2587918293805529,0.2391839961080975,558952800,0.24771596491336823
2002-06-27 00:00:00,0.2513075335568797,0.25849252499000086,0.24576960278225557,251658400,0.2553493082523346
2002-06-28 00:00:00,0.25594776805904523,0.2667243928652111,0.25445073775135874,269858400,0.2652282118797302
2002-07-01 00:00:00,0.26507819467718036,0.2676229389911525,0.2551992779753204,222689600,0.2553493082523346
2002-07-02 00:00:00,0.2549001276626725,0.256846400208828,0.2519069401933415,305188800,0.2535531520843506
2002-07-03 00:00:00,0.25160753377733497,0.26462883845949053,0.2507089761242241,199029600,0.2626833915710449
2002-07-05 00:00:00,0.2650782606809324,0.2806443179681545,0.2650782606809324,161649600,0.28049513697624207
2002-07-08 00:00:00,0.277201914797809,0.278548890503656,0.26462904241985424,211204000,0.2695685029029846
2002-07-09 00:00:00,0.2707661776399706,0.27375936434283954,0.2613365266638983,226749600,0.2623842656612396
2002-07-10 00:00:00,0.26507808999331745,0.27196299317337824,0.25819318681325665,206880800,0.25924092531204224
2002-07-11 00:00:00,0.25834248766387924,0.2746578926529716,0.25400232619725,373676800,0.27390938997268677
2002-07-12 00:00:00,0.2776510365208283,0.28124351909928696,0.25834244810909185,443492000,0.2620849609375
2002-07-15 00:00:00,0.260887296965138,0.27839965113596477,0.2516076749683234,295993600,0.2728617191314697
2002-07-16 00:00:00,0.2716640155863992,0.2779504775411629,0.2635813359985715,446768000,0.2673238515853882
2002-07-17 00:00:00,0.24142940742568642,0.24247714619168254,0.22735953704171974,1215485600,0.23394520580768585
2002-07-18 00:00:00,0.23199975952679222,0.23289746804061093,0.22077386922267545,559462400,0.22436635196208954
2002-07-19 00:00:00,0.22002541133447584,0.22706037376495686,0.2174806665595266,385207200,0.223917156457901
2002-07-22 00:00:00,0.2207739363778857,0.22735960717533354,0.21867843321943103,430897600,0.2233186811208725
2002-07-23 00:00:00,0.2230185790480835,0.22646188164577696,0.21613367249735244,399890400,0.21658293902873993
2002-07-24 00:00:00,0.21448748641299592,0.2278088838834221,0.2132897169681639,406593600,0.22750964760780334
2002-07-25 00:00:00,0.22346786700786828,0.22376710327673396,0.20969805258601468,479354400,0.2149367481470108
2002-07-26 00:00:00,0.21643288030791138,0.21748061918201653,0.2065547883107423,207704000,0.2146366387605667
2002-07-29 00:00:00,0.21673209848604905,0.22601256663197009,0.21508588734710624,274960000,0.224814772605896
2002-07-30 00:00:00,0.22227094969067815,0.2321490440560685,0.21792993790194926,354838400,0.23095209896564484
2002-07-31 00:00:00,0.2305027562150916,0.23080199238881383,0.22301852952366719,310699200,0.22840727865695953
2002-08-01 00:00:00,0.22616174821532106,0.23080199479157687,0.22047463715130303,228956000,0.22152237594127655
2002-08-02 00:00:00,0.2206238405271704,0.22451555990603442,0.21328966825143367,179060000,0.2162836790084839
2002-08-05 00:00:00,0.21718144214382581,0.22002542334000819,0.2090987651500379,204024800,0.20939800143241882
2002-08-06 00:00:00,0.21269117703123297,0.22795801762745624,0.2107457296848973,272053600,0.22062382102012634
2002-08-07 00:00:00,0.22586246596295784,0.22990423936102447,0.21478660796900248,333474400,0.22496478259563446
2002-08-08 00:00:00,0.22107304195448788,0.2302034781092935,0.22107304195448788,227348800,0.22900570929050446
2002-08-09 00:00:00,0.22825724634965508,0.22825724634965508,0.2207738932086574,205716000,0.22451555728912354
2002-08-12 00:00:00,0.22301852769819433,0.22481476906790135,0.2198753113867244,179765600,0.22436635196208954
2002-08-13 00:00:00,0.22301858292029675,0.22765883055924505,0.21777988777068252,269869600,0.2183791846036911
2002-08-14 00:00:00,0.2195760620107584,0.22975423791236077,0.2176306148434435,399084000,0.22706028819084167
2002-08-15 00:00:00,0.22825731373131306,0.23574154338394865,0.22466567886356606,322078400,0.23364606499671936
2002-08-16 00:00:00,0.23125125716501557,0.24098014228068748,0.22870651319347862,245224000,0.23663915693759918
2002-08-19 00:00:00,0.23619074608906016,0.24322570722892337,0.23529221311341228,216557600,0.2391839325428009
2002-08-20 00:00:00,0.23903477997668257,0.24083019764447527,0.23244828449198848,186625600,0.23813624680042267
2002-08-21 00:00:00,0.23963324141554862,0.2430756949659943,0.2312513286519155,202428800,0.2412794530391693
2002-08-22 00:00:00,0.24247713481880007,0.24322566235976123,0.23439446123992153,258311200,0.23903468251228333
2002-08-23 00:00:00,0.2379870104192347,0.23843545260769275,0.2312513098275239,163245600,0.23544226586818695
2002-08-26 00:00:00,0.23873468398835743,0.23873468398835743,0.22691031887747523,189968800,0.2324482500553131
2002-08-27 00:00:00,0.23514300921582043,0.23559145136534945,0.22017542813310292,262231200,0.2222709059715271
2002-08-28 00:00:00,0.2215224058941748,0.22631183405534072,0.21927687277107621,247973600,0.22002537548542023
2002-08-29 00:00:00,0.21927687277107621,0.2257133616207441,0.2171813949077916,164169600,0.22002537548542023
2002-08-30 00:00:00,0.22047460977134964,0.2266110114896717,0.21822907723074292,193519200,0.220773845911026
2002-09-03 00:00:00,0.21688215143458833,0.21777986005644998,0.21029648184776306,276936800,0.21029648184776306
2002-09-04 00:00:00,0.21254117370785816,0.22122317074237394,0.212092731550849,420660800,0.21673212945461273
2002-09-05 00:00:00,0.2128412594025191,0.2149367375233445,0.2102965147294318,226178400,0.21224196255207062
2002-09-06 00:00:00,0.2171814111932005,0.21927688921361516,0.2129904551523712,181591200,0.21523596346378326
2002-09-09 00:00:00,0.21373893367343616,0.2174806227590241,0.21179348616473653,158244800,0.21508590877056122
2002-09-10 00:00:00,0.2156843932246733,0.21688216245686343,0.21134423148518192,249468800,0.2144874483346939
2002-09-11 00:00:00,0.2146366663259379,0.21852838612129888,0.21179350988149814,202412000,0.2138889878988266
2002-09-12 00:00:00,0.2125411810009032,0.21718140340608985,0.21134423608487352,269830400,0.21164347231388092
2002-09-13 00:00:00,0.21149340093658744,0.21463661724380362,0.2102964562531157,282951200,0.21209269762039185
2002-09-16 00:00:00,0.21164350283618866,0.2186784404302115,0.2113442665640267,286641600,0.21703225374221802
2002-09-17 00:00:00,0.2180799233945186,0.22496482848803448,0.2180799233945186,427996800,0.22152237594127655
2002-09-18 00:00:00,0.21987531484698494,0.22586251139287464,0.21733139518009584,328641600,0.224814772605896
2002-09-19 00:00:00,0.2207738841301267,0.22152238677988537,0.2167321097097905,205945600,0.21822911500930786
2002-09-20 00:00:00,0.21882759778289534,0.22361787508044784,0.21733141675445986,352788800,0.22257013618946075
2002-09-23 00:00:00,0.2209230815163139,0.22391711731823566,0.21628368368993653,263709600,0.2222709059715271
2002-09-24 00:00:00,0.2155351620171838,0.22182161995930866,0.2155351620171838,250661600,0.21912766993045807
2002-09-25 00:00:00,0.21987534357788505,0.22706033508870477,0.21927687114771904,254682400,0.22346782684326172
2002-09-26 00:00:00,0.2260125978380424,0.22735957298698303,0.21777986734238822,208644800,0.22002537548542023
2002-09-27 00:00:00,0.21688215278486545,0.22227090255615714,0.21673212250920335,206152800,0.22032460570335388
2002-09-30 00:00:00,0.21553522305898945,0.2180799928659587,0.21164350283618866,237697600,0.21703225374221802
2002-10-01 00:00:00,0.21837918368447012,0.2185283896353889,0.20954800494307232,342423200,0.21718141436576843
2002-10-02 00:00:00,0.21448741132940388,0.21897760257656004,0.2110449588513198,229348000,0.21209269762039185
2002-10-03 00:00:00,0.212241921900827,0.21852835505924634,0.21044568037811576,217896000,0.2140381634235382
2002-10-04 00:00:00,0.21493672529802882,0.21553519777213925,0.20939796971462935,190825600,0.2099972665309906
2002-10-07 00:00:00,0.209098731852698,0.21269121535394564,0.20595550238463342,244697600,0.2061055451631546
2002-10-08 00:00:00,0.20805096223551367,0.2089494951496863,0.19996827522854316,453644800,0.20475853979587555
2002-10-09 00:00:00,0.20266310612410723,0.20730249211021945,0.2007168214588443,356686400,0.20341160893440247
2002-10-10 00:00:00,0.20401001671710756,0.21284119299739926,0.20326151414429836,321574400,0.21119415760040283
2002-10-11 00:00:00,0.21328969450782587,0.2212231894969689,0.21104501050588184,294677600,0.21718141436576843
2002-10-14 00:00:00,0.21777985898301733,0.2242163475856238,0.21613364767996737,194404000,0.22107310593128204
2002-10-15 00:00:00,0.22780884100351018,0.2282572581812838,0.2212231711524316,405518400,0.2269103080034256
2002-10-16 00:00:00,0.22242009167906118,0.22646186648654418,0.20805098271685613,307624800,0.2179298996925354
2002-10-17 00:00:00,0.2126911627460212,0.21523590662516434,0.20924871038473136,469296800,0.21119415760040283
2002-10-18 00:00:00,0.20954797466154937,0.21478666903207508,0.20850023578744423,288299200,0.2146366387605667
2002-10-21 00:00:00,0.21343970770600962,0.21897763863413156,0.20954798815976614,238520800,0.2179298996925354
2002-10-22 00:00:00,0.21658292247319494,0.2227193257833015,0.21343970567826798,218148000,0.22002537548542023
2002-10-23 00:00:00,0.21897762272101043,0.22421634202835988,0.2170322002404316,209036800,0.22271931171417236
2002-10-24 00:00:00,0.2248148243924063,0.2276588302125452,0.21777988743902724,174748000,0.21987536549568176
2002-10-25 00:00:00,0.21987532002667143,0.2312512660145372,0.21837913911151485,279070400,0.2308019995689392
2002-10-28 00:00:00,0.23274835612036504,0.23873473064753223,0.22825731373131306,349300000,0.23364606499671936
2002-10-29 00:00:00,0.23304744133287414,0.2376868373666886,0.2239170308015079,259179200,0.2311011701822281
2002-10-30 00:00:00,0.23184976017184758,0.24502109951579407,0.23170055423735927,270676000,0.2391839325428009
2002-10-31 00:00:00,0.2393340373959708,0.24606891510102072,0.23828629815935903,295836800,0.24053098261356354
2002-11-01 00:00:00,0.23858549491042141,0.24696743239380983,0.23783699210229656,189828800,0.24487192928791046
2002-11-04 00:00:00,0.24696743916865854,0.2601387807945349,0.2447219057026145,376818400,0.25280460715293884
2002-11-05 00:00:00,0.25070912816359653,0.25385237072171646,0.24472192929935407,210694400,0.2529546618461609
2002-11-06 00:00:00,0.25564856606332265,0.2592410495933706,0.24996057955105372,216389600,0.25774404406547546
2002-11-07 00:00:00,0.2535531070381486,0.2559478214566607,0.23663922648526228,336179200,0.23948320746421814
2002-11-08 00:00:00,0.23963320107977296,0.2424771816233448,0.2322990286461038,190064000,0.23708845674991608
2002-11-11 00:00:00,0.23559145573176563,0.23783696388977513,0.22631183556483717,152975200,0.2269103080034256
2002-11-12 00:00:00,0.22930500825482422,0.24008245755189836,0.22870653585237083,223792800,0.2340952605009079
2002-11-13 00:00:00,0.23199974073682655,0.24053085612440167,0.22870649443540975,231739200,0.23334671556949615
2002-11-14 00:00:00,0.2379869720505597,0.2456204051108378,0.23619073055954612,141713600,0.24397334456443787
2002-11-15 00:00:00,0.2429256029487708,0.24307563321386066,0.23589149167398074,160994400,0.2387346476316452
2002-11-18 00:00:00,0.24232723310086296,0.24247726342943038,0.23229910701832046,164578400,0.23424455523490906
2002-11-19 00:00:00,0.23274828891450547,0.23574147531380918,0.22466561399157162,210952000,0.22855733335018158
2002-11-20 00:00:00,0.22900579685515668,0.2349929945545667,0.2282572691198823,208740000,0.2324482500553131
2002-11-21 00:00:00,0.23798699867751869,0.24606884977812238,0.23574149047698376,418482400,0.24472187459468842
2002-11-22 00:00:00,0.24083017736619497,0.24397339453371367,0.23798702079373968,227858400,0.2396332323551178
2002-11-25 00:00:00,0.23993239098014651,0.24157860200890946,0.23514296380082123,199427200,0.23903468251228333
2002-11-26 00:00:00,0.2372384786384677,0.23798698131737925,0.228557331378977,240262400,0.2306528091430664
2002-11-27 00:00:00,0.23349602873026457,0.2373877491134487,0.23125134442536932,286798400,0.23529227077960968
2002-11-29 00:00:00,0.23633993099573894,0.2376869059971872,0.23065279480541362,143432800,0.23199976980686188
2002-12-02 00:00:00,0.2379869672255146,0.2409801534217686,0.22466559875086167,398742400,0.22720949351787567
2002-12-03 00:00:00,0.22750960478421595,0.22960508266147742,0.22601259934554294,227869600,0.2269103080034256
2002-12-04 00:00:00,0.22720942833155092,0.22735948353232557,0.21703212855895065,325757600,0.22406621277332306
2002-12-05 00:00:00,0.22496489824136506,0.2257134010865843,0.21748066915144235,243398400,0.2189776748418808
2002-12-06 00:00:00,0.21927690907735778,0.22735961063153975,0.21733146117170732,245358400,0.22376710176467896
2002-12-09 00:00:00,0.2236178257509254,0.22376700666971222,0.21957605203027789,236084800,0.220773845911026
2002-12-10 00:00:00,0.22077386528056198,0.23125125279837863,0.2204746291146322,308610400,0.2287065088748932
2002-12-11 00:00:00,0.22900580873897497,0.2318497896194458,0.22571338565590238,253500800,0.2318497896194458
2002-12-12 00:00:00,0.23214896063528825,0.23274825730749663,0.22466558348218277,149340800,0.22735953330993652
2002-12-13 00:00:00,0.2266111317136733,0.22676116203409838,0.21927693222359035,164780000,0.22137241065502167
2002-12-16 00:00:00,0.22167158422177777,0.22601259515665983,0.21867839774210893,251624800,0.2222709059715271
2002-12-17 00:00:00,0.22227084568700461,0.22735950862494536,0.21942686591446361,222661600,0.22571329772472382
2002-12-18 00:00:00,0.2215223620125802,0.22242004550658553,0.2170321709581792,150701600,0.21807990968227386
2002-12-19 00:00:00,0.21748068217264094,0.22331869995802472,0.211045041134648,347519200,0.21254122257232666
2002-12-20 00:00:00,0.2138889805447796,0.21792990614972274,0.2062547346750276,318096800,0.21164347231388092
2002-12-23 00:00:00,0.2119426668799764,0.21777983305374402,0.21134419453960704,125826400,0.21688212454319
2002-12-24 00:00:00,0.21613369322247367,0.21658295979694148,0.2140382149980752,39340000,0.2149367481470108
2002-12-26 00:00:00,0.2158344597567914,0.2216716279313301,0.21373898150517762,85422400,0.2155352234840393
2002-12-27 00:00:00,0.21418818544438112,0.2152359242637682,0.20969799398159492,80035200,0.21044567227363586
2002-12-30 00:00:00,0.2107457870714886,0.2117935261606857,0.2071533032392927,155041600,0.2105957567691803
2002-12-31 00:00:00,0.2095479898080021,0.21493671483954155,0.20879948708065962,200726400,0.2144874483346939
2003-01-02 00:00:00,0.2149366820445349,0.2233186173443861,0.2147866517850737,181428800,0.22152237594127655
2003-01-03 00:00:00,0.22152243036389674,0.22346785318226198,0.21837918824169567,147453600,0.2230185866355896
2003-01-06 00:00:00,0.22496488375638093,0.2302035789932672,0.22271935038523716,390532800,0.2230185866355896
2003-01-07 00:00:00,0.22137234800802955,0.22451556476566584,0.21658291990368475,342344800,0.2222709059715271
2003-01-08 00:00:00,0.21822909651836528,0.2201753930913141,0.21613361901344466,229644800,0.21777983009815216
2003-01-09 00:00:00,0.2188275974086364,0.2233186384928208,0.21703220515765004,215252800,0.21972613036632538
2003-01-10 00:00:00,0.2182291278971284,0.22182163607134484,0.21688215278486545,175100800,0.22032460570335388
2003-01-13 00:00:00,0.22301860099525603,0.22301860099525603,0.2149367486885056,178942400,0.2189776748418808
2003-01-14 00:00:00,0.21987537475282634,0.22182167192017266,0.21688218783541818,186860800,0.21867842972278595
2003-01-15 00:00:00,0.21837914779091866,0.22002535903407,0.21343968971932983,371128800,0.21598443388938904
2003-01-16 00:00:00,0.21269120196617722,0.2209230831009522,0.21269120196617722,559070400,0.21882760524749756
2003-01-17 00:00:00,0.21792993395134866,0.21792993395134866,0.21074579051199338,266761600,0.2110450267791748
2003-01-21 00:00:00,0.2126911620662149,0.21568434800584427,0.209547945875687,253456000,0.20984718203544617
2003-01-22 00:00:00,0.20924877142955076,0.21179351605108046,0.2065548208551552,215140800,0.20775176584720612
2003-01-23 00:00:00,0.2102964562531157,0.21493667775674005,0.20879945105670747,228256000,0.21209269762039185
2003-01-24 00:00:00,0.21314045472258863,0.21314045472258863,0.20296230232726953,305468800,0.20655478537082672
2003-01-27 00:00:00,0.20475852796302205,0.21703218210454953,0.20430926153189852,391406400,0.21149340271949768
2003-01-28 00:00:00,0.21314045106992427,0.21987532623350178,0.21194268196188534,286255200,0.21822911500930786
2003-01-29 00:00:00,0.2177798657301137,0.22601259616481909,0.21403817652829069,373044000,0.22346782684326172
2003-01-30 00:00:00,0.22421635013777544,0.22556332525034511,0.2138889663998926,407058400,0.21433740854263306
2003-01-31 00:00:00,0.21239200334814456,0.2177799048724043,0.2102965251237461,341224800,0.2149367481470108
2003-02-03 00:00:00,0.21568440601319055,0.22316863436823198,0.2147866972924784,264784800,0.2194269448518753
2003-02-04 00:00:00,0.21628369117764829,0.21927687776094082,0.21418821326667895,317413600,0.2185283750295639
2003-02-05 00:00:00,0.2201754233674136,0.2234678210095006,0.21613364873376387,221614400,0.2162836790084839
2003-02-06 00:00:00,0.2149366950360864,0.21837914779091866,0.21284121732948114,179149600,0.21598443388938904
2003-02-07 00:00:00,0.21777985499455918,0.21852835766646408,0.2105957131601416,269701600,0.21179348230361938
2003-02-10 00:00:00,0.21343971822566404,0.21807996570212995,0.21044570719228028,167888000,0.21478669345378876
2003-02-11 00:00:00,0.2170322267088946,0.21897764942673012,0.21254118517875095,164780000,0.21478669345378876
2003-02-12 00:00:00,0.21358891223843365,0.21852837069374556,0.21358891223843365,228687200,0.21538515388965607
2003-02-13 00:00:00,0.21568439747670012,0.21912769993886633,0.2131404773642374,208493600,0.21763066947460175
2003-02-14 00:00:00,0.21867844135861214,0.2203246530336658,0.21478672111928904,243297600,0.2195761501789093
2003-02-18 00:00:00,0.22077389463296163,0.2290057754876702,0.2203246031732429,290897600,0.22855733335018158
2003-02-19 00:00:00,0.2255633286649442,0.2267610978621237,0.21972613666132101,240368800,0.2222709059715271
2003-02-20 00:00:00,0.22227090007676156,0.22391711137981152,0.22017542229391077,224352800,0.22107310593128204
2003-02-21 00:00:00,0.22182163209297895,0.2254141152226984,0.21927686286751566,157444000,0.22451555728912354
2003-02-24 00:00:00,0.22242006244710325,0.22496483147722535,0.2065547744693165,180252800,0.22062382102012634
2003-02-25 00:00:00,0.2197261089300352,0.225713330455988,0.21822910370804213,188641600,0.224814772605896
2003-02-26 00:00:00,0.22436642760840286,0.2248148448654009,0.21673216814763735,217095200,0.21703225374221802
2003-02-27 00:00:00,0.21807990113847853,0.2245155141588492,0.21718134337751996,154341600,0.22242003679275513
2003-02-28 00:00:00,0.22242013797515733,0.22586259173662357,0.22107316253305104,195098400,0.22466567158699036
2003-03-03 00:00:00,0.2246655488998283,0.22691023196341897,0.2177797958146752,203761600,0.2192768007516861
2003-03-04 00:00:00,0.22062385001601004,0.2216715889576062,0.21613365802948425,126414400,0.2179298996925354
2003-03-05 00:00:00,0.21867839931064656,0.22152240485500035,0.21733142416802465,126683200,0.21882760524749756
2003-03-06 00:00:00,0.21822913591267656,0.2185283721328177,0.21553518558920193,99859200,0.2179298996925354
2003-03-07 00:00:00,0.2165829655555586,0.2201754745422144,0.21418825099862254,200984000,0.21748067438602448
2003-03-10 00:00:00,0.21718138655323682,0.2195761005416997,0.21403816987922342,134573600,0.21508590877056122
2003-03-11 00:00:00,0.21493667477207196,0.21688212202673282,0.21134419208740582,161190400,0.212990403175354
2003-03-12 00:00:00,0.21209269525845148,0.21538511744340177,0.21044565982391703,222560800,0.21284119784832
2003-03-13 00:00:00,0.2165829165757152,0.2215223998621946,0.212092724754114,335445600,0.22032460570335388
2003-03-14 00:00:00,0.21972620427862818,0.224665689161056,0.2191277566470351,153098400,0.22122323513031006
2003-03-17 00:00:00,0.2228694295500567,0.22556338043426924,0.22017547866584414,399912800,0.22466567158699036
2003-03-18 00:00:00,0.22451555728912354,0.22586253237722853,0.22182163209297895,229980800,0.22451555728912354
2003-03-19 00:00:00,0.2255633686881447,0.22676113809785237,0.2213723872875965,141316000,0.22376710176467896
2003-03-20 00:00:00,0.22346779291375374,0.22436635074482983,0.21852833525937493,163178400,0.22316858172416687
2003-03-21 00:00:00,0.22586253237722853,0.2267610903108034,0.22182163209297895,297948000,0.22451555728912354
2003-03-24 00:00:00,0.2195761005416997,0.22152239737262963,0.21478667256477396,161100800,0.21508590877056122
2003-03-25 00:00:00,0.21568435259323154,0.22197078510799337,0.21508588026098435,167697600,0.21777983009815216
2003-03-26 00:00:00,0.217779907056487,0.21792993736359373,0.21403821714463303,178343200,0.2156844288110733
2003-03-27 00:00:00,0.21433738058352036,0.22002534084322897,0.21433738058352036,122393600,0.21688212454319
2003-03-28 00:00:00,0.2155351408459729,0.2188275629262515,0.21508587443792285,145303200,0.21807990968227386
2003-03-31 00:00:00,0.21448745300279443,0.21748063963509728,0.21014646682661517,256659200,0.21164347231388092
2003-04-01 00:00:00,0.21254113014314077,0.21418816552191483,0.21059568294899325,154341600,0.211942657828331
2003-04-02 00:00:00,0.21493671599805586,0.2198753502091563,0.21358891647624828,171371200,0.2185283750295639
2003-04-03 00:00:00,0.21792987470562644,0.22002535234856024,0.21478665824122575,145712000,0.2164328694343567
2003-04-04 00:00:00,0.21733146481986032,0.219576149030034,0.2153851925392066,146020000,0.2156844288110733
2003-04-07 00:00:00,0.22227087361277656,0.22376702948363728,0.2156843555203847,196862400,0.21688212454319
2003-04-08 00:00:00,0.21718138763029768,0.2192768654233653,0.2149367039046788,128934400,0.2162836790084839
2003-04-09 00:00:00,0.2173314311174971,0.21882761224481245,0.21164346980704193,146725600,0.21239197254180908
2003-04-10 00:00:00,0.21254116450812238,0.2153851449763485,0.21254116450812238,107100000,0.21508590877056122
2003-04-11 00:00:00,0.21029648192578965,0.21613364882547823,0.1935326470841021,1392708800,0.19757357239723206
2003-04-14 00:00:00,0.20520698935059195,0.20580629862231872,0.20206377252996338,502958400,0.20326155424118042
2003-04-15 00:00:00,0.20341161697103596,0.2035608104435734,0.1990706177467001,303968000,0.20041759312152863
2003-04-16 00:00:00,0.19443035625087132,0.20460850904176497,0.19338260486092543,1016176000,0.19817288219928741
2003-04-17 00:00:00,0.19757356651714514,0.19832206918444875,0.1903894247268908,616257600,0.19637662172317505
2003-04-21 00:00:00,0.19652588123452883,0.1974244144171379,0.1942811969627449,152320000,0.19667591154575348
2003-04-22 00:00:00,0.19727429211557324,0.20385996023349745,0.1959273173121325,300568800,0.20221374928951263
2003-04-23 00:00:00,0.20251303903068266,0.20401005696164481,0.19996829464954435,209680800,0.20326155424118042
2003-04-24 00:00:00,0.2023638152766535,0.20371079023488994,0.19458036487005634,325108000,0.201166033744812
2003-04-25 00:00:00,0.20146532940372405,0.20326158381578677,0.1980228758624726,205318400,0.19981911778450012
2003-04-28 00:00:00,0.20176451775702445,0.208949496229061,0.20101601510538838,636798400,0.20745249092578888
2003-04-29 00:00:00,0.20924872753268386,0.21194267754193397,0.20326153080159953,458236800,0.21044567227363586
2003-04-30 00:00:00,0.20850021256390636,0.21478664510833068,0.20730243106167365,458175200,0.21284119784832
2003-05-01 00:00:00,0.21328971215474168,0.21538519037914014,0.20954802228041258,342759200,0.2149367481470108
2003-05-02 00:00:00,0.21643288494103513,0.2183791568015515,0.21463664335523874,321182400,0.2162836790084839
2003-05-05 00:00:00,0.22107305007012995,0.2526552890667521,0.22077383891998847,1555708000,0.24083007872104645
2003-05-06 00:00:00,0.24127931742648343,0.2679220713854534,0.24098008133058782,1514492000,0.26193487644195557
2003-05-07 00:00:00,0.25939028762518523,0.273010896323932,0.2560978642672723,1054379200,0.2641805410385132
2003-05-08 00:00:00,0.26492809367774217,0.2704668722960396,0.2587916921175333,687736000,0.2694191336631775
2003-05-09 00:00:00,0.2743578071270651,0.275405546011032,0.26762293168881984,588386400,0.27390938997268677
2003-05-12 00:00:00,0.2716639026583283,0.28049510667255284,0.2713646664043007,419372800,0.27780115604400635
2003-05-13 00:00:00,0.27585480905948967,0.2839375088071617,0.26867066723392163,446796000,0.2794473171234131
2003-05-14 00:00:00,0.281842087475708,0.28199211777679245,0.2758548642715912,355488000,0.2776511311531067
2003-05-15 00:00:00,0.2783995160376491,0.282141204214248,0.2764532196795438,284995200,0.28034496307373047
2003-05-16 00:00:00,0.27824960006772104,0.28453606001461534,0.2736102261501697,341628000,0.2813928425312042
2003-05-19 00:00:00,0.27735178691317597,0.2791480281152991,0.2703168273672968,445888800,0.27091529965400696
2003-05-20 00:00:00,0.2709154610334813,0.27181401932085464,0.26343207996591056,416220000,0.2662760615348816
2003-05-21 00:00:00,0.26627590962555653,0.27076610057295997,0.2644796683781924,305009600,0.2671736180782318
2003-05-22 00:00:00,0.26777221365004783,0.2754056242089068,0.2655275293140032,178460800,0.27301090955734253
2003-05-23 00:00:00,0.27256236450011845,0.2763040528677081,0.26881982681046146,206718400,0.27420857548713684
2003-05-27 00:00:00,0.26881987746929353,0.28288977446807806,0.2680713747863197,290130400,0.2825905382633209
2003-05-28 00:00:00,0.27690257250984696,0.27929731164433846,0.27166387769009986,339679200,0.2736101746559143
2003-05-29 00:00:00,0.27375927952886925,0.27690249554708657,0.2679221138784635,333765600,0.27091529965400696
2003-05-30 00:00:00,0.271214568028242,0.27211310090708074,0.26238421555290214,382748800,0.2686706483364105
2003-06-02 00:00:00,0.2709153362313765,0.273759316490216,0.25849250072392393,418588800,0.2611864507198334
2003-06-03 00:00:00,0.2610371115304295,0.26447956239928977,0.25475068185468047,360858400,0.2590908408164978
2003-06-04 00:00:00,0.25894171614440614,0.2662758863985485,0.2565461784622056,271202400,0.2634319067001343
2003-06-05 00:00:00,0.26118641704614703,0.26552740200620606,0.25939017583308804,205497600,0.264030396938324
2003-06-06 00:00:00,0.26552746162175234,0.2700176534915273,0.25654625354001953,241388000,0.25669628381729126
2003-06-09 00:00:00,0.2535530802955745,0.2550500857776207,0.2489128329264993,259952000,0.25130754709243774
2003-06-10 00:00:00,0.25280456783317096,0.2587917651888975,0.25070906499570983,176646400,0.25714555382728577
2003-06-11 00:00:00,0.25669625927928297,0.26208498361320587,0.2516075954712203,225114400,0.2611864507198334
2003-06-12 00:00:00,0.2626833817043689,0.26762283819492483,0.26118637686677715,252588000,0.26597580313682556
2003-06-13 00:00:00,0.26567666889647507,0.2686706797195438,0.25639704889777337,191245600,0.26073721051216125
2003-06-16 00:00:00,0.26343193939428133,0.2734600603580475,0.2611864316667598,238526400,0.2734600603580475
2003-06-17 00:00:00,0.2755556067945931,0.2769025569292109,0.269269148384553,177464000,0.2722623348236084
2003-06-18 00:00:00,0.27615411492711917,0.2915709906607571,0.2740586366565831,454983200,0.28618308901786804
2003-06-19 00:00:00,0.28977466717646755,0.293517180423083,0.28094431433555467,381528000,0.2864822447299957
2003-06-20 00:00:00,0.2896254281741483,0.2930678804941768,0.2828897294416404,356546400,0.2873799204826355
2003-06-23 00:00:00,0.2888770630793794,0.2947142317762264,0.2806443303213917,307361600,0.2852845788002014
2003-06-24 00:00:00,0.29142175183123253,0.2944149385905963,0.2801958588846569,514382400,0.281093567609787
2003-06-25 00:00:00,0.2822913948111575,0.2903740723639765,0.28004588602442837,329812000,0.2857338488101959
2003-06-26 00:00:00,0.2798965730850306,0.28917619230406516,0.2798965730850306,161705600,0.28872692584991455
2003-06-27 00:00:00,0.28887690240569747,0.28902610830126135,0.2766032748971316,365792000,0.28034496307373047
2003-06-30 00:00:00,0.2795965911018334,0.2875300875602934,0.27824961558274736,222152000,0.2852845788002014
2003-07-01 00:00:00,0.2824406007914798,0.28708082434526033,0.2770526986512223,180992000,0.2857338488101959
2003-07-02 00:00:00,0.28483522732420374,0.29037398241389095,0.2846860213901014,325298400,0.2884277105331421
2003-07-03 00:00:00,0.28438671318836195,0.2926185920876197,0.2840874770537304,137771200,0.2863321602344513
2003-07-07 00:00:00,0.28842771996891364,0.30204832621103767,0.28633224208550995,286272000,0.2974081039428711
2003-07-08 00:00:00,0.2921693551427547,0.30683769761091517,0.2917209130666235,256737600,0.30534154176712036
2003-07-09 00:00:00,0.3024976116382874,0.30609009489285227,0.2977081835269928,213645600,0.2977081835269928
2003-07-10 00:00:00,0.29755809370208053,0.298455802240343,0.28992468592952697,170934400,0.29306790232658386
2003-07-11 00:00:00,0.294264819269926,0.29935433184604343,0.2923193721162666,136858400,0.29710879921913147
2003-07-14 00:00:00,0.2995035853543018,0.30534160189419424,0.29740810744621426,188406400,0.2978573739528656
2003-07-15 00:00:00,0.29965357494456785,0.30294684662249804,0.29082239800483234,206645600,0.29351717233657837
2003-07-16 00:00:00,0.2989051093859321,0.2993544008673581,0.29007393135095816,250930400,0.2974081039428711
2003-07-17 00:00:00,0.3021983695853109,0.3135734672154036,0.30129981163787056,751212000,0.31282496452331543
2003-07-18 00:00:00,0.31282500638666194,0.3170159625494665,0.3053416271486722,298838400,0.3122265338897705
2003-07-21 00:00:00,0.3096817674210289,0.31132880318472933,0.30384460013235864,183808800,0.308484822511673
2003-07-22 00:00:00,0.31237647767839094,0.3137234525945186,0.306837698437948,198424800,0.3113287389278412
2003-07-23 00:00:00,0.3135733977132202,0.31372342795525304,0.30623922703538425,143035200,0.31117868423461914
2003-07-24 00:00:00,0.31492049798030314,0.3218062543391988,0.30504240398862775,229236000,0.30698785185813904
2003-07-25 00:00:00,0.30549063030168355,0.322853765245621,0.30534142444765217,216686400,0.3224044740200043
2003-07-28 00:00:00,0.32180625898643084,0.32180625898643084,0.3122265517953112,170357600,0.31417199969291687
2003-07-29 00:00:00,0.3141719085175481,0.31551970783512784,0.3071377974613354,197120000,0.3101309835910797
2003-07-30 00:00:00,0.31087968098048124,0.3128251295323583,0.3018992926227909,173594400,0.3035455048084259
2003-07-31 00:00:00,0.3104303786573104,0.3195607963222797,0.30788563332219293,301464800,0.31551986932754517
2003-08-01 00:00:00,0.3143219937194201,0.31836291935221606,0.3089332685334578,149604000,0.31028106808662415
2003-08-04 00:00:00,0.30728703333829627,0.3218061969696892,0.30354534422580126,230115200,0.3174651861190796
2003-08-05 00:00:00,0.3195606708780919,0.32030917358533034,0.3008514005658861,249440800,0.3050423562526703
2003-08-06 00:00:00,0.3002521173526557,0.3018991782369254,0.2918702049032526,245464800,0.293816477060318
2003-08-07 00:00:00,0.2953126330063079,0.3007013581227676,0.29067323497120995,174378400,0.2983066439628601
2003-08-08 00:00:00,0.3010006042549166,0.30129984049197395,0.2933671950120761,137659200,0.2939656674861908
2003-08-11 00:00:00,0.2966602959689916,0.29830648151322564,0.2920200511385543,137228000,0.2942647337913513
2003-08-12 00:00:00,0.29576176677328636,0.2963602389590987,0.2912715766959864,164438400,0.29486405849456787
2003-08-13 00:00:00,0.29725895600167107,0.3044430997140845,0.293067999417172,284099200,0.30204838514328003
2003-08-14 00:00:00,0.30249758248480496,0.304293823938973,0.29845580814733597,192780000,0.29890507459640503
2003-08-15 00:00:00,0.29965346897211526,0.3004019963161638,0.29426474655644697,125865600,0.2950132489204407
2003-08-18 00:00:00,0.2972589185446233,0.30549082534594574,0.295163440516421,192774400,0.3044430613517761
2003-08-19 00:00:00,0.30489228904694143,0.3060900581018913,0.29935435889473677,133688800,0.3041437864303589
2003-08-20 00:00:00,0.30204841892441947,0.3183630054780984,0.30144997128045087,273212800,0.31447210907936096
2003-08-21 00:00:00,0.31477119877322607,0.32494937533339857,0.3135734297405947,255326400,0.32450008392333984
2003-08-22 00:00:00,0.3264456231815231,0.32928960413590364,0.3089332952409841,250264000,0.31252577900886536
2003-08-25 00:00:00,0.3110287645537054,0.3129750366820259,0.30668860243781904,137782400,0.3122265338897705
2003-08-26 00:00:00,0.3105802000581014,0.31536962683191244,0.3045930044198587,164959200,0.31507039070129395
2003-08-27 00:00:00,0.3129750246651391,0.321506142616272,0.30923333518980894,225702400,0.321506142616272
2003-08-28 00:00:00,0.31926149047240177,0.3325828875487169,0.31926149047240177,319625600,0.33213362097740173
2003-08-29 00:00:00,0.33228354174623187,0.34201242674953874,0.3300380339722098,263155200,0.33841994404792786
2003-09-02 00:00:00,0.3391684845718121,0.34276096767520564,0.335276765266828,242132800,0.3420124650001526
2003-09-03 00:00:00,0.34126403622883694,0.3490475015044485,0.3406655636960512,268828000,0.3435087203979492
2003-09-04 00:00:00,0.3466518233586091,0.3479996476063386,0.340814657233624,199780000,0.34171319007873535
2003-09-05 00:00:00,0.3402162359262989,0.3465026694167236,0.33542680784088486,240133600,0.3367737829685211
2003-09-08 00:00:00,0.3364744856498312,0.3411138826153238,0.33632445539970335,167244000,0.34036538004875183
2003-09-09 00:00:00,0.3372221665246562,0.3393176439907131,0.3310857643777925,180370400,0.3348274528980255
2003-09-10 00:00:00,0.3330311260126225,0.33841987392857253,0.3309356489278682,224890400,0.33198338747024536
2003-09-11 00:00:00,0.33303124143555674,0.3411139414498336,0.33078658267078265,213684800,0.3376714885234833
2003-09-12 00:00:00,0.33692296927978943,0.3463526189662009,0.3339297829862883,179989600,0.34575414657592773
2003-09-15 00:00:00,0.3414131904931294,0.34276099000130716,0.3310858313258809,226844800,0.3324328064918518
2003-09-16 00:00:00,0.3324327842532689,0.33961775044740744,0.33228357832381283,269007200,0.3346782922744751
2003-09-17 00:00:00,0.3348274297818381,0.33497746002278717,0.327044817118103,289396800,0.331085741519928
2003-09-18 00:00:00,0.3307865096240962,0.34410787624411376,0.32854097705288926,252907200,0.34246084094047546
2003-09-19 00:00:00,0.3424608953945318,0.3450056395340673,0.33572602023418013,205956800,0.33797070384025574
2003-09-22 00:00:00,0.33198355660615814,0.33677383475036776,0.32809268588243545,179821600,0.3304874002933502
2003-09-23 00:00:00,0.32958877057501784,0.33617446483959795,0.3274932928780297,132451200,0.3357260227203369
2003-09-24 00:00:00,0.33243280165172107,0.3339298070775403,0.31551974786023773,301285600,0.3191114068031311
2003-09-25 00:00:00,0.31941057570455333,0.31985984210605584,0.3030959977847928,574380800,0.3057899475097656
2003-09-26 00:00:00,0.30384454730723987,0.3247993230001008,0.30159901449919285,347250400,0.3096817135810852
2003-09-29 00:00:00,0.3216561121086252,0.3243500620742908,0.3090832464793928,365702400,0.31881213188171387
2003-09-30 00:00:00,0.3156689137534654,0.3176151854285759,0.3059400284041835,285426400,0.3101309835910797
2003-10-01 00:00:00,0.30998091532432404,0.3158189052917776,0.302198302604368,236112800,0.31117868423461914
2003-10-02 00:00:00,0.31132886537318244,0.31132886537318244,0.3035454245387177,204058400,0.3078855872154236
2003-10-03 00:00:00,0.3141719447773798,0.3271940782801978,0.31252573343312917,299600000,0.3246493339538574
2003-10-06 00:00:00,0.32435015061699257,0.33422909395742556,0.32300317526645583,268329600,0.33363062143325806
2003-10-07 00:00:00,0.33003812422385653,0.35039445762357313,0.32794264613190127,418174400,0.3475504517555237
2003-10-08 00:00:00,0.3479996615377405,0.3523397976759319,0.34021619851806423,428668800,0.34515565633773804
2003-10-09 00:00:00,0.3487473799324481,0.35428616046746475,0.34111397072887256,347748800,0.350992888212204
2003-10-10 00:00:00,0.35174125143543544,0.35638147177125473,0.34979495532145305,174837600,0.35443517565727234
2003-10-13 00:00:00,0.35518385794999063,0.3653620113472043,0.355033802685782,279865600,0.3644634783267975
2003-10-14 00:00:00,0.36401508526571114,0.37030151988773846,0.3620688130204179,275419200,0.3674575388431549
2003-10-15 00:00:00,0.371947672432816,0.3743423865261395,0.3679067469644953,610103200,0.3714984059333801
2003-10-16 00:00:00,0.3562316338355504,0.35683008136963607,0.3354268577366682,975682400,0.3479997515678406
2003-10-17 00:00:00,0.3499450839420057,0.3515912951014133,0.33572600718255563,359811200,0.3405154347419739
2003-10-20 00:00:00,0.3382700062955581,0.34934669359752624,0.334977583203792,279132000,0.3475504517555237
2003-10-21 00:00:00,0.34889743918313826,0.35024441452590493,0.3405155265238655,176461600,0.34695199131965637
2003-10-22 00:00:00,0.3433594996638082,0.34725121964414796,0.33946777968346836,161599200,0.3406655490398407
2003-10-23 00:00:00,0.3402162067775894,0.3465026397294113,0.33812072912698216,165211200,0.3441079258918762
2003-10-24 00:00:00,0.3376715955592679,0.3420125828333093,0.3327321356758543,219856000,0.33827006816864014
2003-10-27 00:00:00,0.3405155769674416,0.3426110554426815,0.336623856321648,162013600,0.33827006816864014
2003-10-28 00:00:00,0.33767151846004806,0.3557823176691051,0.3352768042268978,251714400,0.355033814907074
2003-10-29 00:00:00,0.3518905797096701,0.3577285961946987,0.3493466596610522,267080800,0.3545853793621063
2003-10-30 00:00:00,0.35907557701480475,0.3592247579764262,0.34231172866356735,260556800,0.34560415148735046
2003-10-31 00:00:00,0.3487473585457701,0.3494958612597874,0.340964743872822,218153600,0.3426109552383423
2003-11-03 00:00:00,0.3417131161646405,0.34874722543885145,0.3409646137363054,302842400,0.34650254249572754
2003-11-04 00:00:00,0.34530485447824744,0.3457541209086684,0.33812071330188226,249233600,0.34291014075279236
2003-11-05 00:00:00,0.34156325855239633,0.3462034813478979,0.33632456324853915,322470400,0.3447064757347107
2003-11-06 00:00:00,0.3429100569253219,0.3465025388063268,0.33901833894454536,397073600,0.34605327248573303
2003-11-07 00:00:00,0.34710114184185453,0.34784964454435985,0.3360252802660158,210145600,0.3367737829685211
2003-11-10 00:00:00,0.3360252244879816,0.33901841045896985,0.326894787000438,234276000,0.3277924954891205
2003-11-11 00:00:00,0.32779237159983393,0.32958861224035546,0.321505941528876,215073600,0.3224044740200043
2003-11-12 00:00:00,0.32150610064987023,0.34006618897882657,0.32150610064987023,300003200,0.3342290222644806
2003-11-13 00:00:00,0.33033736217718074,0.33767153553684254,0.3280926781198177,212772000,0.33557605743408203
2003-11-14 00:00:00,0.33647456487783606,0.33842001253538134,0.3185129470968136,237048000,0.3212068974971771
2003-11-17 00:00:00,0.31956061767277477,0.31985985383741106,0.3135734213538957,228256000,0.31626737117767334
2003-11-18 00:00:00,0.31746524811113513,0.31941069601371613,0.304593142603168,267192800,0.3054908514022827
2003-11-19 00:00:00,0.3077362344364101,0.30908320925702903,0.30324604358701523,344584800,0.3056407570838928
2003-11-20 00:00:00,0.3008514005658861,0.31551974546963085,0.3008514005658861,239590400,0.3050423562526703
2003-11-21 00:00:00,0.3044431889270732,0.30803569898727107,0.29710901275501794,241836000,0.3035455048084259
2003-11-24 00:00:00,0.3068377448497701,0.3183628978291572,0.30609009147382554,381824800,0.31656748056411743
2003-11-25 00:00:00,0.31776440358562835,0.31806363977591884,0.3084847843181346,268654400,0.3095325231552124
2003-11-26 00:00:00,0.3126757276237211,0.3165674466318519,0.30309602321271345,245128800,0.3101309835910797
2003-11-28 00:00:00,0.3110286879628419,0.3153696733520421,0.3071377933488987,76098400,0.3129749596118927
2003-12-01 00:00:00,0.3149204417139748,0.32704489133489606,0.31432196929833295,361536000,0.3249494135379791
2003-12-02 00:00:00,0.32330218216939755,0.32779237159983393,0.3204582031837164,205296000,0.3224044740200043
2003-12-03 00:00:00,0.3224046739920387,0.3268948662075242,0.3137235257964672,191296000,0.31477126479148865
2003-12-04 00:00:00,0.31342426383702987,0.3168667167749574,0.31087951953162224,177940000,0.31656748056411743
2003-12-05 00:00:00,0.3128250416778907,0.31656755606137804,0.31028112110796957,186177600,0.31207653880119324
2003-12-08 00:00:00,0.3110286420830503,0.3155196570682005,0.3054907128117142,148237600,0.31507039070129395
2003-12-09 00:00:00,0.3168667426831221,0.3180636876243485,0.30534161374146496,135144800,0.3060901165008545
2003-12-10 00:00:00,0.30609009517436636,0.3084848092322161,0.29875592272249396,271336800,0.3050423562526703
2003-12-11 00:00:00,0.3030960527627415,0.3194106336417692,0.30249760532692904,183136800,0.3174651861190796
2003-12-12 00:00:00,0.3191114137526685,0.3191114137526685,0.30983179346332845,192673600,0.3126757740974426
2003-12-15 00:00:00,0.3216561440603655,0.3216561440603655,0.3004021297199787,388908800,0.30189913511276245
2003-12-16 00:00:00,0.30219829903491513,0.30668848979700425,0.29950350012401805,373956800,0.3011505603790283
2003-12-17 00:00:00,0.30055137552768446,0.3012998783855903,0.2962112130311268,274260000,0.2975581884384155
2003-12-18 00:00:00,0.29785732746125576,0.30204828262327793,0.29785732746125576,330915200,0.29995280504226685
2003-12-19 00:00:00,0.3021982529473132,0.3056407045285147,0.2936662897810895,453560800,0.29486405849456787
2003-12-22 00:00:00,0.2941156133653445,0.2977081208435613,0.2881284173157563,377064800,0.29710879921913147
2003-12-23 00:00:00,0.29815663975497875,0.29860590630619926,0.2933672110162794,308498400,0.2965104281902313
2003-12-24 00:00:00,0.2951634656919007,0.30818562648429004,0.29411572658843443,177475200,0.3054908514022827
2003-12-26 00:00:00,0.3045930796947169,0.31297499079130797,0.30444302444128596,103695200,0.31102871894836426
2003-12-29 00:00:00,0.3129749973496806,0.31671668649844814,0.3122264946514914,233458400,0.31656748056411743
2003-12-30 00:00:00,0.31701579257379625,0.32180606798742184,0.3165673506127118,204853600,0.31851279735565186
2003-12-31 00:00:00,0.31956074525276323,0.32225469615206165,0.31701600032432564,174451200,0.31985998153686523
2004-01-02 00:00:00,0.3225537210564537,0.3255477556002206,0.31701579257379625,144642400,0.31851279735565186
2004-01-05 00:00:00,0.3206084860852722,0.3351268291452502,0.3206084860852722,395018400,0.3318344056606293
2004-01-06 00:00:00,0.33303127518039294,0.3355760447151605,0.324949448649522,509348000,0.33063656091690063
2004-01-07 00:00:00,0.330786615274377,0.34171327189224415,0.3282418457466394,586874400,0.33812078833580017
2004-01-08 00:00:00,0.34186258971780575,0.35518398993214356,0.33901860800009526,460303200,0.34964603185653687
2004-01-09 00:00:00,0.3476996892269691,0.3611711170720466,0.34111401810418535,427459200,0.3442572355270386
2004-01-12 00:00:00,0.3479996977129745,0.3592247401765612,0.34575416463887093,487547200,0.35518383979797363
2004-01-13 00:00:00,0.36970219019532047,0.37179766821665433,0.3571292970872489,679016800,0.3610210418701172
2004-01-14 00:00:00,0.3652120739781966,0.3673075524359712,0.35593245124052203,620043200,0.3622188866138458
2004-01-15 00:00:00,0.3429101736049244,0.3502443457414302,0.33677377061693414,1018208800,0.3420124650001526
2004-01-16 00:00:00,0.34261093877121157,0.344856446805336,0.33841998324790434,372820000,0.34006619453430176
2004-01-20 00:00:00,0.33931771621251466,0.3412639881835574,0.333031257496246,315946400,0.3402162492275238
2004-01-21 00:00:00,0.3397669189755167,0.34380866810034416,0.3357259941927502,226660000,0.33841994404792786
2004-01-22 00:00:00,0.3376713714923188,0.34171311977971086,0.33198338747024536,205004800,0.33198338747024536
2004-01-23 00:00:00,0.3355760107124722,0.34036543875416164,0.33303124143555674,227169600,0.3376714885234833
2004-01-26 00:00:00,0.336174466117435,0.34515567366875927,0.3357260239964694,271269600,0.34440717101097107
2004-01-27 00:00:00,0.3448564939761386,0.3479997360286291,0.34126401036700826,307070400,0.345304936170578
2004-01-28 00:00:00,0.3418624260738019,0.3499451006807424,0.3354267870471436,275402400,0.3370729982852936
2004-01-29 00:00:00,0.33871932060383164,0.34126406560068906,0.33213364914937943,212699200,0.3394678235054016
2004-01-30 00:00:00,0.3390184636388225,0.3423117106313439,0.3355760107124722,185298400,0.3376714885234833
2004-02-02 00:00:00,0.3361745051239964,0.34141319999422903,0.330487368080765,287431200,0.3340790271759033
2004-02-03 00:00:00,0.3337797045178241,0.3352767096194657,0.32928948857485457,180812800,0.333181232213974
2004-02-04 00:00:00,0.32928955111492436,0.3306365262254185,0.3247993592992196,305552800,0.32614633440971375
2004-02-05 00:00:00,0.32659567252004856,0.3429102307937439,0.32644561724308596,352844800,0.33557605743408203
2004-02-06 00:00:00,0.33602531407151104,0.3426109844370461,0.33527681129370335,193340000,0.33991703391075134
2004-02-09 00:00:00,0.33856997136010925,0.34216162968843983,0.33677373002491706,188260800,0.33931764960289
2004-02-10 00:00:00,0.3385700302033625,0.3460534086682069,0.3358752555611973,255343200,0.34395793080329895
2004-02-11 00:00:00,0.3456040394122588,0.35727921945779784,0.34500556715514247,348544000,0.3562314808368683
2004-02-12 00:00:00,0.35338757321111325,0.35907555922233175,0.3532383922568838,183988000,0.35518383979797363
2004-02-13 00:00:00,0.3569801605082423,0.3607218504852501,0.341713315000701,315980000,0.3442572355270386
2004-02-17 00:00:00,0.3457542030036173,0.351591370616755,0.3457542030036173,170956800,0.34665191173553467
2004-02-18 00:00:00,0.34695202663277913,0.3508429227557622,0.3450057542288887,141635200,0.34814897179603577
2004-02-19 00:00:00,0.3491966160172189,0.3538368630989421,0.33542680433022587,323080800,0.3363245129585266
2004-02-20 00:00:00,0.3367738478105519,0.3369230537744709,0.332432861037086,277603200,0.33527684211730957
2004-02-23 00:00:00,0.3343791294916449,0.3361745470922402,0.32764342829124804,194079200,0.33213362097740173
2004-02-24 00:00:00,0.33138504537846963,0.3403654287789912,0.329289542648806,259056000,0.3346782922744751
2004-02-25 00:00:00,0.33348058373646294,0.34276102936687364,0.3324328446712425,276276000,0.3414132297039032
2004-02-26 00:00:00,0.3424608731592501,0.34695188876405864,0.34126392847162496,198408000,0.3448564112186432
2004-02-27 00:00:00,0.34365871111316953,0.3595248511229514,0.34350868082609065,468837600,0.358027845621109
2004-03-01 00:00:00,0.3607217909878506,0.36371580194951403,0.3572793378557178,321680800,0.35952484607696533
2004-03-02 00:00:00,0.3592247562576653,0.36072178670077265,0.35578230316644505,256687200,0.3563816249370575
2004-03-03 00:00:00,0.3532384172258973,0.36206877126539944,0.3532384172258973,225131200,0.358027845621109
2004-03-04 00:00:00,0.3581769616025368,0.3774855512896471,0.3578777504049687,660223200,0.3765878677368164
2004-03-05 00:00:00,0.37344463856915383,0.41146252248707366,0.372696135929598,1540599200,0.4002366065979004
2004-03-08 00:00:00,0.3984404021385018,0.4009851464809244,0.3861667712624634,522872000,0.38916078209877014
2004-03-09 00:00:00,0.38766375706269773,0.40757082059647287,0.3854182240690376,618363200,0.4056253731250763
2004-03-10 00:00:00,0.4047267580709538,0.42119136646677,0.40322975293987634,1006964000,0.4143064618110657
2004-03-11 00:00:00,0.4081692655182686,0.4196944180115198,0.40547531539216225,595851200,0.4063730239868164
2004-03-12 00:00:00,0.4089177927812261,0.4158026983602121,0.40667310912562515,329224000,0.4125102758407593
2004-03-15 00:00:00,0.4045776264459248,0.40936705423858477,0.3930524741045556,481717600,0.3958956301212311
2004-03-16 00:00:00,0.3973926212852093,0.3982911541781731,0.38003032789841745,605432800,0.38646596670150757
2004-03-17 00:00:00,0.3885614808292424,0.3948479143021029,0.3858675305814968,411432000,0.39200475811958313
2004-03-18 00:00:00,0.3882621503676359,0.3900583915441593,0.38302343209854134,321081600,0.38422122597694397
2004-03-19 00:00:00,0.38257501127167803,0.40322972374324645,0.3822749258135032,408576000,0.38706520199775696
2004-03-22 00:00:00,0.37973103146536774,0.39170459862092055,0.3779347903065416,419031200,0.38706520199775696
2004-03-23 00:00:00,0.38736450581579673,0.38916074728846944,0.377485564907091,385515200,0.3785333037376404
2004-03-24 00:00:00,0.3782341016890766,0.38541824388609996,0.3782341016890766,428215200,0.3816765546798706
2004-03-25 00:00:00,0.3912562705139108,0.4027814239721971,0.3875137568674538,566445600,0.40218210220336914
2004-03-26 00:00:00,0.4041283559003267,0.40951623104703483,0.4027813808686336,419893600,0.4047268033027649
2004-03-29 00:00:00,0.40966628339725564,0.41894590262893294,0.40712151429636106,350728000,0.41774895787239075
2004-03-30 00:00:00,0.41520428718444086,0.4183475042394506,0.40921706433641114,359676800,0.4178982377052307
2004-03-31 00:00:00,0.41789816675063385,0.4187966996665124,0.40337982827107177,390773600,0.4047268033027649
2004-04-01 00:00:00,0.40248219547193576,0.4081693075276271,0.39844042054458234,318332000,0.4057745933532715
2004-04-02 00:00:00,0.4153542442198294,0.4180481942654825,0.4075708059300325,274478400,0.4116117060184479
2004-04-05 00:00:00,0.4113124509934679,0.4246338182211899,0.4107139786786581,385672000,0.423885315656662
2004-04-06 00:00:00,0.41475496099935344,0.4213414547464135,0.4105639805486935,257992000,0.4165512025356293
2004-04-07 00:00:00,0.4132587859997437,0.41460576108595576,0.402930578121789,255119200,0.40876859426498413
2004-04-08 00:00:00,0.4172997302862044,0.41909597193044396,0.4071215522169107,240917600,0.41206103563308716
2004-04-12 00:00:00,0.411611665409182,0.42059289689220763,0.41146248448038314,230540800,0.41969436407089233
2004-04-13 00:00:00,0.418796751765146,0.41954527948751835,0.40173366702410035,436396800,0.40308064222335815
2004-04-14 00:00:00,0.40023673109610597,0.40517621556003025,0.3938002658674811,639732800,0.3987397253513336
2004-04-15 00:00:00,0.4313694866012444,0.4427445558534622,0.4214905729640535,1761446400,0.4385536015033722
2004-04-16 00:00:00,0.43630909258148304,0.4387037817141627,0.4265802058487344,402931200,0.43675753474235535
2004-04-19 00:00:00,0.42089213351687743,0.4303217565591645,0.4165511236180584,712353600,0.4243345856666565
2004-04-20 00:00:00,0.4222392035875304,0.4252323650480308,0.41251029224790414,354519200,0.4150550365447998
2004-04-21 00:00:00,0.41310876466758223,0.4208922284721668,0.4096663117411694,325875200,0.4150550365447998
2004-04-22 00:00:00,0.41251023540748016,0.421789854002541,0.405774511436546,344584800,0.41580265760421753
2004-04-23 00:00:00,0.4146057665348053,0.4190959583285761,0.4048768802579405,315828800,0.4146057665348053
2004-04-26 00:00:00,0.41280947306055504,0.41370718156960373,0.40412832677149035,231128800,0.40607374906539917
2004-04-27 00:00:00,0.40772096431305405,0.41071415148853174,0.39948823200125644,283864000,0.4032299220561981
2004-04-28 00:00:00,0.40143440989284174,0.40427754092945256,0.3942494188816541,231168000,0.3958956301212311
2004-04-29 00:00:00,0.3958955950945943,0.4041283242284236,0.38886148429614703,460790400,0.4006858468055725
2004-04-30 00:00:00,0.39978740921289174,0.40352994803729475,0.38152740389001594,466502400,0.38586756587028503
2004-05-03 00:00:00,0.38916065475392414,0.3941001115437418,0.3852689365455247,297634400,0.3902083933353424
2004-05-04 00:00:00,0.38871155797533297,0.3973927065309445,0.38167659597374753,279983200,0.39125630259513855
2004-05-05 00:00:00,0.3921539609274296,0.4003866912042233,0.3885614777309602,238106400,0.3988896608352661
2004-05-06 00:00:00,0.3951480985079422,0.40038681968805495,0.3876638935039842,263558400,0.39784204959869385
2004-05-07 00:00:00,0.3973926939842548,0.41265953751658385,0.3973926939842548,419036800,0.39918893575668335
2004-05-10 00:00:00,0.3932017927802823,0.39814125225752406,0.38826233330304055,249978400,0.39335182309150696
2004-05-11 00:00:00,0.3951480057740067,0.4069723959245683,0.3951480057740067,305172000,0.4062238931655884
2004-05-12 00:00:00,0.4009852236469221,0.40921710634653624,0.3927525166049587,245420000,0.40861865878105164
2004-05-13 00:00:00,0.4056253736171016,0.41490499319848967,0.40263133794861133,229852000,0.40697234869003296
2004-05-14 00:00:00,0.40787008883779485,0.40891785283558807,0.3958956931088664,257801600,0.4050261080265045
2004-05-17 00:00:00,0.39963825853514523,0.405026160268533,0.39454876873986733,300445600,0.3987397253513336
2004-05-18 00:00:00,0.4036791327668963,0.408468561321562,0.4011343881974896,206063200,0.4050261080265045
2004-05-19 00:00:00,0.4101156383110542,0.411611794599378,0.3954472665046525,375592000,0.39619576930999756
2004-05-20 00:00:00,0.3985904809882467,0.4041284374796908,0.39619576663270284,196296800,0.39978742599487305
2004-05-21 00:00:00,0.4026313764352618,0.4071215685549572,0.40008663197528394,179894400,0.4057745933532715
2004-05-24 00:00:00,0.40846864608806893,0.4175990878805494,0.40577469500979657,235603200,0.40921714901924133
2004-05-25 00:00:00,0.4116116628344691,0.4267292963530882,0.40846844666360266,319978400,0.42523229122161865
2004-05-26 00:00:00,0.4240354900148721,0.4307712160227907,0.41909603088393726,322168000,0.4267294406890869
2004-05-27 00:00:00,0.42598089055430405,0.42807636847756264,0.4164020339578189,235972800,0.4216407537460327
2004-05-28 00:00:00,0.4202937494997774,0.42313688063994365,0.4161027689629538,145717600,0.41999363899230957
2004-06-01 00:00:00,0.4159527386892854,0.4220891167706886,0.41325878850055897,182134400,0.41999363899230957
2004-06-02 00:00:00,0.4195452052977278,0.4366082370613171,0.41610272778558627,318712800,0.43286657333374023
2004-06-03 00:00:00,0.42987267858952605,0.4339144039225322,0.42343701324759947,250930400,0.4250832498073578
2004-06-04 00:00:00,0.42747787029358264,0.4378052290041737,0.4267293676028725,399112000,0.430771142244339
2004-06-07 00:00:00,0.43466215182566637,0.44873202769733794,0.4312196980150207,295876000,0.44618725776672363
2004-06-08 00:00:00,0.4488818967006887,0.455616771587176,0.44648720790532415,415620800,0.45426979660987854
2004-06-09 00:00:00,0.45037811919475956,0.459658613791435,0.44903114401834204,349204800,0.4520252048969269
2004-06-10 00:00:00,0.4520251831158642,0.4635502860636203,0.4520251831158642,257577600,0.46010783314704895
2004-06-14 00:00:00,0.45875999903537984,0.45920924048147543,0.4415477366900888,243986400,0.45082733035087585
2004-06-15 00:00:00,0.4571138989680266,0.46609428411100395,0.4529229426556623,444634400,0.45935940742492676
2004-06-16 00:00:00,0.45891003247024587,0.49872415582650476,0.45696458518019506,909641600,0.4900429844856262
2004-06-17 00:00:00,0.48734902154435966,0.49588011243956076,0.48211030283666223,551320000,0.49109068512916565
2004-06-18 00:00:00,0.48884506398154354,0.5000710013741017,0.48540261237940724,406252000,0.4925876259803772
2004-06-21 00:00:00,0.4957309446317787,0.5014180556050937,0.4807625412919564,390213600,0.48390573263168335
2004-06-22 00:00:00,0.4834575749220894,0.4952819445553332,0.4833075445767708,360511200,0.4939350187778473
2004-06-23 00:00:00,0.49393478528218154,0.5063576217389925,0.4922876996723682,390868800,0.5044121742248535
2004-06-24 00:00:00,0.5015683605661545,0.5044123419882168,0.4936356882746296,252515200,0.49662885069847107
2004-06-25 00:00:00,0.49498249919638304,0.5044121742248535,0.49393478528218154,323428000,0.5044121742248535
2004-06-28 00:00:00,0.5115963287440024,0.5117463590293991,0.4821104066301175,521096800,0.48630136251449585
2004-06-29 00:00:00,0.4800150651745923,0.4937848816572772,0.47013614511182317,590553600,0.486450731754303
2004-06-30 00:00:00,0.4873491335560397,0.49348553718648824,0.47732018587091923,373044000,0.48704907298088074
2004-07-01 00:00:00,0.4804632274058897,0.486151187077049,0.4774700666517498,341941600,0.4834572374820709
2004-07-02 00:00:00,0.4562161072687982,0.46669349557165013,0.4449902163240116,910683200,0.46519649028778076
2004-07-06 00:00:00,0.4680406025443657,0.4702852617808227,0.461005664937369,348980800,0.46325117349624634
2004-07-07 00:00:00,0.461753996252553,0.46938740356922987,0.45097734774647413,397992000,0.4548690915107727
2004-07-08 00:00:00,0.4509773743736665,0.4592092544994809,0.44828257509645836,233380000,0.4511266052722931
2004-07-09 00:00:00,0.45307280746551043,0.4565152597015065,0.4494803249835968,208863200,0.4494803249835968
2004-07-12 00:00:00,0.4493303223533624,0.4496303828636389,0.43301574364010564,511621600,0.4361589848995209
2004-07-13 00:00:00,0.43780530166068343,0.443044022002948,0.4343628481858566,316176000,0.4373568594455719
2004-07-14 00:00:00,0.4319682178345298,0.4485828642880486,0.43017195072145537,835800000,0.44274482131004333
2004-07-15 00:00:00,0.48884545240237237,0.5033646220770408,0.48061356806011396,1767724000,0.4928872287273407
2004-07-16 00:00:00,0.4909406793714368,0.4927369457680339,0.4807625525525366,488381600,0.4819602966308594
2004-07-19 00:00:00,0.4791163922316734,0.4822596341025331,0.4738777223937535,533170400,0.47851791977882385
2004-07-20 00:00:00,0.478218632859364,0.4819602966308594,0.472231411271552,323747200,0.4819602966308594
2004-07-21 00:00:00,0.4852533880982145,0.48959352261643596,0.46908799573332316,301257600,0.4732789993286133
2004-07-22 00:00:00,0.46774129902956063,0.4749254162052128,0.4648972685258563,334118400,0.47417691349983215
2004-07-23 00:00:00,0.4719321316737975,0.4752245035483985,0.45621602700446706,273571200,0.4595084488391876
2004-07-26 00:00:00,0.4617540092754228,0.4707343917433706,0.4607062455293641,393932000,0.4678904116153717
2004-07-27 00:00:00,0.4759731384238121,0.4901921905742682,0.47253068575426305,425006400,0.48540276288986206
2004-07-28 00:00:00,0.4836067679468099,0.4851037739122699,0.4663944967139876,285051200,0.4830082952976227
2004-07-29 00:00:00,0.4860013929310626,0.49124011374737664,0.48091275238837766,222157600,0.4885461628437042
2004-07-30 00:00:00,0.4886963048535197,0.4939350268671951,0.4789674138400631,243023200,0.4840560555458069
2004-08-02 00:00:00,0.46669346650384463,0.48196028155365134,0.4659449639085302,365092000,0.4726806879043579
2004-08-03 00:00:00,0.4707343904987564,0.4747761646181554,0.466244174296592,211629600,0.4683396518230438
2004-08-04 00:00:00,0.4668427644189464,0.48076265798218165,0.46654355315432,276488800,0.4758239984512329
2004-08-05 00:00:00,0.47612311432754884,0.48345726030153496,0.46774120466578045,244501600,0.46983668208122253
2004-08-06 00:00:00,0.4625028020054756,0.46549596494502377,0.4445411764798891,492290400,0.4457389712333679
2004-08-09 00:00:00,0.4467864948593367,0.45576687912538366,0.44618717307722977,290847200,0.45352137088775635
2004-08-10 00:00:00,0.45486914517613775,0.47208140906128765,0.454269823460225,351036000,0.4717821478843689
2004-08-11 00:00:00,0.4654956751797601,0.46594496658800816,0.45292280992713146,322392000,0.46414870023727417
2004-08-12 00:00:00,0.45576684552710256,0.46175406769057836,0.45322212622723074,226200800,0.45456910133361816
2004-08-13 00:00:00,0.4580123156193369,0.46818964321080975,0.4550183051048198,328048000,0.4616039991378784
2004-08-16 00:00:00,0.46399880618419054,0.4747763075320051,0.45861090483266537,435674400,0.4607063829898834
2004-08-17 00:00:00,0.45771243098213826,0.46594516369866434,0.4542699770412724,323019200,0.46205341815948486
2004-08-18 00:00:00,0.4566646521476375,0.4767217496819838,0.4563653909118774,364655200,0.47507551312446594
2004-08-19 00:00:00,0.47163298738554404,0.47687170689303615,0.4544198734318847,388920000,0.45965859293937683
2004-08-20 00:00:00,0.45965859338770665,0.46384954901373526,0.4563653214119711,316780800,0.4610055685043335
2004-08-23 00:00:00,0.46190321855162747,0.46804047059028586,0.4580123237609539,254660000,0.46519649028778076
2004-08-24 00:00:00,0.46789067082806607,0.4782188832759857,0.4668429065015431,374136000,0.4782188832759857
2004-08-25 00:00:00,0.4770208037747284,0.4961793618867749,0.4749253263330733,505618400,0.4946832060813904
2004-08-26 00:00:00,0.4945332615430263,0.5265639542295232,0.49004309425084625,955858400,0.5187813639640808
2004-08-27 00:00:00,0.519080781951584,0.5202777273850071,0.5089025990744839,388813600,0.514141321182251
2004-08-30 00:00:00,0.5089023499113393,0.5196790002288066,0.5083038774876453,218142400,0.5106986165046692
2004-08-31 00:00:00,0.5099500513453793,0.5231213891065155,0.5089022875810877,376560800,0.5162364840507507
2004-09-01 00:00:00,0.5133926876228141,0.5386884577566055,0.5117464509189208,515726400,0.5367422103881836
2004-09-02 00:00:00,0.5313541761041114,0.5359935738362278,0.5213251793051509,406324800,0.5337488651275635
2004-09-03 00:00:00,0.524019916119743,0.5376405451426054,0.524019916119743,293468000,0.5273123383522034
2004-09-07 00:00:00,0.5298571606012724,0.5416815244602212,0.5273123913913846,301957600,0.5352450609207153
2004-09-08 00:00:00,0.5343475525154994,0.5473697159921769,0.5340483411675213,343526400,0.5440764427185059
2004-09-09 00:00:00,0.5403344571804004,0.5433276180512706,0.5280608039616961,461339200,0.5343472361564636
2004-09-10 00:00:00,0.533748874341692,0.542280016585178,0.5307548635289816,328014400,0.5368921160697937
2004-09-13 00:00:00,0.537041331181692,0.5398853118977747,0.528659419320495,281976800,0.5327011942863464
2004-09-14 00:00:00,0.5274624498108004,0.532101847701862,0.5205766944497747,254822400,0.5312041640281677
2004-09-15 00:00:00,0.5292586863964338,0.5310541036020361,0.520876775401685,232668800,0.5268630981445312
2004-09-16 00:00:00,0.5268633219640716,0.5502136976224405,0.5250679539559002,501916800,0.5440764427185059
2004-09-17 00:00:00,0.5470703387412816,0.5594931764719615,0.5448247804879554,502308800,0.5559006929397583
2004-09-20 00:00:00,0.5520085845065081,0.568473186429059,0.5518594036373338,245000000,0.5644322633743286
2004-09-21 00:00:00,0.5650310044198017,0.5817948253823485,0.5606908182788505,386652000,0.5689226984977722
2004-09-22 00:00:00,0.5702698202518539,0.5708682927710784,0.5509612252748233,401688000,0.5526083111763
2004-09-23 00:00:00,0.55440445078202,0.5612893568199087,0.55275741507037,397404000,0.5578469038009644
2004-09-24 00:00:00,0.5605409277468262,0.5687728100177722,0.5560507601843522,369488000,0.5581462383270264
2004-09-27 00:00:00,0.5530565888657085,0.5684734855695297,0.5512612216400957,397516000,0.5617386102676392
2004-09-28 00:00:00,0.5606911200175553,0.5731139621625279,0.5605410896744641,353186400,0.569372296333313
2004-09-29 00:00:00,0.5677253412082922,0.5816460407295878,0.5660791039312489,273509600,0.5789512395858765
2004-09-30 00:00:00,0.5837415357821466,0.5877824636243898,0.57550880040621,425012000,0.5799989700317383
2004-10-01 00:00:00,0.5855368683050344,0.58658458272408,0.5774550138054239,465404800,0.5788019895553589
2004-10-04 00:00:00,0.5864352494785283,0.5864352494785283,0.5799987344476768,574084000,0.5805980563163757
2004-10-05 00:00:00,0.5771548154614196,0.5937694622989871,0.574760125656278,406162400,0.589279294013977
2004-10-06 00:00:00,0.5912244909856731,0.6100837892920349,0.5907751995672426,446303200,0.6082875728607178
2004-10-07 00:00:00,0.6067915194121627,0.6126287121889157,0.5906261669911825,426148800,0.5930208563804626
2004-10-08 00:00:00,0.5921231820116749,0.5952663742555155,0.5813456807047193,359228800,0.5846389532089233
2004-10-11 00:00:00,0.5807470581073595,0.5846387518271859,0.5717666261272034,323870400,0.577603816986084
2004-10-12 00:00:00,0.5762571611659968,0.5774549557715081,0.5635342593084739,460191200,0.5731139183044434
2004-10-13 00:00:00,0.5817948348700875,0.5951162034367954,0.579849387480395,1163008000,0.5949661731719971
2004-10-14 00:00:00,0.6464554309792248,0.6847724981753797,0.6368757270290986,2768427200,0.6732473969459534
2004-10-15 00:00:00,0.67175122556475,0.682677055663292,0.6614230684635826,1031128000,0.6810308694839478
2004-10-18 00:00:00,0.6690565647725,0.714708685874939,0.6690565647725,1200752000,0.714708685874939
2004-10-19 00:00:00,0.7199472565398706,0.7236889702596764,0.7081220443001451,801992800,0.7097691297531128
2004-10-20 00:00:00,0.7061766686480178,0.7124631520131907,0.6982440489051996,605108000,0.7105177044868469
2004-10-21 00:00:00,0.7106668031961656,0.720395688386328,0.7088705368307981,724505600,0.7175517082214355
2004-10-22 00:00:00,0.7115655308722064,0.7135109787060328,0.7037820908522963,483067200,0.7096192836761475
2004-10-25 00:00:00,0.7064759652166065,0.7160556710593187,0.7045305175928356,392644000,0.7117146849632263
2004-10-26 00:00:00,0.710217343218099,0.7191985729930392,0.7030332287041305,594361600,0.7180008292198181
2004-10-27 00:00:00,0.7260837738612107,0.7576660229103466,0.7209951343242492,1193494400,0.7528757452964783
2004-10-28 00:00:00,0.7480861870921355,0.7816138779553593,0.7409020708824241,864264800,0.7811645865440369
2004-10-29 00:00:00,0.7759260450929013,0.7962823516542674,0.7753275726476291,810219200,0.7843079566955566
2004-11-01 00:00:00,0.7858049149026917,0.7971800373700318,0.7789200091693982,602050400,0.7850564122200012
2004-11-02 00:00:00,0.7843079361895934,0.8094536703401167,0.7843079361895934,729988000,0.8007725477218628
2004-11-03 00:00:00,0.8137945974869554,0.8398380118205107,0.8081065871791585,1204173600,0.8278644680976868
2004-11-04 00:00:00,0.8236736151783579,0.8314562047354171,0.8137946984732516,928625600,0.8149915933609009
2004-11-05 00:00:00,0.8211288621905343,0.8232243400579485,0.7789200436442961,1205047200,0.8190333843231201
2004-11-08 00:00:00,0.8122978050838562,0.8299602141502962,0.8061614006599189,526920800,0.8139440417289734
2004-11-09 00:00:00,0.8116993302904033,0.8164887590128408,0.7989763813798169,475764800,0.8090053796768188
2004-11-10 00:00:00,0.8075082980185018,0.8290616008754227,0.8069098754932469,508676000,0.8194827437400818
2004-11-11 00:00:00,0.8224758427331368,0.8296600100161994,0.8116992420876081,407299200,0.8277145624160767
2004-11-12 00:00:00,0.823373581215669,0.8335517094813646,0.8208296611608846,395701600,0.8307077288627625
2004-11-15 00:00:00,0.8262176446003672,0.8301093395754889,0.8133455147483829,376045600,0.8268169164657593
2004-11-16 00:00:00,0.8256190379837095,0.8262175103896644,0.8154408603916264,295103200,0.8223257660865784
2004-11-17 00:00:00,0.8260684413113154,0.8299601863768193,0.811549275076269,397751200,0.821727454662323
2004-11-18 00:00:00,0.8127469272288269,0.8299600411486014,0.8125968969531204,459149600,0.8290615081787109
2004-11-19 00:00:00,0.8305585546845254,0.851812594994482,0.8157401290671715,765279200,0.8257691264152527
2004-11-22 00:00:00,0.9250043812148478,0.9579335050097344,0.8666309610136889,2568210400,0.9182694554328918
2004-11-23 00:00:00,0.9324886797033622,0.9347341882827853,0.9137794055775958,911450400,0.9170718789100647
2004-11-24 00:00:00,0.923357973238545,0.9758950437005824,0.9212625455874688,1390788000,0.9586818814277649
2004-11-26 00:00:00,0.9781399639576693,0.9842771672201863,0.9630231253457463,550144000,0.9661663174629211
2004-11-29 00:00:00,1.0320242280620668,1.0413038263899637,1.008973913649797,1712916800,1.0243908166885376
2004-11-30 00:00:00,1.0296285898415738,1.0296285898415738,1.003584384918213,1028518400,1.003584384918213
2004-12-01 00:00:00,1.0146615505218506,1.017056239678944,0.991910504725434,800553600,1.0146615505218506
2004-12-02 00:00:00,0.9898149684423387,1.0013401718049726,0.9678125254851673,987442400,0.9760443568229675
2004-12-03 00:00:00,0.9658663413501568,0.9729013289064046,0.9242568370027208,1238848800,0.9381766319274902
2004-12-06 00:00:00,0.9616752187414378,0.9914612505896109,0.9422174453250101,1247920800,0.9845763444900513
2004-12-07 00:00:00,0.9868210179755093,0.9987954635952696,0.9363803644469245,1056899200,0.9413198232650757
2004-12-08 00:00:00,0.9441633380950452,0.9643696066537295,0.9287465459131677,691902400,0.947156548500061
2004-12-09 00:00:00,0.9401221820809549,0.963920998209489,0.9290463170917467,741501600,0.9577845931053162
2004-12-10 00:00:00,0.9733505036447613,0.9886173228772704,0.9684110446360575,775773600,0.9751467704772949
2004-12-13 00:00:00,0.9821815198403356,0.9863724754607083,0.96691390338749,395040800,0.9715541005134583
2004-12-14 00:00:00,0.9788886373299778,0.9860736058570664,0.9732005747161425,415721600,0.9772423505783081
2004-12-15 00:00:00,0.9764937895055152,0.9797870622547734,0.9678127149445288,398361600,0.9767930507659912
2004-12-16 00:00:00,0.9901142881659152,1.0103205655844372,0.9886172826260965,1126115200,0.9968500137329102
2004-12-17 00:00:00,1.0004418248465528,1.0034358364555291,0.9714051880308647,783496000,0.9727522134780884
2004-12-20 00:00:00,0.9799359962070555,0.9878686658163498,0.9244058101380642,1168126400,0.9387749433517456
2004-12-21 00:00:00,0.9513474000147342,0.9544905903454705,0.9220107237806843,1064414400,0.9532928466796875
2004-12-22 00:00:00,0.9528448384506509,0.9633222775491644,0.948953143987578,565829600,0.9541918635368347
2004-12-23 00:00:00,0.9541919348542117,0.9616752637852742,0.9519464265815057,245929600,0.9580836296081543
2004-12-27 00:00:00,0.96990766755106,0.9751463857245455,0.9411694079750139,559490400,0.9453603625297546
2004-12-28 00:00:00,0.9474563822388831,0.9616754392198122,0.9287471072555857,611755200,0.9606276750564575
2004-12-29 00:00:00,0.9550894686751609,0.9726017925585012,0.9514978350617532,449562400,0.9645191431045532
2004-12-30 00:00:00,0.9700571800054543,0.9733504522649161,0.961226825848542,345340800,0.9699079990386963
2004-12-31 00:00:00,0.971254839786535,0.9729010259624229,0.958382713053753,278588800,0.9639205932617188
2005-01-03 00:00:00,0.9696088778665204,0.9745483373279094,0.9369789089845527,691992000,0.9473071694374084
2005-01-04 00:00:00,0.9547903313461297,0.9799360664724686,0.9425167249894523,1096810400,0.9570358395576477
2005-01-05 00:00:00,0.9648187187975624,0.9766439864518551,0.9586823134602656,680433600,0.9654180407524109
2005-01-06 00:00:00,0.9679617848995334,0.9715542185768958,0.9479054873716165,705555200,0.9661663174629211
2005-01-07 00:00:00,0.9729015375020394,1.042202364855188,0.9691598218030695,2227450400,1.036514401435852
2005-01-10 00:00:00,1.0451953022918288,1.0582175126628668,1.0160085885940235,1725309600,1.032173991203308
2005-01-11 00:00:00,1.0215464147984694,1.0350169654156118,0.9600290051591697,2611627200,0.9663153886795044
2005-01-12 00:00:00,0.9796371309236003,0.9863727578278185,0.947456401902978,1919702400,0.9797871112823486
2005-01-13 00:00:00,1.103270032603035,1.1138974513650266,1.043698973435152,3164716800,1.0447466373443604
2005-01-14 00:00:00,1.0514813535352667,1.0734838899797006,1.0356160180615535,1770742400,1.0507328510284424
2005-01-18 00:00:00,1.0454945640291697,1.058217513168613,1.0140623418708414,1006460000,1.0574690103530884
2005-01-19 00:00:00,1.0550741518331057,1.0695924676070119,1.0439982893110638,751895200,1.0459437370300293
2005-01-20 00:00:00,1.0425010528828833,1.0667490998879385,1.03980710299413,914922400,1.0546246767044067
2005-01-21 00:00:00,1.0673473194461165,1.071687454239988,1.0477394745415356,911332800,1.055073618888855
2005-01-24 00:00:00,1.0624080851131328,1.0743824271848006,1.0559716227019935,841629600,1.0591148138046265
2005-01-25 00:00:00,1.0682456776121674,1.0902482244748892,1.0618100118416476,969231200,1.0784238576889038
2005-01-26 00:00:00,1.087554203112403,1.0889011284781969,1.0660008992527177,739496800,1.0814177989959717
2005-01-27 00:00:00,1.0800701515704112,1.0914460772423376,1.0709405340673963,496227200,1.0872551202774048
2005-01-28 00:00:00,1.0869551040595493,1.1073106527328491,1.0842603554748869,801612000,1.1073106527328491
2005-01-31 00:00:00,1.1162921277311235,1.165835084855366,1.1152443640072192,1681097600,1.1510167121887207
2005-02-01 00:00:00,1.1532627132407738,1.164039316472519,1.14622772522818,678395200,1.1604468822479248
2005-02-02 00:00:00,1.16673319507336,1.1960699905504772,1.1628414998184133,1020062400,1.1918790340423584
2005-02-03 00:00:00,1.1839465216820746,1.1888859817077049,1.1574537537139635,731651200,1.1646379232406616
2005-02-04 00:00:00,1.165535639489874,1.1814009740108002,1.1604462024460185,563556000,1.180053949356079
2005-02-07 00:00:00,1.1814014954052117,1.187687979609211,1.1599982723908384,524456800,1.1815515756607056
2005-02-08 00:00:00,1.183496671723848,1.2180720747697062,1.1793056168865348,890019200,1.2108879089355469
2005-02-09 00:00:00,1.212983748969904,1.2272029045454902,1.168978657414447,1191456000,1.1785575151443481
2005-02-10 00:00:00,1.1782580591893674,1.1866399697782184,1.1474251662161106,1093019200,1.17287015914917
2005-02-11 00:00:00,1.1953212931891204,1.223760300279012,1.181551480813037,1201054400,1.2155283689498901
2005-02-14 00:00:00,1.2382790137372672,1.269112719903671,1.228101631504354,1271463200,1.2667180299758911
2005-02-15 00:00:00,1.2971019771786763,1.3333235713567608,1.2872230608238706,2312217600,1.3232954740524292
2005-02-16 00:00:00,1.3194038419154295,1.3500874569994554,1.3074293972846327,1639243200,1.3490397930145264
2005-02-17 00:00:00,1.3568232823925728,1.3602657356380436,1.3089264995289827,1518473600,1.3143151998519897
2005-02-18 00:00:00,1.31326753227858,1.3150636991012652,1.290965727085211,1163254400,1.2993476390838623
2005-02-22 00:00:00,1.2917130219054453,1.3216490262275575,1.276596188545227,1219293600,1.276596188545227
2005-02-23 00:00:00,1.2979997184280874,1.3238939552700306,1.2804881923263671,1345181600,1.3206015825271606
2005-02-24 00:00:00,1.3243432620754965,1.3367660485792894,1.3131173204786215,1519028000,1.3310788869857788
2005-02-25 00:00:00,1.3414066872086674,1.3457476242080326,1.3200025624386644,915510400,1.3319770097732544
2005-02-28 00:00:00,1.33751433837575,1.3512850470318232,1.3159611414555612,651610400,1.3429031372070312
2005-03-01 00:00:00,1.346795011551816,1.3503866453053306,1.3219484399651151,468188000,1.3321266174316406
2005-03-02 00:00:00,1.3246426468161243,1.3438012613028822,1.319554006737856,458161200,1.3207509517669678
2005-03-03 00:00:00,1.328234669861911,1.3294316144308156,1.233938139711021,1411653600,1.2510011196136475
2005-03-04 00:00:00,1.2800390967090107,1.2875224259938616,1.252797831665163,756618800,1.2815361022949219
2005-03-07 00:00:00,1.2812360629685002,1.2947075147408569,1.2677655104786492,450632000,1.2797398567199707
2005-03-08 00:00:00,1.2542944503961229,1.2620771384296747,1.2004104593851517,1021451200,1.213282585144043
2005-03-09 00:00:00,1.1866400182018375,1.2057985290149387,1.1623927683871318,1322465200,1.1779588460922241
2005-03-10 00:00:00,1.183347188025112,1.2051997422831535,1.1704750643408963,777109200,1.192327618598938
2005-03-11 00:00:00,1.2037032438226396,1.2150791667718583,1.1914304365133666,632830800,1.2054994106292725
2005-03-14 00:00:00,1.2129838028842805,1.2210665546073038,1.183048684594456,605385200,1.2069966793060303
2005-03-15 00:00:00,1.2165761856826847,1.2315437429681033,1.2049010013907209,508608800,1.2261550426483154
2005-03-16 00:00:00,1.2336392236203684,1.2665675486246206,1.2207670948724918,697813200,1.2327406406402588
2005-03-17 00:00:00,1.2432179586306675,1.283631406961772,1.2369314755144118,801920000,1.2647720575332642
2005-03-18 00:00:00,1.2971018611459115,1.3003951327303618,1.27225529161177,940150400,1.2860260009765625
2005-03-21 00:00:00,1.2959042235507878,1.316260478554332,1.283032095954388,541128000,1.3081778287887573
2005-03-22 00:00:00,1.3084773346956622,1.3159615634228599,1.27764443464633,551415200,1.2821346521377563
2005-03-23 00:00:00,1.270758440150915,1.2991974459448312,1.257886312054577,609823200,1.2737524509429932
2005-03-24 00:00:00,1.284529246439216,1.2872231968781198,1.272255539894104,352704800,1.272255539894104
2005-03-28 00:00:00,1.2797396649506325,1.2860261483231628,1.271357753734101,275410800,1.2731540203094482
2005-03-29 00:00:00,1.2740514694209113,1.2821342178808681,1.242320096971434,461356000,1.2498034238815308
2005-03-30 00:00:00,1.259383587729033,1.2812360525131226,1.2518993590985503,394959600,1.2812360525131226
2005-03-31 00:00:00,1.2707582106807733,1.272853738080084,1.2450140590571719,636134800,1.2474087476730347
2005-04-01 00:00:00,1.2599817755553457,1.2626765250191154,1.2144804877132485,641284000,1.2240593433380127
2005-04-04 00:00:00,1.2270535183913727,1.2366323745196002,1.2022069458125422,580014400,1.2300466299057007
2005-04-05 00:00:00,1.233938506681246,1.264472143056795,1.2300467120507361,556239600,1.2539947032928467
2005-04-06 00:00:00,1.2692622613995521,1.2815358664118166,1.2617780342097786,414825600,1.2671667337417603
2005-04-07 00:00:00,1.2671669056251906,1.3096749876918303,1.2647722163891202,506987600,1.3039870262145996
2005-04-08 00:00:00,1.3081778995067335,1.330629683420312,1.3033884214169968,649950000,1.3093756437301636
2005-04-11 00:00:00,1.3216496883571054,1.3246428006796458,1.2545942800639511,821662800,1.2548935413360596
2005-04-12 00:00:00,1.2719563718824882,1.2929111515015839,1.2575872374004358,981061200,1.2770450115203857
2005-04-13 00:00:00,1.285726871357582,1.2869238161783003,1.2090918272313824,1371946800,1.228549599647522
2005-04-14 00:00:00,1.1617936567170215,1.1842455433591779,1.1028210083599341,2753192400,1.115393877029419
2005-04-15 00:00:00,1.0962351468161204,1.115094396145314,1.0561217594046557,1728087200,1.0582172870635986
2005-04-18 00:00:00,1.0477398276101346,1.0866562694663717,1.017804618078966,1327177600,1.0662999153137207
2005-04-19 00:00:00,1.0956370292341115,1.120782770909571,1.0737836612888987,1081642800,1.1103054285049438
2005-04-20 00:00:00,1.1273679477110663,1.1297626362978401,1.0609110928176906,945131600,1.0630065202713013
2005-04-21 00:00:00,1.089649513415754,1.113897564666457,1.0746819567879362,759592400,1.1129990816116333
2005-04-22 00:00:00,1.1028209360561703,1.107611213793143,1.0447467746469945,839129200,1.062707543373108
2005-04-25 00:00:00,1.092343518178923,1.1082096585720254,1.0809684943201228,746460400,1.1070119142532349
2005-04-26 00:00:00,1.1010246831262849,1.1228780461437606,1.081267647431571,810507600,1.0833631753921509
2005-04-27 00:00:00,1.0743826417702864,1.0884517146385932,1.063006719765381,613888800,1.0761789083480835
2005-04-28 00:00:00,1.0863559784097956,1.087852983373315,1.05492377026741,575106000,1.0639050006866455
2005-04-29 00:00:00,1.0821650608501614,1.0845605486500551,1.0543252839749486,671630400,1.0794711112976074
2005-05-02 00:00:00,1.0839618151472104,1.0971340075858549,1.0782747517623357,465920000,1.0905475616455078
2005-05-03 00:00:00,1.089649567595865,1.0998277464175104,1.0785737050369093,496739600,1.0839616060256958
2005-05-04 00:00:00,1.0809685930417468,1.1135976612627883,1.0806693317951972,448176400,1.1121015548706055
2005-05-05 00:00:00,1.1150942436464981,1.1156927659123976,1.0917447809390428,387366000,1.0980311632156372
2005-05-06 00:00:00,1.104318124042745,1.1174895164907837,1.1013249118944703,326247600,1.1147955656051636
2005-05-09 00:00:00,1.1159928337796643,1.1210814721163627,1.1001266978555442,355695200,1.1067123413085938
2005-05-10 00:00:00,1.1001267850956542,1.1150943394399588,1.0875539195421342,440263600,1.0902478694915771
2005-05-11 00:00:00,1.053727330369521,1.0677972053436013,0.9911621452284768,2041981200,1.0660009384155273
2005-05-12 00:00:00,1.06031310224453,1.0654017431029355,1.017805010387894,970242000,1.0216968059539795
2005-05-13 00:00:00,1.0237919655691319,1.0546248624701342,1.0199002709454577,702713200,1.040855050086975
2005-05-16 00:00:00,1.0345685042005437,1.0686946711850407,1.0336700211987795,474294800,1.064204454421997
2005-05-17 00:00:00,1.0519309762014444,1.0615106327021417,1.0339694075334267,588344400,1.0585166215896606
2005-05-18 00:00:00,1.0612103314507526,1.124374818886248,1.047440521351376,636722800,1.072885513305664
2005-05-19 00:00:00,1.0710893025187704,1.127966510883978,1.0710893025187704,793161600,1.1240748167037964
2005-05-20 00:00:00,1.1150943836613292,1.1270688272926574,1.11329821711663,452650800,1.1240748167037964
2005-05-23 00:00:00,1.1330563680440255,1.1944237102840514,1.1330563680440255,1042574400,1.190232753753662
2005-05-24 00:00:00,1.18095284190139,1.1971173418402385,1.1683799756632713,593460000,1.1884362697601318
2005-05-25 00:00:00,1.182448916862486,1.1959202645748994,1.1770610172671059,396006800,1.1908308267593384
2005-05-26 00:00:00,1.1956206339125044,1.225555729161316,1.1956206339125044,525520800,1.2195686101913452
2005-05-27 00:00:00,1.2165766550273809,1.2210668739851573,1.1977172957553488,316008000,1.2141810655593872
2005-05-31 00:00:00,1.2171747599065716,1.2195695493866716,1.1848440527622242,404205200,1.190232753753662
2005-06-01 00:00:00,1.194124167420406,1.2201675821257312,1.1932255845809365,453812800,1.2063977718353271
2005-06-02 00:00:00,1.1989138585579688,1.206996609815644,1.1854433059038008,373973600,1.1986145973205566
2005-06-03 00:00:00,1.142336116473251,1.154908987732139,1.1306618284601266,956869200,1.144730806350708
2005-06-06 00:00:00,1.1474253310800973,1.1564056653720156,1.1243750236887229,811966400,1.1351516246795654
2005-06-07 00:00:00,1.125571714667341,1.1294634084764232,1.0911462916327992,745264800,1.09384024143219
2005-06-08 00:00:00,1.0965343769545082,1.1150944661960367,1.0947382102768641,404006400,1.1052155494689941
2005-06-09 00:00:00,1.10761122205035,1.1357501696041492,1.1022225217670671,390255600,1.1270689964294434
2005-06-10 00:00:00,1.1195844568424178,1.1195844568424178,1.0633057780236086,678932800,1.0719877481460571
2005-06-13 00:00:00,1.0743826169075048,1.0959359168572864,1.0722871891091372,435772400,1.0746818780899048
2005-06-14 00:00:00,1.0752800773187579,1.082165081489936,1.0701914392311649,347846800,1.0776748657226562
2005-06-15 00:00:00,1.103719224900845,1.1165912506083726,1.0866561444416307,563343200,1.1115018129348755
2005-06-16 00:00:00,1.1132981079823767,1.1399408427693223,1.1022222483104276,547674400,1.1369476318359375
2005-06-17 00:00:00,1.1516161868759447,1.1537116146819653,1.1324567764748652,596125600,1.146825909614563
2005-06-20 00:00:00,1.1330559081149558,1.140240073798495,1.1210814659736836,323716400,1.125870943069458
2005-06-21 00:00:00,1.129164779804822,1.143234656445521,1.1189865988086534,370526800,1.133355736732483
2005-06-22 00:00:00,1.1453296012330145,1.1555069785685312,1.1417371683888358,424925200,1.1540107727050781
2005-06-23 00:00:00,1.1623927146251583,1.1908309185900119,1.1570040152522483,674254000,1.1641889810562134
2005-06-24 00:00:00,1.1701753251570548,1.1710739080303803,1.127966510494044,410709600,1.1303611993789673
2005-06-27 00:00:00,1.1028210345267946,1.140539641430206,1.0980315557243425,600171600,1.1106045246124268
2005-06-28 00:00:00,1.1222795881387717,1.1252726998150095,1.1126998322099573,350299600,1.116890788078308
2005-06-29 00:00:00,1.114496171417271,1.1162924382209758,1.0812676835955,448358400,1.0887519121170044
2005-06-30 00:00:00,1.0959360047766422,1.1124005669830654,1.0869555706574114,418390000,1.1019232273101807
2005-07-01 00:00:00,1.1025213409032928,1.1067122955822977,1.0863560444323968,250000800,1.0926424264907837
2005-07-05 00:00:00,1.0941394996516156,1.1420362702791371,1.0926424945039332,454269200,1.1369476318359375
2005-07-06 00:00:00,1.1288649796454253,1.142335527927188,1.1135972657980586,394626400,1.119285225868225
2005-07-07 00:00:00,1.1019232526056955,1.1303613612495915,1.101623991392418,383723200,1.1264705657958984
2005-07-08 00:00:00,1.1336546594352277,1.1459283662714796,1.1216803137393787,290735200,1.1450297832489014
2005-07-11 00:00:00,1.1486221573994793,1.157004068327202,1.1309605520082164,388788400,1.1405394077301025
2005-07-12 00:00:00,1.1444316449765484,1.1495210853883093,1.1348527855464228,387038400,1.144730806350708
2005-07-13 00:00:00,1.1462269818113857,1.1525134628463563,1.1345519028945916,684835200,1.148023247718811
2005-07-14 00:00:00,1.2210666236309935,1.2575874899930655,1.2043027965686202,2096060400,1.219868779182434
2005-07-15 00:00:00,1.2264540677115148,1.2444156325968747,1.2111872521482654,687682800,1.2438172101974487
2005-07-18 00:00:00,1.239626275782103,1.2602809916118467,1.238428431760629,586297600,1.2420209646224976
2005-07-19 00:00:00,1.242918632129479,1.2941086775803032,1.2294480829153094,671062000,1.2929109334945679
2005-07-20 00:00:00,1.2830319273691173,1.3111716671818316,1.2767454450264135,453395600,1.3060821294784546
2005-07-21 00:00:00,1.3081782455309914,1.3183564262353245,1.284230249226266,404264000,1.2959046363830566
2005-07-22 00:00:00,1.3003957056032334,1.3171595335006714,1.2988986997288359,301106400,1.3171595335006714
2005-07-25 00:00:00,1.3168591246062615,1.3255410969078516,1.3090765346509594,294627200,1.3114712238311768
2005-07-26 00:00:00,1.3174581495245352,1.3204512605247052,1.2979994807749078,268592800,1.3060821294784546
2005-07-27 00:00:00,1.3120695290291793,1.3192544952099359,1.2773449402960229,283749200,1.3168590068817139
2005-07-28 00:00:00,1.312667856647161,1.3171588720149365,1.2962040976667626,251311200,1.3111716508865356
2005-07-29 00:00:00,1.3039868171422109,1.328534126480942,1.2650712747704902,562080400,1.2767455577850342
2005-08-01 00:00:00,1.274351156106694,1.2896179754410635,1.2596827593195694,314249600,1.2797398567199707
2005-08-02 00:00:00,1.2839305007382855,1.3021905274915853,1.2755485903039814,296875600,1.2929109334945679
2005-08-03 00:00:00,1.292911253288004,1.2965036870717435,1.2803383845267282,258322400,1.293808937072754
2005-08-04 00:00:00,1.2839305026709844,1.2872229749683464,1.2659689376896035,269304000,1.2785418033599854
2005-08-05 00:00:00,1.2719568001582646,1.298000228184242,1.2578868222299415,241931200,1.2869243621826172
2005-08-08 00:00:00,1.2872229959747963,1.2947072229797894,1.2755486130399964,176383200,1.2767455577850342
2005-08-09 00:00:00,1.285127833061062,1.3138661058469658,1.2845294104788514,380839200,1.3117706775665283
2005-08-10 00:00:00,1.3171589726921415,1.3288332554228819,1.2965033579810816,360945200,1.2985988855361938
2005-08-11 00:00:00,1.2988986997288359,1.3207511685397328,1.2947077427544764,271983600,1.3171595335006714
2005-08-12 00:00:00,1.3009935182387902,1.3836149743183364,1.2979995078938433,916036800,1.3800232410430908
2005-08-15 00:00:00,1.3913985243094054,1.4467787293269347,1.3905008406865291,1086727600,1.427320957183838
2005-08-16 00:00:00,1.4186400271517337,1.42193329958901,1.3833161106100196,537622400,1.3845138549804688
2005-08-17 00:00:00,1.3890038482108464,1.4201368035136548,1.3881052652972963,499724400,1.4114556312561035
2005-08-18 00:00:00,1.4042707603121745,1.4069647106709662,1.3695461688453021,442559600,1.386009931564331
2005-08-19 00:00:00,1.3854114023010011,1.3979843696230392,1.3701445845537692,376569200,1.3719408512115479
2005-08-22 00:00:00,1.3815197435063316,1.3994814113469294,1.3548778019193586,387732800,1.3731378316879272
2005-08-23 00:00:00,1.3725390389031784,1.3800231650712937,1.3566729032576903,295604400,1.3692457675933838
2005-08-24 00:00:00,1.3650549291749,1.410557013278702,1.364755668019719,572070800,1.3701443672180176
2005-08-25 00:00:00,1.3806221697862775,1.3916980329023476,1.3713416742351352,276253600,1.3788259029388428
2005-08-26 00:00:00,1.3806216873306363,1.3872073306680324,1.3578706472180806,261058000,1.3692457675933838
2005-08-29 00:00:00,1.3551773358748307,1.3779283867040835,1.3548780746041948,256295200,1.372240424156189
2005-08-30 00:00:00,1.3767304320421274,1.4006784243783288,1.3746349040254928,518761600,1.3940926790237427
2005-08-31 00:00:00,1.4027735162917372,1.4078630542220707,1.3851120123178475,402956400,1.4036720991134644
2005-09-01 00:00:00,1.4069645534055135,1.4120540916324917,1.379723293651684,356367200,1.384812831878662
2005-09-02 00:00:00,1.386010422195345,1.4009788833950583,1.380622519570509,222378800,1.3836157321929932
2005-09-06 00:00:00,1.3979842387463852,1.4632432587886202,1.3934940221635104,818619200,1.4608485698699951
2005-09-07 00:00:00,1.468332738550351,1.4788101766134176,1.4345058354582412,963074000,1.4572560787200928
2005-09-08 00:00:00,1.4773132332673051,1.5003634380995998,1.471026750181969,702640400,1.490185260772705
2005-09-09 00:00:00,1.4988663679854226,1.5371842867927372,1.4904844575141647,615641600,1.5359865427017212
2005-09-12 00:00:00,1.5297003387196233,1.5455664779511453,1.5141342600475405,452796400,1.5386806726455688
2005-09-13 00:00:00,1.5273056778116942,1.535388428664235,1.5063508974249984,492884000,1.5213185548782349
2005-09-14 00:00:00,1.528502332553057,1.532394126589295,1.4806063573824901,474426400,1.4850965738296509
2005-09-15 00:00:00,1.4967710658271525,1.5021597656056227,1.4767147708960595,415156000,1.4928792715072632
2005-09-16 00:00:00,1.5036567472142528,1.5329934358596802,1.4952748361727022,591004400,1.5329934358596802
2005-09-19 00:00:00,1.5282032603415527,1.5832850039042943,1.5282032603415527,783731200,1.5758007764816284
2005-09-20 00:00:00,1.5862784827713725,1.6108256976994793,1.5841829546949757,819828800,1.5922656059265137
2005-09-21 00:00:00,1.5853801671231917,1.588074116842386,1.5524510507788665,434747600,1.559934377670288
2005-09-22 00:00:00,1.5530499493825716,1.570712356865363,1.5362861249365394,463727600,1.5536484718322754
2005-09-23 00:00:00,1.5596353613904501,1.601545016153363,1.5518527721441289,558457200,1.592564582824707
2005-09-26 00:00:00,1.6174113846399916,1.6332766259325207,1.5961573430139966,546562800,1.6117234230041504
2005-09-27 00:00:00,1.6141183445842409,1.6236980024566472,1.5994499462309284,341703600,1.599749207496643
2005-09-28 00:00:00,1.5886731374663163,1.5898708818160778,1.5144335713579813,1125544000,1.5291019678115845
2005-09-29 00:00:00,1.5335919992005487,1.5743038113235583,1.5210191323022926,636846000,1.5668203830718994
2005-09-30 00:00:00,1.56652101484435,1.6060350775425438,1.5530495667917326,531633200,1.6048381328582764
2005-10-03 00:00:00,1.621302894664283,1.6326780172769673,1.6069337612825811,507553200,1.6296848058700562
2005-10-04 00:00:00,1.644951748873596,1.6569261941425004,1.6057361400598307,539459200,1.6090294122695923
2005-10-05 00:00:00,1.6263914692403112,1.6272900521322855,1.5790940146554353,610769600,1.5799916982650757
2005-10-06 00:00:00,1.5925645464502927,1.6012457184006068,1.5228153101530035,757537200,1.5476617813110352
2005-10-07 00:00:00,1.5482608943138305,1.5545472798347513,1.5132361326154522,677882800,1.5356879234313965
2005-10-10 00:00:00,1.5494567929134153,1.55394790772681,1.5051525602883238,507505600,1.5078473091125488
2005-10-11 00:00:00,1.5335921425765626,1.5527506559456161,1.5087455677275379,1225884800,1.5443687438964844
2005-10-12 00:00:00,1.456358270176429,1.5057521485731478,1.4330088055490957,2697486400,1.4743199348449707
2005-10-13 00:00:00,1.4800076239880815,1.6150168204080337,1.4749188835305405,1865575600,1.608730435371399
2005-10-14 00:00:00,1.6174112391611768,1.6269900954312648,1.5802910602989724,1035552000,1.616512656211853
2005-10-17 00:00:00,1.6159146116205518,1.6233988411112217,1.576998956403833,616834400,1.599749207496643
2005-10-18 00:00:00,1.5940617539647002,1.6150165335655264,1.5626295346033254,609588000,1.5629287958145142
2005-10-19 00:00:00,1.5587378395432991,1.6452510082697163,1.5329935816057279,1008683200,1.6446524858474731
2005-10-20 00:00:00,1.630582141118495,1.6913511342565932,1.6269897086602487,1357762000,1.6805745363235474
2005-10-21 00:00:00,1.701529555632834,1.7057206111119845,1.657225311039247,796726000,1.666205644607544
2005-10-24 00:00:00,1.6539323114983884,1.7000328302383423,1.6491428327799496,609753200,1.7000328302383423
2005-10-25 00:00:00,1.688358192256408,1.70182864205633,1.6671041542112681,465127600,1.6793769598007202
2005-10-26 00:00:00,1.68476592687627,1.723082953757123,1.6739893255162013,631593200,1.707217812538147
2005-10-27 00:00:00,1.7060199816453712,1.7066185040895714,1.6587225198745728,411541200,1.6587225198745728
2005-10-28 00:00:00,1.6775818905042428,1.6892561758222933,1.6216023554709036,769787200,1.6305826902389526
2005-10-31 00:00:00,1.6524360057975889,1.7356559038596409,1.6389645547948166,940844800,1.7239816188812256
2005-11-01 00:00:00,1.713503708781635,1.740445604192196,1.7024269500730405,749686000,1.7212862968444824
2005-11-02 00:00:00,1.7278727120527824,1.7961250291052693,1.72428017981982,857060400,1.7946280241012573
2005-11-03 00:00:00,1.8039093197842655,1.865575924855033,1.7982212574724126,884382800,1.8515069484710693
2005-11-04 00:00:00,1.8066029707519735,1.83324591322215,1.7847506060369522,878035200,1.8305518627166748
2005-11-07 00:00:00,1.821570814832045,1.8461182317656557,1.8003167705614855,638831200,1.8030108213424683
2005-11-08 00:00:00,1.7946285111934677,1.8075014387747574,1.7691834160285573,473765600,1.7931323051452637
2005-11-09 00:00:00,1.7961255157279632,1.832347011456139,1.7961255157279632,552930000,1.7994186878204346
2005-11-10 00:00:00,1.8152845612364306,1.8320483888579395,1.7664900842216607,665344400,1.8314498662948608
2005-11-11 00:00:00,1.8422257900238037,1.8592889725501411,1.836238568196657,425448800,1.8422257900238037
2005-11-14 00:00:00,1.8422257485791176,1.85539723662149,1.8233665997694266,369933200,1.8395318984985352
2005-11-15 00:00:00,1.844022334383184,1.8883265811368803,1.8398312786996933,536841200,1.8643786907196045
2005-11-16 00:00:00,1.8904217843603524,1.9475981497855261,1.8886254181067896,784515200,1.9443057775497437
2005-11-17 00:00:00,1.9634641920887523,1.972145462827584,1.923350809993647,676205600,1.9314335584640503
2005-11-18 00:00:00,1.9550826609501362,1.9586751941397302,1.9269437155851052,524960800,1.9326307773590088
2005-11-21 00:00:00,1.9404149702932907,1.9514907353798892,1.9074856373549884,511711200,1.944605827331543
2005-11-22 00:00:00,1.9410131936517212,1.9984897428280828,1.931434434924264,540282400,1.991304874420166
2005-11-23 00:00:00,2.0020807413966306,2.035009860700007,1.9963936802343596,485853200,2.0089664459228516
2005-11-25 00:00:00,2.0254316941820414,2.081709595216569,2.0206413159845846,395012800,2.075723171234131
2005-11-28 00:00:00,2.117033398788961,2.127510839728379,2.067640405264989,1018519600,2.0853021144866943
2005-11-29 00:00:00,2.0951803961141664,2.1044599898913887,2.0161504714213874,891433200,2.038602352142334
2005-11-30 00:00:00,2.048481334857902,2.061054300544684,2.021240075736965,595674800,2.0302205085754395
2005-12-01 00:00:00,2.0640476931565606,2.147268283255316,2.0598566376123553,812893200,2.143376588821411
2005-12-02 00:00:00,2.1634327108543387,2.1775026825626926,2.1164346168505994,895762000,2.1742103099823
2005-12-05 00:00:00,2.1538541198320518,2.171216465449433,2.140083508170095,583671200,2.1499624252319336
2005-12-06 00:00:00,2.213125664134646,2.240067561316237,2.19576332133638,857029600,2.2167181968688965
2005-12-07 00:00:00,2.2221062857290974,2.228991990708907,2.1888786025186877,679464800,2.213724374771118
2005-12-08 00:00:00,2.1912728323277046,2.2203104532570475,2.1733111700945296,790479200,2.2176156044006348
2005-12-09 00:00:00,2.2215082219101174,2.2328841458967013,2.1957639613629465,555402400,2.2251007556915283
2005-12-12 00:00:00,2.241265113741933,2.2556334442453094,2.2319847217998157,524994400,2.242462158203125
2005-12-13 00:00:00,2.2406664014118336,2.258927229704423,2.221507889449499,493816400,2.244558095932007
2005-12-14 00:00:00,2.171216796947625,2.194267007422913,2.1035629713657222,1450716400,2.1556506156921387
2005-12-15 00:00:00,2.1757066009196335,2.1810953007737743,2.1358923724033927,561162000,2.160738945007324
2005-12-16 00:00:00,2.159542200282622,2.1643317788974237,2.127211595390069,671171200,2.128708600997925
2005-12-19 00:00:00,2.1287084401373835,2.1733118497484543,2.1266129122215176,529295200,2.1367909908294678
2005-12-20 00:00:00,2.1442748238042957,2.166726713009095,2.129008002775175,479108000,2.158643960952759
2005-12-21 00:00:00,2.1733120967328867,2.2035473745430476,2.1715159297437348,475736800,2.200254201889038
2005-12-22 00:00:00,2.2125272248230017,2.2298895682725672,2.2032468313255236,370610800,2.2158195972442627
2005-12-23 00:00:00,2.220311240283003,2.2230050908919017,2.1942668208130245,229857600,2.1957638263702393
2005-12-27 00:00:00,2.2152205998894776,2.2505443978796946,2.213723595076484,590590000,2.2221055030822754
2005-12-28 00:00:00,2.2292915672735125,2.237972840948714,2.194865434047308,398115200,2.2023496627807617
2005-12-29 00:00:00,2.2086360406493424,2.2098338849497634,2.137988206994176,490025200,2.1388866901397705
2005-12-30 00:00:00,2.122721096495767,2.1682231864267183,2.1056579126919246,624262800,2.1520578861236572
2006-01-03 00:00:00,2.166727217131914,2.2376742362976074,2.162835520791918,807234400,2.2376742362976074
2006-01-04 00:00:00,2.2490473029803155,2.274492386972986,2.23018796076259,619603600,2.244257926940918
2006-01-05 00:00:00,2.2400677592925984,2.242163286999153,2.2077379594346027,449422400,2.226597309112549
2006-01-06 00:00:00,2.2526407592717708,2.2960473201925202,2.2316858815748932,704457600,2.2840728759765625
2006-01-09 00:00:00,2.2969452745039995,2.311015248115782,2.2673093209392454,675040800,2.2765889167785645
2006-01-10 00:00:00,2.282575999965051,2.4514122756892722,2.2700032325068316,2279869200,2.4205784797668457
2006-01-11 00:00:00,2.509786684540443,2.5385239555680914,2.472367140948159,1493794400,2.511582851409912
2006-01-12 00:00:00,2.543613374184472,2.5864208168350955,2.5032008205796594,1280809600,2.52325701713562
2006-01-13 00:00:00,2.5442109898488456,2.574745414619387,2.5325367092733946,776305600,2.5621726512908936
2006-01-17 00:00:00,2.565465491496506,2.5858218450074952,2.5106838129782303,835623600,2.535829544067383
2006-01-18 00:00:00,2.4870350138735446,2.516072438130551,2.450214001959118,1200637200,2.469372510910034
2006-01-19 00:00:00,2.4322533402379527,2.4445269442790916,2.3571153103207005,1695848000,2.366095542907715
2006-01-20 00:00:00,2.3732803905600073,2.3960306307715595,2.27000262935087,1134758800,2.2777860164642334
2006-01-23 00:00:00,2.2780856312969666,2.381662774174024,2.2750926197942056,1059730000,2.325084924697876
2006-01-24 00:00:00,2.3577138842816074,2.3774719168684686,2.268206713283347,1142254400,2.276289463043213
2006-01-25 00:00:00,2.316703260924907,2.3199958340060496,2.19276993884586,1275786400,2.2212090492248535
2006-01-26 00:00:00,2.231087525090395,2.2580294246447004,2.1532554374359094,1181387200,2.165229082107544
2006-01-27 00:00:00,2.183789231855219,2.203247105324555,2.128409022836052,953864800,2.1562488079071045
2006-01-30 00:00:00,2.1305044209132595,2.2930533041151717,2.1215231880911674,1398401200,2.2451565265655518
2006-01-31 00:00:00,2.260125929400146,2.2852716732198664,2.2077389131489107,913542000,2.260425090789795
2006-02-01 00:00:00,2.24365893594655,2.288861035977482,2.2343785475874354,521186400,2.257728099822998
2006-02-02 00:00:00,2.2481511011660755,2.255934491840514,2.156847739896482,707322000,2.1583447456359863
2006-02-03 00:00:00,2.162535634203239,2.179000299493704,2.1266132913020317,692123600,2.150860548019409
2006-02-06 00:00:00,2.1559500372458644,2.1706183352463784,1.9978903333051474,1651767600,2.0146541595458984
2006-02-07 00:00:00,2.0436917868586213,2.0799142893289537,1.9960949585796082,1388830800,2.0236353874206543
2006-02-08 00:00:00,2.0502773723903416,2.0679398819610664,1.9757386363518012,953114400,2.059857130050659
2006-02-09 00:00:00,2.0685374236719376,2.0724293174074075,1.9317328124988025,1149764000,1.9443057775497437
2006-02-10 00:00:00,1.9511913967337597,2.0257309312794063,1.8829390464569122,1760477600,2.0149543285369873
2006-02-13 00:00:00,1.9945975690623743,1.9981901023251567,1.9350257056794058,883498000,1.937121033668518
2006-02-14 00:00:00,1.948796056327368,2.038602381459645,1.9458028452238028,1160938800,2.024831771850586
2006-02-15 00:00:00,2.0104632775659494,2.0841051270203694,1.998190468659253,1159771200,2.0721306800842285
2006-02-16 00:00:00,2.092785088140371,2.1257133976706886,2.079912965441465,948175200,2.112541913986206
2006-02-17 00:00:00,2.1044601467715176,2.122122451463188,2.0838046307961946,575999200,2.104160785675049
2006-02-21 00:00:00,2.113141695335066,2.1194280799377783,2.055965311742161,779606800,2.0679397583007812
2006-02-22 00:00:00,2.06554476402796,2.1454721846066453,2.035608652048925,978238800,2.1349947452545166
2006-02-23 00:00:00,2.1490650471025172,2.185286549102762,2.1382874456174292,856917600,2.147867202758789
2006-02-24 00:00:00,2.159541822228529,2.181992905604902,2.131402078570063,534744000,2.139185667037964
2006-02-27 00:00:00,2.155051951921426,2.1589438481447583,2.114938742097314,791240800,2.1251168251037598
2006-02-28 00:00:00,2.1427784331534268,2.1673250491962928,2.038602947186254,1266980400,2.0502772331237793
2006-03-01 00:00:00,2.0607540857004865,2.080212755486247,2.0362076765048847,763817600,2.068537473678589
2006-03-02 00:00:00,2.065245455116433,2.095180768490081,2.055665899040976,625273600,2.0838048458099365
2006-03-03 00:00:00,2.077517909884903,2.0927857244725288,2.0215393869656966,737668400,2.027226448059082
2006-03-06 00:00:00,2.0263290699637317,2.027226753647841,1.944006959734782,912665600,1.9601714611053467
2006-03-07 00:00:00,1.9685542607222684,2.0026812441538513,1.9481986944647798,872877600,1.9850187301635742
2006-03-08 00:00:00,1.984419067757616,2.0116603242130573,1.9562801278190816,653251200,1.965559720993042
2006-03-09 00:00:00,1.9751403502269365,1.9898086487287605,1.910180371443498,799304800,1.9137721061706543
2006-03-10 00:00:00,1.9173638565966047,1.9305353451507699,1.869467080398462,1043142800,1.8916198015213013
2006-03-13 00:00:00,1.9472986876751406,1.984119493932157,1.9395161004497077,861187600,1.9661580324172974
2006-03-14 00:00:00,1.968853758997356,2.0152535438537598,1.9607712068037628,642020400,2.0152535438537598
2006-03-15 00:00:00,2.026927667955132,2.0368065853405186,1.9613691785764538,891996000,1.9826232194900513
2006-03-16 00:00:00,2.001183504789894,2.002680510365881,1.9248484106882402,749638400,1.9251477718353271
2006-03-17 00:00:00,1.9383189267475598,1.9619676563454715,1.9191604142002616,812042000,1.9356250762939453
2006-03-20 00:00:00,1.9523895011243098,1.9595735708416548,1.9119759364947233,605441200,1.915568470954895
2006-03-21 00:00:00,1.8503085374832153,1.926045094949824,1.8377357713408766,1345366400,1.8503085374832153
2006-03-22 00:00:00,1.8607862694215502,1.8934162338113893,1.8341435277970197,1345895600,1.8461179733276367
2006-03-23 00:00:00,1.8506080740182242,1.8530029632321439,1.7844512578892433,1427826400,1.8009151220321655
2006-03-24 00:00:00,1.8036092246367927,1.8242647358676192,1.767087379097032,1071980000,1.794927954673767
2006-03-27 00:00:00,1.8066020758657493,1.837435859315921,1.7781639797875777,1108072000,1.7814563512802124
2006-03-28 00:00:00,1.7850496562505522,1.8003164744062332,1.7437386195447155,1370322800,1.7575092315673828
2006-03-29 00:00:00,1.770081550623049,1.8715623503524008,1.7263758357908812,2346834000,1.8658742904663086
2006-03-30 00:00:00,1.8805434183756662,1.8949125540367453,1.8419270282583649,1390650800,1.8784478902816772
2006-03-31 00:00:00,1.8934160252841765,1.9041926253937824,1.86318075348981,815357200,1.8775498867034912
2006-04-03 00:00:00,1.9059885751991166,1.9194590226305714,1.8742563049747174,815791200,1.8754539489746094
2006-04-04 00:00:00,1.85898927455203,1.862581806837754,1.8275571650180478,931924000,1.831149697303772
2006-04-05 00:00:00,1.9371216036712195,2.011960506439209,1.9203577757823256,2233408800,2.011960506439209
2006-04-06 00:00:00,2.044589669120949,2.1568470795637933,2.0415956585585757,2663768800,2.1325998306274414
2006-04-07 00:00:00,2.12331999476168,2.1317019075905166,2.049678946302735,1545238800,2.089193820953369
2006-04-10 00:00:00,2.1041603431379845,2.1233190496015943,2.0490795116961786,903515200,2.0556652545928955
2006-04-11 00:00:00,2.065244498501088,2.07452408962929,2.007767988033456,939316000,2.035308599472046
2006-04-12 00:00:00,2.035908411003937,2.040697788294942,1.9847182691372356,739894400,1.9969918727874756
2006-04-13 00:00:00,1.9859172210845142,2.0188455572555575,1.9700510760124221,734678000,1.9898089170455933
2006-04-17 00:00:00,1.9910048420796234,2.000883758029614,1.926344245654188,721938000,1.9401148557662964
2006-04-18 00:00:00,1.9469998738914758,1.9898081124727538,1.9395166455853372,794844400,1.9823238849639893
2006-04-19 00:00:00,2.000285512590947,2.0056734128860554,1.9598719638064228,1086033200,1.9652608633041382
2006-04-20 00:00:00,2.0808109936913155,2.0954792847355113,1.9817248891234758,1666982800,2.0245323181152344
2006-04-21 00:00:00,2.0412962686898934,2.0547675161472054,1.989807766021425,788986800,2.006870746612549
2006-04-24 00:00:00,2.001182565940201,2.0032780929866987,1.9607700290862127,707028000,1.968253254890442
2006-04-25 00:00:00,1.9745405902149522,1.993399741315396,1.9625669447376954,529062800,1.9808269739151
2006-04-26 00:00:00,1.9951960534187012,2.043990515923546,1.9877126251199593,710886400,2.040099620819092
2006-04-27 00:00:00,2.0275264342041726,2.091288339633782,2.0161503145902833,845947200,2.0763208866119385
2006-04-28 00:00:00,2.0769200094110603,2.1343963485941058,2.071532108459031,760037600,2.1071550846099854
2006-05-01 00:00:00,2.118530042897077,2.141580448998019,2.070334102577888,750380400,2.083505392074585
2006-05-02 00:00:00,2.099969703801498,2.1547513796665743,2.0987726592256926,771663200,2.143974781036377
2006-05-03 00:00:00,2.1502610442957892,2.1538535767074496,2.1008680701660203,686991200,2.129605531692505
2006-05-04 00:00:00,2.1320013596557343,2.181993682119962,2.109251106922604,860420400,2.129307508468628
2006-05-05 00:00:00,2.1511600026228765,2.162834486538325,2.1299051637046618,563911600,2.1520578861236572
2006-05-08 00:00:00,2.18498700911679,2.209234260129527,2.1469691468706236,594851600,2.1520578861236572
2006-05-09 00:00:00,2.1499628977673604,2.1721154259040434,2.1140403544638486,531666800,2.126314163208008
2006-05-10 00:00:00,2.1340966662551315,2.135294310801573,2.0838051876520463,459888800,2.1134419441223145
2006-05-11 00:00:00,2.1191285565154225,2.1206255619200176,2.0221379540503004,812688800,2.040099620819092
2006-05-12 00:00:00,2.03111799499034,2.056263724082556,2.001482049914742,641774000,2.026627779006958
2006-05-15 00:00:00,2.016749417869846,2.0469846928775137,2.0092659889637074,529177600,2.029322385787964
2006-05-16 00:00:00,2.038602401543785,2.043092617924383,1.9383186375180044,936740000,1.9452035427093506
2006-05-17 00:00:00,1.9371214364305758,1.9667583931667167,1.9179629203834487,754194000,1.9535861015319824
2006-05-18 00:00:00,1.966158667790855,1.983521812552458,1.889524419488556,658442400,1.8913205862045288
2006-05-19 00:00:00,1.893715747104673,1.942211061474491,1.8805436547320773,985866000,1.9311352968215942
2006-05-22 00:00:00,1.9119758142216805,1.9155683484521056,1.8790474811989386,718975600,1.8973075151443481
2006-05-23 00:00:00,1.9416118130287021,1.951489929372307,1.8859316509812782,694414000,1.8904218673706055
2006-05-24 00:00:00,1.8856328178192852,1.9053898533060374,1.8428245753276993,916031200,1.8961100578308105
2006-05-25 00:00:00,1.9236507550827,1.929338616844305,1.8946131236650812,463372000,1.9257460832595825
2006-05-26 00:00:00,1.9251470020693735,1.9326302283921868,1.8901223613863838,432950000,1.9023959636688232
2006-05-30 00:00:00,1.894612711170826,1.8949120722509967,1.8326469659805298,563402000,1.8326469659805298
2006-05-31 00:00:00,1.8488116613925896,1.8497101444095077,1.756909798428133,1280977600,1.7892405986785889
2006-06-01 00:00:00,1.7916339380746922,1.8643772345973229,1.7817550288221236,942508000,1.8610838651657104
2006-06-02 00:00:00,1.8856323842801996,1.8889247564764176,1.8224685983966886,685787200,1.8458181619644165
2006-06-05 00:00:00,1.830551416912178,1.830551416912178,1.7952276092290642,605785600,1.7961252927780151
2006-06-06 00:00:00,1.8027111444957264,1.814984950733595,1.763496435484412,726037200,1.7877436876296997
2006-06-07 00:00:00,1.7991189774663165,1.8080994084588662,1.7467319975804536,750506400,1.7530183792114258
2006-06-08 00:00:00,1.7494260980332468,1.823964805069611,1.7108089202790733,1397482800,1.8188762664794922
2006-06-09 00:00:00,1.83144966359844,1.8428247884874076,1.7691837395518715,775838000,1.7733747959136963
2006-06-12 00:00:00,1.7781648908266547,1.788043009567866,1.7051223678165859,717785600,1.7063192129135132
2006-06-13 00:00:00,1.7245794543964288,1.7691830521594616,1.717095428086703,1080643200,1.7461328506469727
2006-06-14 00:00:00,1.7446372469461766,1.7596049050496922,1.6970396225532802,878136000,1.7245800495147705
2006-06-15 00:00:00,1.7153000155588705,1.788341720824914,1.6988355558777246,1190383600,1.7775651216506958
2006-06-16 00:00:00,1.7649926589832785,1.771878364670484,1.7218860550461217,838101600,1.7230829000473022
2006-06-19 00:00:00,1.7311656121976056,1.7416430516993229,1.706319038581334,704575200,1.712306261062622
2006-06-20 00:00:00,1.7245791474132623,1.7467318613467642,1.7149995954420183,672974400,1.7203882932662964
2006-06-21 00:00:00,1.7284717943655248,1.7575092244258819,1.7153003043393165,863296000,1.732064127922058
2006-06-22 00:00:00,1.742241260682104,1.7886418268836677,1.7383503661313762,965633200,1.7835522890090942
2006-06-23 00:00:00,1.787743346866131,1.8012147948877437,1.7581074002296897,660203600,1.7611004114151
2006-06-26 00:00:00,1.7712793344801112,1.772177817701207,1.747331239443797,466536000,1.765891432762146
2006-06-27 00:00:00,1.768884096264631,1.7727757903974035,1.7182932715816637,550611600,1.7191909551620483
2006-06-28 00:00:00,1.7150001434233992,1.715300104039705,1.6587222560148147,850704400,1.6769822835922241
2006-06-29 00:00:00,1.6991348841981158,1.7688842239719327,1.6880589228554497,873398400,1.765291690826416
2006-06-30 00:00:00,1.7239813575152811,1.728770735299106,1.6913513982169868,739695600,1.7144016027450562
2006-07-03 00:00:00,1.7218862467033815,1.7416432841665714,1.7164975459104244,194770800,1.7347583770751953
2006-07-05 00:00:00,1.7108094303927015,1.724280882192495,1.693147921630598,518240800,1.7063192129135132
2006-07-06 00:00:00,1.7090137871174005,1.7182933818928228,1.6647086431376856,633208800,1.6694989204406738
2006-07-07 00:00:00,1.6608179587690208,1.6928487019292742,1.6365699059192804,799360800,1.6584224700927734
2006-07-10 00:00:00,1.6674033900230605,1.6910521180250726,1.6314810565207054,529345600,1.6464486122131348
2006-07-11 00:00:00,1.6497412470334396,1.676084727180597,1.6323789007066352,825022800,1.665906548500061
2006-07-12 00:00:00,1.6515372405478366,1.653632768275176,1.584182690813522,927329200,1.5853804349899292
2006-07-13 00:00:00,1.5575400123025362,1.6201051864677936,1.538979922905534,1249906000,1.564125657081604
2006-07-14 00:00:00,1.5716101109023182,1.5832852960046782,1.501561598215436,993036800,1.5168284177780151
2006-07-17 00:00:00,1.5485596547108054,1.58987079123337,1.5461649655099283,1024542400,1.567718267440796
2006-07-18 00:00:00,1.5913668981615687,1.6120224151751126,1.5521520913569422,1000448400,1.5835843086242676
2006-07-19 00:00:00,1.5853799641737116,1.6488429006306895,1.5674184031937486,1390743200,1.6195061206817627
2006-07-20 00:00:00,1.8248637838378805,1.8437229344954393,1.7877436052290823,1972146400,1.8110929727554321
2006-07-21 00:00:00,1.7907378238763387,1.8305518574503443,1.7853491233592298,891892400,1.8176789283752441
2006-07-24 00:00:00,1.8338440783606835,1.8589898132425946,1.8089977046026242,722856400,1.83863365650177
2006-07-25 00:00:00,1.8494108122093436,1.8586904063006668,1.8194747037807828,589069600,1.8539010286331177
2006-07-26 00:00:00,1.8559960404921216,1.9350249466974088,1.8464162886164255,898427600,1.911974549293518
2006-07-27 00:00:00,1.9308351122798193,1.9464020940103115,1.8817412759726275,735044800,1.89790678024292
2006-07-28 00:00:00,1.9140707161873436,1.9661585485899928,1.9008994272570041,691507600,1.9634644985198975
2006-07-31 00:00:00,2.000585367265978,2.0544685855442535,1.9841207008488053,892841600,2.034412384033203
2006-08-01 00:00:00,2.012259467255689,2.033513511284859,1.9739424356721713,711765600,2.0110626220703125
2006-08-02 00:00:00,2.02513102079229,2.0559648135277713,2.020940165352891,550768400,2.0403988361358643
2006-08-03 00:00:00,2.0329147099449383,2.0954797822750075,2.0299214985631293,841044400,2.0832061767578125
2006-08-04 00:00:00,2.007170419639362,2.053869352532972,1.9446051485450075,1852866400,2.0445897579193115
2006-08-07 00:00:00,2.0272273284544684,2.0835060362533206,1.9850183975256248,1245512800,2.011960506439209
2006-08-08 00:00:00,2.0083679291282857,2.008967251050449,1.9311353374042162,997864000,1.9392170906066895
2006-08-09 00:00:00,1.9586753908886994,1.9637639307894317,1.8979064778464811,955838800,1.9035935401916504
2006-08-10 00:00:00,1.893416020380108,1.9401149538016536,1.8769513594719995,697760000,1.9179624319076538
2006-08-11 00:00:00,1.8928169368443497,1.9197590399605886,1.8733590621234752,777529200,1.9053899049758911
2006-08-14 00:00:00,1.9173638974103975,1.9523887467367007,1.9038934471542766,717620400,1.914070725440979
2006-08-15 00:00:00,1.9559811542356544,1.990706657969309,1.9398166466766145,861352800,1.9892096519470215
2006-08-16 00:00:00,2.008667049639448,2.0377036721401387,1.9856166488402707,781284000,2.0350096225738525
2006-08-17 00:00:00,2.0356082612004305,2.0553660913129765,2.0110618531338766,581148400,2.0233354568481445
2006-08-18 00:00:00,2.0269271788875263,2.0475826923920146,2.01345653067935,536354000,2.032914400100708
2006-08-21 00:00:00,2.0146538174620243,2.0149539779505234,1.9802284869754836,526226400,1.9925020933151245
2006-08-22 00:00:00,1.9960939275614256,2.0451877362037965,1.9907052293339957,576968000,2.024232864379883
2006-08-23 00:00:00,2.0356090508053817,2.055067727244058,2.003877565253844,536258800,2.0149543285369873
2006-08-24 00:00:00,2.0323162207260728,2.0412966543800963,1.9838209197598096,655191600,2.029921531677246
2006-08-25 00:00:00,2.0158514915873056,2.0670406411497195,2.014953807965075,543958800,2.05806040763855
2006-08-28 00:00:00,2.0505763363483718,2.053868707905963,1.9960938320845698,738161200,2.0050742626190186
2006-08-29 00:00:00,2.0053749558708023,2.013457709239769,1.9493956038034785,947332400,1.9901081323623657
2006-08-30 00:00:00,2.0158516705710867,2.0302208048587493,1.9960946355069658,680142400,2.004476547241211
2006-08-31 00:00:00,2.0140549361606133,2.044589362896092,1.9954947513165904,574697200,2.0311179161071777
2006-09-01 00:00:00,2.049977645439469,2.0550671838081027,2.0302206122497175,408494800,2.0469844341278076
2006-09-05 00:00:00,2.0646451360487603,2.1403816661222637,2.0520723744538567,1012457600,2.1397831439971924
2006-09-06 00:00:00,2.1278099721292842,2.146071002954742,2.086499730625692,974103200,2.0963778495788574
2006-09-07 00:00:00,2.1134418956466825,2.199655714245521,2.102964454551216,1267957600,2.1792993545532227
2006-09-08 00:00:00,2.1963616468412166,2.2023488677943135,2.1526557332455516,895921600,2.1709165573120117
2006-09-11 00:00:00,2.168222837637749,2.207138377284058,2.137987569851254,949124400,2.170318365097046
2006-09-12 00:00:00,2.179598210263937,2.1987567211537495,2.1388862996828886,1684687200,2.1742103099823
2006-09-13 00:00:00,2.1807962917998696,2.2248013831473235,2.1643318276696704,1146138000,2.2212090492248535
2006-09-14 00:00:00,2.2068397140230624,2.235278621992497,2.1990561247202716,801729600,2.220311164855957
2006-09-15 00:00:00,2.23318244147119,2.244557561685688,2.193966943848663,981853600,2.218214988708496
2006-09-18 00:00:00,2.2092334804421765,2.240964947940962,2.194265829717141,705278000,2.211928129196167
2006-09-19 00:00:00,2.218215508543224,2.2259980981928784,2.17929896316539,710049200,2.208336591720581
2006-09-20 00:00:00,2.226597596676085,2.265513145940075,2.2218072189208655,822791200,2.2529401779174805
2006-09-21 00:00:00,2.2526408894690113,2.2768889405672805,2.215819871057824,794124800,2.2346792221069336
2006-09-22 00:00:00,2.2242013460849286,2.2253991900216916,2.1727130416512934,665112000,2.185285806655884
2006-09-25 00:00:00,2.2095342784388787,2.2709025312032236,2.2068404270511133,858992400,2.2676093578338623
2006-09-26 00:00:00,2.2804799366926,2.32837670162563,2.278085048485831,1102948000,2.3232879638671875
2006-09-27 00:00:00,2.3101166366118737,2.319097870014062,2.269703884069543,810373200,2.2873663902282715
2006-09-28 00:00:00,2.3056262997376256,2.3193969107274914,2.2735956603333958,723609600,2.3053269386291504
2006-09-29 00:00:00,2.3083202706890167,2.320593073325352,2.295447347128497,405812400,2.3044285774230957
2006-10-02 00:00:00,2.2481504709233513,2.2712006757833034,2.2242015832542545,712639200,2.2409656047821045
2006-10-03 00:00:00,2.2286923624587174,2.2436598147982605,2.1909736711309638,790708800,2.2176156044006348
2006-10-04 00:00:00,2.218215174221205,2.2589268809554754,2.1900754334141235,829082800,2.2565321922302246
2006-10-05 00:00:00,2.231087724525326,2.279882189440778,2.219113279421222,683883200,2.240067958831787
2006-10-06 00:00:00,2.227793986170358,2.2463541731897116,2.2095331602293893,466958800,2.221806764602661
2006-10-09 00:00:00,2.209234926473099,2.247552760911949,2.2011521739634055,438222400,2.234081506729126
2006-10-10 00:00:00,2.2313872961585957,2.2325841413674854,2.187681362853366,531588400,2.209533929824829
2006-10-11 00:00:00,2.1978593968942586,2.214623221564132,2.1733119825065907,571855200,2.192171335220337
2006-10-12 00:00:00,2.2035471886080855,2.2568320725728097,2.2032472279468456,592855200,2.2529401779174805
2006-10-13 00:00:00,2.26401497813784,2.301434302015746,2.237373049433852,684196800,2.2457549571990967
2006-10-16 00:00:00,2.2508449537381408,2.2715004736433446,2.2388705076011455,508692800,2.257131338119507
2006-10-17 00:00:00,2.246354105859792,2.2532390107752693,2.2164187982805834,480925200,2.2239022254943848
2006-10-18 00:00:00,2.237673468762095,2.2562336604844235,2.212527731327598,1133907600,2.2310879230499268
2006-10-19 00:00:00,2.372681739928618,2.393337258043567,2.33975341478974,1512977200,2.3645989894866943
2006-10-20 00:00:00,2.3640006587266953,2.394535093942704,2.3550202246145115,639413600,2.3933372497558594
2006-10-23 00:00:00,2.3945353672718634,2.451711750224497,2.387350299736024,832507200,2.438540458679199
2006-10-24 00:00:00,2.431055809869818,2.4451257819881174,2.400821337073553,463212400,2.4262664318084717
2006-10-25 00:00:00,2.4352459893059497,2.4547038564595773,2.425067914270245,485214800,2.445125102996826
2006-10-26 00:00:00,2.451710965670403,2.472665840526589,2.428660763200996,432756800,2.4603922367095947
2006-10-27 00:00:00,2.44722053330863,2.468175406313298,2.395132911675805,594966400,2.407107353210449
2006-10-30 00:00:00,2.394535154700418,2.4217764183762327,2.3798668588136502,499917600,2.407407283782959
2006-10-31 00:00:00,2.438241077803754,2.445125984196773,2.4017192193381742,501474400,2.427164316177368
2006-11-01 00:00:00,2.4277630814722966,2.4361449914528333,2.3457393486951594,611192400,2.369688034057617
2006-11-02 00:00:00,2.3625043221584514,2.374478570765907,2.349931351128594,465483200,2.364300489425659
2006-11-03 00:00:00,2.3756755806553413,2.3807643197767665,2.3286764865305325,431888800,2.343644142150879
2006-11-06 00:00:00,2.363402410976428,2.396630900351515,2.347835430751793,434576800,2.38615345954895
2006-11-07 00:00:00,2.408304770232551,2.42476943141542,2.3987258142496106,525932400,2.4101009368896484
2006-11-08 00:00:00,2.3954330032071542,2.4753604330881633,2.3915413081969463,690916800,2.4681763648986816
2006-11-09 00:00:00,2.4816463618552067,2.5352309951780665,2.458296797482978,923053600,2.4948184490203857
2006-11-10 00:00:00,2.5011048232403645,2.502601029091555,2.4696727097756517,373864400,2.488231897354126
2006-11-13 00:00:00,2.4912264911469006,2.528046712894461,2.4738641442793643,450674000,2.5250535011291504
2006-11-14 00:00:00,2.5385238571221675,2.544511079788208,2.511582754008785,588954800,2.544511079788208
2006-11-15 00:00:00,2.546007620333598,2.5714527124957622,2.5145755064393094,655323200,2.5160725116729736
2006-11-16 00:00:00,2.540619510481315,2.58342775497579,2.533136081300949,693940800,2.562772035598755
2006-11-17 00:00:00,2.5487022606575853,2.5726511524963405,2.544511204585803,466424000,2.5699563026428223
2006-11-20 00:00:00,2.5564844151056265,2.6043811764346674,2.5504971950392115,570794000,2.588515043258667
2006-11-21 00:00:00,2.6169548530559177,2.6522786617279053,2.6076744595793477,622666800,2.6522786617279053
2006-11-22 00:00:00,2.6639541590978144,2.7166403312459417,2.6298279816094143,671941200,2.7034690380096436
2006-11-24 00:00:00,2.6801184355866,2.786389422223289,2.6792207520150937,518677600,2.742982864379883
2006-11-27 00:00:00,2.769326625170934,2.788784297581711,2.6792209312125665,1074836000,2.680417776107788
2006-11-28 00:00:00,2.704965511977342,2.7531614565037503,2.6914940608284947,1036173600,2.7483720779418945
2006-11-29 00:00:00,2.783995728732439,2.7884859467599163,2.70167260019484,1157083200,2.748072385787964
2006-11-30 00:00:00,2.760345409742807,2.774415181888172,2.725919881745913,870486400,2.7438807487487793
2006-12-01 00:00:00,2.748071029066272,2.7639371643669763,2.697181050570035,795079600,2.7337028980255127
2006-12-04 00:00:00,2.7504670111387357,2.755555549899839,2.709155782248419,709536800,2.7277159690856934
2006-12-05 00:00:00,2.7435817060241225,2.763937862436222,2.7202321382623853,662838400,2.7322065830230713
2006-12-06 00:00:00,2.7133473638045094,2.7357990491386444,2.684309933373119,638184400,2.6890993118286133
2006-12-07 00:00:00,2.6950860641242635,2.7091558351043195,2.6013878442455045,1004827600,2.605578899383545
2006-12-08 00:00:00,2.6112677231944335,2.6759285415623495,2.6043828154660495,784277200,2.642101526260376
2006-12-11 00:00:00,2.6612590151290427,2.6732334581728354,2.6358141230230014,499780400,2.656768798828125
2006-12-12 00:00:00,2.6525777431703155,2.659462647719253,2.5603765371050264,1026620000,2.5786373615264893
2006-12-13 00:00:00,2.632820662556748,2.666348310721013,2.608872570828611,857052000,2.6657497882843018
2006-12-14 00:00:00,2.665749765428915,2.694188873514298,2.642101035042165,832330800,2.6507821083068848
2006-12-15 00:00:00,2.664851416113753,2.670838637339599,2.6142605957983207,739939200,2.6259350776672363
2006-12-18 00:00:00,2.6232422101481387,2.634318174726466,2.53223800522722,721576800,2.558581590652466
2006-12-19 00:00:00,2.5364274512402902,2.5948016483863223,2.5031997784468056,911405600,2.583725690841675
2006-12-20 00:00:00,2.588516207020879,2.5945034297790692,2.5367285287274464,567691600,2.5373270511627197
2006-12-21 00:00:00,2.5355307795944166,2.55888014802463,2.460691897092397,903599200,2.481646776199341
2006-12-22 00:00:00,2.49841087387999,2.5157740209085437,2.442731297139522,613303600,2.4606921672821045
2006-12-26 00:00:00,2.4591956080738195,2.471768575082192,2.421476906889232,490688800,2.4400362968444824
2006-12-27 00:00:00,2.339453360039817,2.4547048014012782,2.298143121304916,1935754800,2.4403364658355713
2006-12-28 00:00:00,2.401420059325761,2.4322538564277636,2.384357074219856,1119876800,2.4208779335021973
2006-12-29 00:00:00,2.5130787499978364,2.5564853113345927,2.495417243972129,1076429200,2.5397214889526367
2007-01-03 00:00:00,2.583128070122331,2.5918093424882303,2.4517113403510415,1238319600,2.5085885524749756
2007-01-04 00:00:00,2.5160731574483393,2.5729503781028997,2.5091874511915147,847260400,2.5642693042755127
2007-01-05 00:00:00,2.567561031458182,2.580433158223423,2.5265499623618015,834741600,2.5460076332092285
2007-01-08 00:00:00,2.5732498895852247,2.590313078087605,2.5528935280840312,797106800,2.558581590652466
2007-01-09 00:00:00,2.5879180255391567,2.7833960630799184,2.5490014751699848,3349298400,2.771122455596924
2007-01-10 00:00:00,2.8363817080849105,2.927684240316989,2.797465366883059,2952880000,2.9037363529205322
2007-01-11 00:00:00,2.8720058358348624,2.8971515756326123,2.846860096037113,1440252800,2.867814779281616
2007-01-12 00:00:00,2.8315917612778767,2.8456617342915997,2.7908800467602415,1312690400,2.8324904441833496
2007-01-16 00:00:00,2.8642220533996676,2.911220153880722,2.857337146827738,1244076400,2.9067299365997314
2007-01-17 00:00:00,2.920500904196145,2.9216977493038665,2.8384779454879565,1646260000,2.8423688411712646
2007-01-18 00:00:00,2.757053535133459,2.757352896315317,2.6657501732318636,2364605600,2.666348695755005
2007-01-19 00:00:00,2.653176972621722,2.6837114085338856,2.637909954506183,1364473600,2.649285078048706
2007-01-22 00:00:00,2.6684437609836196,2.669043082765064,2.563969724252675,1454026000,2.5980958938598633
2007-01-23 00:00:00,2.5663648871978553,2.6196495794340073,2.5597793408052074,1207424400,2.5654664039611816
2007-01-24 00:00:00,2.594803157289675,2.608872932917455,2.5768422858413063,927813600,2.595402479171753
2007-01-25 00:00:00,2.6076744140236072,2.649284604913877,2.5753444166072725,905973600,2.581930160522461
2007-01-26 00:00:00,2.6076751040764403,2.6154584942110235,2.544212137088164,986874000,2.555887222290039
2007-01-29 00:00:00,2.5834282283038323,2.5939056705657597,2.5603778153594745,901664400,2.5726516246795654
2007-01-30 00:00:00,2.587318888662803,2.5891150551616664,2.5519948803733463,577970400,2.5609753131866455
2007-01-31 00:00:00,2.5403207791352136,2.5744477559520464,2.5250539575207593,856069200,2.5663650035858154
2007-02-01 00:00:00,2.5813319900378553,2.582528834998681,2.5367283821105957,664342000,2.5367283821105957
2007-02-02 00:00:00,2.5181687208865617,2.551995532726246,2.5055957520210654,621530000,2.5370280742645264
2007-02-05 00:00:00,2.523556313425171,2.551396897867377,2.512779712677002,578852400,2.512779712677002
2007-02-06 00:00:00,2.528047725701017,2.528647047752056,2.4804508833588503,864393600,2.5190672874450684
2007-02-07 00:00:00,2.5289449843311442,2.585822198168363,2.50110519957197,1066825200,2.578937292098999
2007-02-08 00:00:00,2.5573828179057263,2.589713615519568,2.5567844954116707,679030800,2.5798346996307373
2007-02-09 00:00:00,2.5708547243166584,2.5804336813015363,2.4909272981208477,860540800,2.4927234649658203
2007-02-12 00:00:00,2.527448565799718,2.549900455141608,2.50350047003407,724071600,2.5409200191497803
2007-02-13 00:00:00,2.5493004586501486,2.5531913524964867,2.523555411272847,580986000,2.535529851913452
2007-02-14 00:00:00,2.53343483852614,2.56366930807223,2.531638472225321,507981600,2.5534918308258057
2007-02-15 00:00:00,2.5576822114187947,2.563070109857389,2.537924385565638,363661200,2.5507965087890625
2007-02-16 00:00:00,2.5519938422394812,2.556783417780908,2.5343315455188917,399868000,2.5394210815429688
2007-02-20 00:00:00,2.5340330486094387,2.5792357662623515,2.519364557498085,617702400,2.5714523792266846
2007-02-21 00:00:00,2.5738482995088585,2.6789214768505136,2.573249776983229,1155313600,2.6702404022216797
2007-02-22 00:00:00,2.7181362722443323,2.718435433485595,2.6501833050873427,838224800,2.6795198917388916
2007-02-23 00:00:00,2.669043545913455,2.70436736601043,2.659762949594698,517893600,2.666348695755005
2007-02-26 00:00:00,2.689398080695,2.6941884576542168,2.622642755903063,615848800,2.6495840549468994
2007-02-27 00:00:00,2.5834279339039323,2.6067773057092145,2.496914754362709,1145813200,2.5124807357788086
2007-02-28 00:00:00,2.4846416700231684,2.562473591915637,2.4846416700231684,919475200,2.5328376293182373
2007-03-01 00:00:00,2.515473963127061,2.643598345914929,2.507092050189696,1415528800,2.6061789989471436
2007-03-02 00:00:00,2.597497140345978,2.620547545617317,2.5507974077562228,860000400,2.5567846298217773
2007-03-05 00:00:00,2.5711539310716685,2.65377520289282,2.567262036634036,838899600,2.5840258598327637
2007-03-06 00:00:00,2.628329791772284,2.643597405886553,2.616356148566607,723186800,2.640004873275757
2007-03-07 00:00:00,2.6358139926898825,2.663354410966796,2.6178523290123437,626284400,2.6259350776672363
2007-03-08 00:00:00,2.6519804234913167,2.655871319588924,2.6181526091088627,511011200,2.6343181133270264
2007-03-09 00:00:00,2.6582661249144026,2.6597623309539618,2.6163565684049694,451836000,2.6334197521209717
2007-03-12 00:00:00,2.6364124175900527,2.693888944229901,2.6340177288471445,729408400,2.6902964115142822
2007-03-13 00:00:00,2.6765262455376466,2.7121494197550025,2.646291971206665,867890800,2.646291971206665
2007-03-14 00:00:00,2.6522788394668493,2.6941885948181152,2.6319226840014074,796586000,2.6941885948181152
2007-03-15 00:00:00,2.6929904196151226,2.70496486234669,2.6735325496978244,559498800,2.6813161373138428
2007-03-16 00:00:00,2.6804180392760535,2.693889490128139,2.6738324940181637,571704000,2.681915044784546
2007-03-19 00:00:00,2.7013729200206194,2.7405886290148542,2.6819150458511714,712961200,2.728015661239624
2007-03-20 00:00:00,2.734600794992896,2.7492690875842993,2.7259195238966676,488916400,2.738492488861084
2007-03-21 00:00:00,2.7537594061470725,2.8139297837651016,2.743581329338443,686896000,2.8100380897521973
2007-03-22 00:00:00,2.8058475522239568,2.8247067027466595,2.783994990423641,561492400,2.812732458114624
2007-03-23 00:00:00,2.7944722462480076,2.8160254455231497,2.7929752409465753,450884000,2.799560785293579
2007-03-26 00:00:00,2.81363077565177,2.870807145921296,2.792975259832476,864987200,2.869310140609741
2007-03-27 00:00:00,2.86511964206854,2.89864728943461,2.8438656012535146,932052800,2.8576362133026123
2007-03-28 00:00:00,2.8402734909789777,2.855840471976799,2.7884858060786564,942337200,2.791179656982422
2007-03-29 00:00:00,2.8196183649822064,2.8196183649822064,2.760944981754943,725723600,2.806446075439453
2007-03-30 00:00:00,2.822311213819623,2.834285654898503,2.776509975895266,600558000,2.781299352645874
2007-04-02 00:00:00,2.81812054494875,2.821412916940938,2.7845929070808717,501992400,2.803452253341675
2007-04-03 00:00:00,2.8181204019060884,2.8507495552967157,2.806744482868621,583934400,2.828896999359131
2007-04-04 00:00:00,2.8420693370555137,2.8480565599013428,2.817822083732651,476784000,2.8220131397247314
2007-04-05 00:00:00,2.8175216807658963,2.8342854976654053,2.799560020144006,355516000,2.8342854976654053
2007-04-09 00:00:00,2.8501511777426694,2.8528450274819526,2.7851912294932912,413341600,2.803452253341675
2007-04-10 00:00:00,2.8040509351674245,2.8217134390268206,2.796267546955712,352466800,2.821413278579712
2007-04-11 00:00:00,2.810936553268792,2.812433558914258,2.76393824987872,549018400,2.771721839904785
2007-04-12 00:00:00,2.755257525462722,2.7633402778346996,2.715742646562066,656675600,2.7597477436065674
2007-04-13 00:00:00,2.7211304560992264,2.736098111460323,2.6959847231499974,719941600,2.7013726234436035
2007-04-16 00:00:00,2.711252151161472,2.739091940455665,2.701672393933737,609033600,2.7369964122772217
2007-04-17 00:00:00,2.7540591268613652,2.7630403607043537,2.6852076636778723,751920400,2.7046661376953125
2007-04-18 00:00:00,2.698978622386612,2.719634143928351,2.682214796147735,464044000,2.706162691116333
2007-04-19 00:00:00,2.6998769256726707,2.7316092177302287,2.68910032050417,425913600,2.702272415161133
2007-04-20 00:00:00,2.7208312966261317,2.7295131707879943,2.710653815562801,522779600,2.72322678565979
2007-04-23 00:00:00,2.7417857413193354,2.807943359275316,2.7366972010718422,780290000,2.799262285232544
2007-04-24 00:00:00,2.812733062139976,2.8854764290485075,2.7331047878622656,1055252800,2.791179656982422
2007-04-25 00:00:00,2.820813639645831,2.8558384730531188,2.807941517764383,1187144000,2.8543412685394287
2007-04-26 00:00:00,3.040840183164215,3.0683806038583064,2.9426519446879578,1737778000,2.95881724357605
2007-04-27 00:00:00,2.939061185474535,2.992046716655274,2.924392887002163,699403600,2.9911482334136963
2007-04-30 00:00:00,2.9962363365793148,3.02347759381176,2.983663571604645,616509600,2.9875552654266357
2007-05-01 00:00:00,2.981269162956829,3.0040202062182257,2.9501362089782117,532523600,2.9776766300201416
2007-05-02 00:00:00,2.98306582693408,3.0097077694635073,2.977677126550735,505145200,3.0052175521850586
2007-05-03 00:00:00,3.0153956846843104,3.0369488864475658,2.9938422830805167,576077600,3.005516767501831
2007-05-04 00:00:00,3.0174909564142456,3.0414390467444816,3.0085107223012093,381987200,3.0177903175354004
2007-05-07 00:00:00,3.025872987196028,3.123762079265437,3.023777659105917,861557200,3.1108901500701904
2007-05-08 00:00:00,3.0974187713455397,3.147710243808614,3.0959217658053984,783997200,3.1450161933898926
2007-05-09 00:00:00,3.1405265768811623,3.2018938198335243,3.139927255003175,717757600,3.1994991302490234
2007-05-10 00:00:00,3.1920144771440118,3.2581720896843422,3.1707604358401476,1197257600,3.213268518447876
2007-05-11 00:00:00,3.225242624794527,3.2668530192921486,3.1965043582127475,653696400,3.2551777362823486
2007-05-14 00:00:00,3.2815222520888963,3.2928973778820203,3.2405103682386076,651946400,3.2737388610839844
2007-05-15 00:00:00,3.280023961618733,3.2988833096783283,3.187523587612746,954514400,3.218656539916992
2007-05-16 00:00:00,3.2488916945537873,3.2578729283865013,3.095921749967676,1126767600,3.213268518447876
2007-05-17 00:00:00,3.207581089020312,3.2890055107763954,3.207581089020312,735291200,3.276132583618164
2007-05-18 00:00:00,3.299781560520249,3.31205516390173,3.286010952027306,621345200,3.2934951782226562
2007-05-21 00:00:00,3.302177672147933,3.3662389669470976,3.2943942813847173,639892400,3.352169990539551
2007-05-22 00:00:00,3.36743596696184,3.4051546672246817,3.3530670334524366,572409600,3.3988680839538574
2007-05-23 00:00:00,3.4132377528979703,3.4425743450188304,3.3704295099048247,911374800,3.379410743713379
2007-05-24 00:00:00,3.3770163429194504,3.426408933511283,3.3039736223163283,887362000,3.3135523796081543
2007-05-25 00:00:00,3.3527679327581863,3.4060526154206086,3.3378002758699563,632959600,3.4012632369995117
2007-05-29 00:00:00,3.4261096570394587,3.4383830631928762,3.3734232993297515,645694000,3.423116445541382
2007-05-30 00:00:00,3.4216190367308355,3.5587232231311874,3.3985690313847337,1478444800,3.5554306507110596
2007-05-31 00:00:00,3.5943457825751683,3.6572100041677316,3.578480446333438,1297066400,3.627873420715332
2007-06-01 00:00:00,3.6251796180268046,3.6278738678009677,3.541061550941847,885262000,3.544353723526001
2007-06-04 00:00:00,3.5512392513839672,3.6440387853433465,3.529385893192632,886673200,3.6320643424987793
2007-06-05 00:00:00,3.6344590973844526,3.6727769133966532,3.6072180402770524,920785600,3.672177791595459
2007-06-06 00:00:00,3.6611037322805933,3.7134907459461677,3.6506264894199565,1112241200,3.70121693611145
2007-06-07 00:00:00,3.7416305471574693,3.8200607843182652,3.6877463299373208,1915079600,3.7140889167785645
2007-06-08 00:00:00,3.7664747958897906,3.7667749563651403,3.66080312068646,1241682400,3.726660966873169
2007-06-11 00:00:00,3.7718633307505813,3.7763533473336692,3.5784808664818946,1874258400,3.5979385375976562
2007-06-12 00:00:00,3.5727926968576984,3.6434407154959367,3.541659942665275,1426566400,3.6036264896392822
2007-06-13 00:00:00,3.6266778056741398,3.6278748506614917,3.454549131391001,1721353200,3.517413377761841
2007-06-14 00:00:00,3.508431333980754,3.575785982325616,3.485081967692239,973266000,3.5548315048217773
2007-06-15 00:00:00,3.6108103598229966,3.6123071651180503,3.588059319019169,811218800,3.607218027114868
2007-06-18 00:00:00,3.6904398490739343,3.747317273528274,3.6682883210708646,910604800,3.7446234226226807
2007-06-19 00:00:00,3.7326478829986938,3.7422274378364215,3.679363207937939,943026000,3.701814889907837
2007-06-20 00:00:00,3.7081018749083703,3.731750604116628,3.6371544882403875,897512000,3.638650894165039
2007-06-21 00:00:00,3.6431401452302143,3.7206730435669315,3.6138035673259474,867045200,3.708997964859009
2007-06-22 00:00:00,3.707502996279928,3.725464666663598,3.663498102883354,631876000,3.682058095932007
2007-06-25 00:00:00,3.7176795877479134,3.7446216814062963,3.6239815815392173,965403600,3.662299394607544
2007-06-26 00:00:00,3.7113945827204953,3.7119933050490643,3.5539342074369356,1345005200,3.5817739963531494
2007-06-27 00:00:00,3.6105107770564775,3.653318206823411,3.570098235614569,974696800,3.6488277912139893
2007-06-28 00:00:00,3.662898549408079,3.66679024377483,3.592250927320482,838143600,3.6090147495269775
2007-06-29 00:00:00,3.6512233543168566,3.7119924577521357,3.624880776916132,1137841600,3.6533188819885254
2007-07-02 00:00:00,3.623683489718858,3.654816249120171,3.5712964889197094,994862400,3.629970073699951
2007-07-03 00:00:00,3.6521218521159935,3.8137732474575192,3.6371541969386176,1162481600,3.8068883419036865
2007-07-05 00:00:00,3.8556828917817634,3.980514080596068,3.8523895197843703,1453051600,3.9739277362823486
2007-07-06 00:00:00,3.985302941332217,3.9915895240288806,3.9035793646806716,874694800,3.960456371307373
2007-07-09 00:00:00,3.9628526490462934,3.978419430704155,3.8670590680190786,995820000,3.9014852046966553
2007-07-10 00:00:00,3.8580773416865886,4.026314274982681,3.8559818140873996,1255007600,3.961953639984131
2007-07-11 00:00:00,3.953572696720689,4.00236736903483,3.9308216471798985,821772000,3.963151454925537
2007-07-12 00:00:00,4.006856095784615,4.018531177807348,3.9631501778307685,704608800,4.013442039489746
2007-07-13 00:00:00,4.042179513751176,4.126596923033805,4.0269125014612595,907606000,4.123005390167236
2007-07-16 00:00:00,4.142763389258535,4.190361003081845,4.116120651999328,936112800,4.134082317352295
2007-07-17 00:00:00,4.140070608406112,4.178985961330894,4.116121715083463,709959600,4.15833044052124
2007-07-18 00:00:00,4.136776275665158,4.144260303091294,4.072414838843499,756856800,4.13468074798584
2007-07-19 00:00:00,4.199938453275718,4.215206263761684,4.180480787885972,732891600,4.190958023071289
2007-07-20 00:00:00,4.240354119675401,4.31609049494817,4.190960327508266,1167773600,4.303218364715576
2007-07-23 00:00:00,4.290046963110495,4.347224151981601,4.218800597439568,1036490000,4.301722049713135
2007-07-24 00:00:00,4.1574328813276065,4.220895851810495,4.015837843080851,1795292800,4.037990570068359
2007-07-25 00:00:00,4.111630637036502,4.141866109998903,4.041282772608523,1496182800,4.108936786651611
2007-07-26 00:00:00,4.367876964055292,4.445409880892419,4.0999556064036655,2186629200,4.370571613311768
2007-07-27 00:00:00,4.376258529284696,4.457982498311472,4.3041149133489,1161098400,4.306210041046143
2007-07-30 00:00:00,4.320579668700268,4.354107309695062,4.178086994631891,1106988400,4.233766555786133
2007-07-31 00:00:00,4.279866361923396,4.295134174268215,3.937106372867926,1762392800,3.9442906379699707
2007-08-01 00:00:00,4.000571758360092,4.052659410831888,3.8248503219303362,1750156800,4.041284084320068
2007-08-02 00:00:00,4.090676334149256,4.099956929808103,4.015837642730808,852644800,4.0858869552612305
2007-08-03 00:00:00,4.049065047187563,4.069720561032319,3.9365080842924636,679187600,3.9469857215881348
2007-08-06 00:00:00,3.978418276340983,4.049364458686127,3.840714968629629,925170400,4.048766136169434
2007-08-07 00:00:00,4.039486764842679,4.108338625749759,3.970335942486462,949936400,4.042181015014648
2007-08-08 00:00:00,4.093969384386695,4.096962596075715,3.951476680618203,808096800,4.011646270751953
2007-08-09 00:00:00,3.924833915466302,3.981411970977336,3.7446229085630995,1125395600,3.783539056777954
2007-08-10 00:00:00,3.685648710100565,3.824249671100626,3.6012312967775406,1410749200,3.7419273853302
2007-08-13 00:00:00,3.8413140919842874,3.8721478887065484,3.786831565343956,752911600,3.825448751449585
2007-08-14 00:00:00,3.8404166296943916,3.8407155911606763,3.7033116222767566,739006800,3.7128915786743164
2007-08-15 00:00:00,3.674273140735057,3.7377368830355704,3.581772576056422,992852000,3.589257001876831
2007-08-16 00:00:00,3.5027435378151592,3.547347133031496,3.3413917367593347,1866690000,3.5039405822753906
2007-08-17 00:00:00,3.652421937350943,3.6970255506291196,3.5868634427974615,1195062400,3.653918743133545
2007-08-20 00:00:00,3.71079589523402,3.7269609968349364,3.6072189409806876,803317200,3.658707857131958
2007-08-21 00:00:00,3.6584074236269,3.8604709124925427,3.6221855402467673,1303047200,3.8188605308532715
2007-08-22 00:00:00,3.9281273199407103,3.9739279752798478,3.901484578369175,1061765600,3.9667437076568604
2007-08-23 00:00:00,3.984106192359756,3.9915906211177044,3.884421722824352,866838000,3.9236364364624023
2007-08-24 00:00:00,3.907470821434115,4.0523579786101696,3.8859168249259364,911834000,4.050262451171875
2007-08-27 00:00:00,3.99308730500926,4.031105372196437,3.9544701158331055,707439600,3.95896053314209
2007-08-28 00:00:00,3.921241182238285,3.963750059424732,3.7907229380371765,1179365600,3.7964107990264893
2007-08-29 00:00:00,3.88801169921651,4.016734549662724,3.877834622794085,1166860800,4.013740539550781
2007-08-30 00:00:00,3.971532619517474,4.138572517580051,3.960456658406219,1435582400,4.078701496124268
2007-08-31 00:00:00,4.175690417038067,4.180480192294512,4.113424537746807,876887200,4.145455360412598
2007-09-04 00:00:00,4.189163992168946,4.362490100485249,4.186170780362533,1316842800,4.315491199493408
2007-09-05 00:00:00,4.339738335540832,4.365781951815258,4.074211035703783,2328222400,4.093968868255615
2007-09-06 00:00:00,4.058045532612272,4.118215097326574,3.9727292433315347,1901261600,4.041580677032471
2007-09-07 00:00:00,3.9517744405075717,3.9604555102822543,3.8916040753924994,1430576000,3.944589376449585
2007-09-10 00:00:00,4.100854265356269,4.132286385184782,4.009850878357373,1487838800,4.092472553253174
2007-09-11 00:00:00,4.128096114038653,4.140070560561595,4.003864029131008,971885600,4.055952072143555
2007-09-12 00:00:00,4.070916845903949,4.172996142431353,4.063732182375956,1022770000,4.09666109085083
2007-09-13 00:00:00,4.1559348037211175,4.161024342317929,4.090675679878635,656163200,4.10714054107666
2007-09-14 00:00:00,4.088280621976514,4.160424641694573,4.077204662028663,607320000,4.155335903167725
2007-09-17 00:00:00,4.160725868376773,4.208621653613797,4.119115468199519,793371600,4.143362522125244
2007-09-18 00:00:00,4.162820026893618,4.276275066803832,4.12599901751318,1064089600,4.218499183654785
2007-09-19 00:00:00,4.28136489313066,4.285555549204719,4.172998164153302,1026880400,4.214010238647461
2007-09-20 00:00:00,4.195451785487525,4.2445466330286745,4.170605599975289,691840800,4.200241565704346
2007-09-21 00:00:00,4.225085573442262,4.330158924702287,4.200239400736715,1138880400,4.315191268920898
2007-09-24 00:00:00,4.392424880271457,4.485823948566115,4.3900303910545935,1052161600,4.438824653625488
2007-09-25 00:00:00,4.395719114033257,4.586707144596806,4.395119592329117,1192550800,4.585509300231934
2007-09-26 00:00:00,4.624126511375091,4.6399918541401775,4.527734212327751,975268000,4.573235511779785
2007-09-27 00:00:00,4.603168904397216,4.625619779981265,4.559762359480631,658198800,4.625021457672119
2007-09-28 00:00:00,4.593292913658935,4.62801841149193,4.57263739154288,615101200,4.59419059753418
2007-10-01 00:00:00,4.628914631042239,4.712135415551075,4.578024444655103,837068400,4.680103778839111
2007-10-02 00:00:00,4.686390678114448,4.7474595453913,4.66663364415219,792069600,4.7432684898376465
2007-10-03 00:00:00,4.723210601658819,4.765119948450169,4.70016020113095,692518400,4.727401256561279
2007-10-04 00:00:00,4.729797990521859,4.73219248010864,4.595088666651361,656958400,4.677111625671387
2007-10-05 00:00:00,4.74087233200217,4.836964832919788,4.720815940606393,943471200,4.833073139190674
2007-10-08 00:00:00,4.894141977979496,5.026456356048584,4.87857480470835,835928800,5.026456356048584
2007-10-09 00:00:00,5.095009986654596,5.122251453335603,4.989637652999746,1104286400,5.024961471557617
2007-10-10 00:00:00,5.0156819376568595,5.025560056595606,4.957307710376187,667590000,4.992930889129639
2007-10-11 00:00:00,5.073755389237638,5.145300699549408,4.586407069564079,1643992000,4.856424808502197
2007-10-12 00:00:00,4.879772726842371,5.007597091185551,4.843550441241608,988176000,5.0066986083984375
2007-10-15 00:00:00,5.028553283636021,5.076149702348469,4.894442302354691,1077930000,4.998617172241211
2007-10-16 00:00:00,4.955510313122143,5.0944102600429035,4.9438348310748506,1067830400,5.076449394226074
2007-10-17 00:00:00,5.169549067130718,5.180026307037659,5.064475708205885,1127613200,5.171345233917236
2007-10-18 00:00:00,5.133924668097438,5.214450395077915,5.120454219771725,823676000,5.193795680999756
2007-10-19 00:00:00,5.21594667841422,5.227621757680596,5.089020808965576,1291780000,5.101593971252441
2007-10-22 00:00:00,5.099500924994074,5.235707051915588,5.087825840048039,1649499600,5.219541549682617
2007-10-23 00:00:00,5.644623205438281,5.645820250030171,5.470997782679298,1795164000,5.57277774810791
2007-10-24 00:00:00,5.5623008401861185,5.604210193179029,5.365625802556282,1288481600,5.565893173217773
2007-10-25 00:00:00,5.5341634359246346,5.564997237784538,5.438070495547101,973602000,5.471598148345947
2007-10-26 00:00:00,5.546734743976464,5.549129632785379,5.4745907170131165,706876800,5.529073238372803
2007-10-29 00:00:00,5.551525198239842,5.585652370383436,5.529074310346628,540554000,5.540748596191406
2007-10-30 00:00:00,5.5733793208049045,5.668873145475016,5.529972746186727,939414000,5.597926139831543
2007-10-31 00:00:00,5.616783965986056,5.691323690711995,5.536557578650328,833310800,5.686234951019287
2007-11-01 00:00:00,5.645821072067863,5.690724839158257,5.3883765111274045,805036400,5.611096382141113
2007-11-02 00:00:00,5.664082191495964,5.670967097497881,5.492851229900952,1002114400,5.623968601226807
2007-11-05 00:00:00,5.546734395770182,5.656597115215023,5.5153022814884665,804176800,5.5733771324157715
2007-11-06 00:00:00,5.5994223982570155,5.747602980250393,5.546137708616389,954727200,5.741316795349121
2007-11-07 00:00:00,5.70599000157864,5.767956936560728,5.571879455132024,994327600,5.576968193054199
2007-11-08 00:00:00,5.588047839848804,5.5949327475430755,5.022267980099536,1890378000,5.252770900726318
2007-11-09 00:00:00,5.123447476581543,5.242291020590558,4.945630602640144,1526380800,4.950420379638672
2007-11-12 00:00:00,4.947728056540878,5.020172262807745,4.509174321062268,1769065200,4.602872371673584
2007-11-13 00:00:00,4.815113261073175,5.118359253229271,4.602871042641263,1739446800,5.087824821472168
2007-11-14 00:00:00,5.303360098737307,5.3156335040509495,4.901626298967421,1449168000,4.972573280334473
2007-11-15 00:00:00,4.980955546318015,5.076749102076688,4.798648629110297,1487410400,4.918390274047852
2007-11-16 00:00:00,4.948325639425983,4.99981495098955,4.769611453227882,1383494000,4.980955600738525
2007-11-19 00:00:00,4.972274649187443,5.035138885099431,4.8525330000287115,1154428800,4.9079132080078125
2007-11-20 00:00:00,4.959402856949266,5.142607076990285,4.8953403728640295,1543642800,5.054596900939941
2007-11-21 00:00:00,4.9644901407973965,5.1593698034280475,4.929465694510806,1217809600,5.042921543121338
2007-11-23 00:00:00,5.148895932935451,5.150392739283972,5.081541245977114,465757600,5.135126113891602
2007-11-26 00:00:00,5.196489770087954,5.306651439217964,5.159369399509014,1305754800,5.16505765914917
2007-11-27 00:00:00,5.245284172630288,5.262347353314934,5.0893210576770915,1317030400,5.233010768890381
2007-11-28 00:00:00,5.293184348500264,5.406340099584901,5.249179045530908,1150912000,5.394965171813965
2007-11-29 00:00:00,5.371313691170779,5.543142984174922,5.3629315794724866,1050926800,5.516800403594971
2007-11-30 00:00:00,5.608102811689568,5.618879412879836,5.379396499843785,1187802000,5.454833507537842
2007-12-03 00:00:00,5.44405725585266,5.512310400043131,5.319526213015316,961469600,5.354250907897949
2007-12-04 00:00:00,5.303060472803988,5.415317681286252,5.298270295803273,773799600,5.382688522338867
2007-12-05 00:00:00,5.474890650650195,5.567989564746313,5.460521715975119,892402000,5.5530219078063965
2007-12-06 00:00:00,5.573677560602932,5.690725368113818,5.571582032625485,899810800,5.686234951019287
2007-12-07 00:00:00,5.703896617329083,5.837109930080463,5.629057929065858,1066066400,5.8164544105529785
2007-12-10 00:00:00,5.795199184283577,5.857164932977534,5.768257085225856,722377600,5.813758373260498
2007-12-11 00:00:00,5.829924593244525,5.892190510095453,5.60959999439614,1110925200,5.6440253257751465
2007-12-12 00:00:00,5.790710003973769,5.821843169334558,5.560806595804598,1225660800,5.713477611541748
2007-12-13 00:00:00,5.693419548757088,5.75119545269401,5.622472553274822,864617600,5.742513179779053
2007-12-14 00:00:00,5.698808778010111,5.783525592238746,5.6739622002277015,674312800,5.69940710067749
2007-12-17 00:00:00,5.709283643078786,5.767058327257899,5.477582986815225,1024693600,5.5200910568237305
2007-12-18 00:00:00,5.583554743622803,5.607802189038368,5.346465590858834,1222603200,5.477582931518555
2007-12-19 00:00:00,5.477584228168471,5.527277374311412,5.415318314771576,827478400,5.481775283813477
2007-12-20 00:00:00,5.55092475580861,5.622769408163925,5.488060535117347,774057200,5.6042094230651855
2007-12-21 00:00:00,5.691322570401829,5.8047776222229,5.68443766522657,993960800,5.8047776222229
2007-12-24 00:00:00,5.838306537962358,5.967029432671038,5.83112266981971,480202800,5.951163291931152
2007-12-26 00:00:00,5.957450311294564,6.015824539993458,5.891891814246982,703732400,5.955654144287109
2007-12-27 00:00:00,5.955652130545545,6.075692720839613,5.921226806919371,795527600,5.944276809692383
2007-12-28 00:00:00,6.00474662426396,6.033783449067617,5.893686065163249,699647200,5.981995582580566
2007-12-31 00:00:00,5.9721159359694385,6.0020512400002906,5.919728954074969,539333200,5.92960786819458
2008-01-02 00:00:00,5.965232328473918,5.994868277912517,5.76406646612057,1079178800,5.83261775970459
2008-01-03 00:00:00,5.849682177143428,5.90895408042943,5.768257550883886,842066400,5.835312843322754
2008-01-04 00:00:00,5.731138604118909,5.777538387234151,5.3551497610312175,1455832000,5.389874458312988
2008-01-07 00:00:00,5.425795067434317,5.496143719510375,5.095906763785217,2072193200,5.317728519439697
2008-01-08 00:00:00,5.392569115750929,5.462020119426509,5.112972530859474,1523816000,5.126443386077881
2008-01-09 00:00:00,5.12793883617994,5.3734093761254,5.038132492336345,1813882000,5.370416164398193
2008-01-10 00:00:00,5.3159338860617735,5.418313002958713,5.250974114167965,1482975200,5.329105377197266
2008-01-11 00:00:00,5.2686346371584065,5.32401564109485,5.089022374303284,1232285600,5.169548511505127
2008-01-14 00:00:00,5.314138947325399,5.371015981181595,5.243790258703016,1100450400,5.351857662200928
2008-01-15 00:00:00,5.320124058665236,5.365026625721798,4.929166848569472,2343278000,5.060284614562988
2008-01-16 00:00:00,4.946230024483193,5.059385724314025,4.690881397022193,2213845200,4.778891563415527
2008-01-17 00:00:00,4.83487175274303,4.950123010377265,4.742371145644088,1757859600,4.816311359405518
2008-01-18 00:00:00,4.840857201664119,4.961796687100805,4.777992969844182,1724343600,4.830379962921143
2008-01-22 00:00:00,4.432239952843825,4.789070073280889,4.370573150703747,2434754000,4.659150123596191
2008-01-23 00:00:00,4.076906726411183,4.190960536592133,3.776055539392986,3372969600,4.163120746612549
2008-01-24 00:00:00,4.19065992125225,4.211914158686273,3.951775370056889,2005866800,4.059243202209473
2008-01-25 00:00:00,4.160726288489811,4.163719500588593,3.8799318984309354,1554739200,3.8919055461883545
2008-01-28 00:00:00,3.836525326984277,3.987399763562316,3.7853349652286616,1474844000,3.8919055461883545
2008-01-29 00:00:00,3.9260305203338084,3.9751241322858704,3.8631663005092345,1099982800,3.9377048015594482
2008-01-30 00:00:00,3.9326173807748015,4.054753928525949,3.891605703823076,1243051600,3.956864833831787
2008-01-31 00:00:00,3.8751399762005625,4.090675153427234,3.8736439701917513,1345674400,4.052059173583984
2008-02-01 00:00:00,4.078402738640893,4.08887997909783,3.9568649108073433,1010744000,4.00386381149292
2008-02-04 00:00:00,4.017633319148225,4.068224150064432,3.9341135639519336,899234000,3.9409992694854736
2008-02-05 00:00:00,3.9044792991146258,4.011348868480481,3.858677826711404,1141042000,3.872448444366455
2008-02-06 00:00:00,3.916451630834002,3.9490815901205583,3.645236876880634,1573272400,3.6521217823028564
2008-02-07 00:00:00,3.5913527944204247,3.735342270529249,3.5105265051882864,2083331600,3.6293704509735107
2008-02-08 00:00:00,3.6545179715350535,3.7628843271156005,3.6401486340321703,1355972800,3.756298780441284
2008-02-11 00:00:00,3.832033556022683,3.891006088536385,3.8077857088496003,1201432400,3.8751399517059326
2008-02-12 00:00:00,3.9125601459027606,3.9215405794454083,3.7006172779960766,1225980000,3.7377376556396484
2008-02-13 00:00:00,3.7922197304855803,3.8850196742175855,3.76078761396248,968534000,3.8736443519592285
2008-02-14 00:00:00,3.8736440123457365,3.915553763822887,3.8020975142037434,954097200,3.8155691623687744
2008-02-15 00:00:00,3.7799469566002424,3.8041940110062877,3.7137893406767435,901300400,3.7308521270751953
2008-02-19 00:00:00,3.771564224932161,3.7943152691957853,3.6353581198170453,1005046000,3.6575100421905518
2008-02-20 00:00:00,3.658108945333196,3.7299536077202315,3.64254216882823,967439200,3.706604242324829
2008-02-21 00:00:00,3.7733609045426704,3.7859336716296204,3.6179960837532317,938114800,3.6383514404296875
2008-02-22 00:00:00,3.66649036170066,3.6673880451096093,3.468616717702872,1529878000,3.576085329055786
2008-02-25 00:00:00,3.5500427818828943,3.597341449750482,3.4922680711943292,1256774400,3.5844693183898926
2008-02-26 00:00:00,3.5216036733736864,3.6248808556338963,3.4557454298770374,1504888000,3.566805601119995
2008-02-27 00:00:00,3.539265273518253,3.683554131303536,3.5350746176531005,1475138000,3.6808602809906006
2008-02-28 00:00:00,3.807786689749114,3.957464066994851,3.7649792444297816,1618254400,3.8889119625091553
2008-02-29 00:00:00,3.8703505094938597,3.897890928320288,3.735940587739642,1255480800,3.7425265312194824
2008-03-03 00:00:00,3.7251661198935775,3.771266951261372,3.5323818787878514,1593043200,3.644040822982788
2008-03-04 00:00:00,3.6518224653251314,3.7383358233928767,3.6042252502533767,1785383600,3.7305524349212646
2008-03-05 00:00:00,3.6994195052501553,3.746119439233221,3.6596056762335336,1221836000,3.726660966873169
2008-03-06 00:00:00,3.7302528796757746,3.816766233240714,3.616498467240092,1473698800,3.620091199874878
2008-03-07 00:00:00,3.6045240250668606,3.6814582237908944,3.5638125169701382,1230462800,3.6596052646636963
2008-03-10 00:00:00,3.6515235893692766,3.69582783343222,3.5733915407726395,999588800,3.5829710960388184
2008-03-11 00:00:00,3.7149863316980998,3.8161675806398323,3.6521217029042847,1163943200,3.8122758865356445
2008-03-12 00:00:00,3.8029968170707065,3.8520904404693592,3.7470170887683203,1059629200,3.772761344909668
2008-03-13 00:00:00,3.714987008751072,3.876638027267869,3.682057683087627,1262102800,3.8299388885498047
2008-03-14 00:00:00,3.8880132733013433,3.900586442201767,3.7179801287926013,1156640800,3.7901253700256348
2008-03-17 00:00:00,3.6685870767516953,3.849396800904357,3.6685870767516953,1072598800,3.7937164306640625
2008-03-18 00:00:00,3.8670578426105395,3.981411381234941,3.8517908266574343,1205120000,3.976022481918335
2008-03-19 00:00:00,3.985004335841749,4.020028389892396,3.8817267417907715,1010536800,3.8817267417907715
2008-03-20 00:00:00,3.9251326505509656,3.990092407805786,3.8670577986267105,908787600,3.9894940853118896
2008-03-24 00:00:00,4.0116461508322026,4.216404765934874,4.000570588456059,1066920400,4.176889896392822
2008-03-25 00:00:00,4.189760054536229,4.283757406130067,4.111030512973322,1052391200,4.22029447555542
2008-03-26 00:00:00,4.217002998603547,4.362788653595717,4.210118093138522,1182084400,4.342432498931885
2008-03-27 00:00:00,4.3391419005407705,4.3499185051212566,4.190661928162611,999829600,4.1984453201293945
2008-03-28 00:00:00,4.244846331482378,4.3301615006027,4.238859105735757,714610400,4.281067848205566
2008-03-31 00:00:00,4.28884949838876,4.361892024082807,4.266397810646151,768065200,4.295734405517578
2008-04-01 00:00:00,4.379553198591291,4.480136144471331,4.299027449276027,1032567200,4.4762444496154785
2008-04-02 00:00:00,4.453793742132752,4.526237955553568,4.366083705801626,1044968400,4.415177345275879
2008-04-03 00:00:00,4.40230420143614,4.59898007375576,4.400508034597677,1051568000,4.538510322570801
2008-04-04 00:00:00,4.555872974181502,4.631309984733161,4.512766168106426,854417200,4.582515716552734
2008-04-07 00:00:00,4.673816040485908,4.780386564047413,4.643282415819296,1158326400,4.666632175445557
2008-04-08 00:00:00,4.5965848176363036,4.683397135595661,4.559763803270437,1014294400,4.575329780578613
2008-04-09 00:00:00,4.589401741963682,4.606763893339714,4.504085393094456,873398400,4.533421993255615
2008-04-10 00:00:00,4.524140120160506,4.652562815685749,4.5082739841987935,955763200,4.626519203186035
2008-04-11 00:00:00,4.571739253320914,4.5891014009902005,4.382546600038552,1210076000,4.404699325561523
2008-04-14 00:00:00,4.393621516573651,4.467861053595083,4.3268656056198775,845087600,4.423855781555176
2008-04-15 00:00:00,4.472352829003887,4.48193278541227,4.362191124089032,698037200,4.441819190979004
2008-04-16 00:00:00,4.541802471647759,4.613048817534661,4.508873948391669,795774000,4.601075172424316
2008-04-17 00:00:00,4.6151453073848066,4.669927602904042,4.590598890142522,704267200,4.624724864959717
2008-04-18 00:00:00,4.7633251972108095,4.857322593814569,4.741173272908393,1026765600,4.820801734924316
2008-04-21 00:00:00,4.855823553001581,5.044117636165408,4.842353106578401,1039152800,5.033939361572266
2008-04-22 00:00:00,5.011190142637986,5.029151810203533,4.732491329143116,1439572400,4.795655727386475
2008-04-23 00:00:00,4.910908532203795,4.9345572674340525,4.8219998553081975,1504190800,4.876183032989502
2008-04-24 00:00:00,4.949523746165163,5.08842371146091,4.765420650537042,1696066400,5.057290554046631
2008-04-25 00:00:00,5.109979872895811,5.121953523632488,4.981855654922199,992474000,5.080942630767822
2008-04-28 00:00:00,5.081538150086176,5.201279787247175,5.062978162353333,787214400,5.156077861785889
2008-04-29 00:00:00,5.122249494194544,5.258455576460526,5.09650524288532,923476400,5.2401957511901855
2008-04-30 00:00:00,5.274321606820361,5.3883753684661535,5.176432542422282,1139524400,5.207266330718994
2008-05-01 00:00:00,5.237501440762944,5.388376235961914,5.234508229478758,903576800,5.388376235961914
2008-05-02 00:00:00,5.394064144422579,5.445852415535098,5.344970522883591,1006082000,5.416515827178955
2008-05-05 00:00:00,5.445852648680145,5.547333667555577,5.419808631618799,854557200,5.529971122741699
2008-05-06 00:00:00,5.527876616590365,5.6015178650236015,5.453637445184777,918870400,5.587748050689697
2008-05-07 00:00:00,5.569485463928159,5.633846897879848,5.404541103940563,1157133600,5.465908527374268
2008-05-08 00:00:00,5.501232576344427,5.582956557041607,5.4802780989318025,899085600,5.539849758148193
2008-05-09 00:00:00,5.482973799105237,5.515602965863546,5.429388951875763,673072400,5.491654872894287
2008-05-12 00:00:00,5.544341702404511,5.6539050962506545,5.473693663139359,818563200,5.632650852203369
2008-05-13 00:00:00,5.646121049926887,5.73113801624333,5.623670163131937,823236400,5.686534404754639
2008-05-14 00:00:00,5.724552132421984,5.754786808979361,5.555117719624258,916823600,5.575773239135742
2008-05-15 00:00:00,5.592237347850489,5.684737938222509,5.5141052922953255,873208000,5.679648399353027
2008-05-16 00:00:00,5.691023962262742,5.696712223229778,5.597924652250404,765769200,5.616484642028809
2008-05-19 00:00:00,5.623671277142813,5.648517457696802,5.427294324254312,945820400,5.496146202087402
2008-05-20 00:00:00,5.442858901328196,5.5727788324493,5.3919691085523445,969850000,5.564996242523193
2008-05-21 00:00:00,5.5581092271367085,5.6263623488447925,5.276117907031521,1157657200,5.334192752838135
2008-05-22 00:00:00,5.366224554184221,5.428190305530564,5.148893184561352,1206735600,5.300066947937012
2008-05-23 00:00:00,5.411425483048312,5.447947132027378,5.322517647920804,906917200,5.423399925231934
2008-05-27 00:00:00,5.470699471961449,5.580861568450928,5.443458408885046,789905200,5.580861568450928
2008-05-28 00:00:00,5.610197330114116,5.626362828512263,5.499736288508242,743979600,5.598223686218262
2008-05-29 00:00:00,5.5907419403209015,5.633849154275899,5.553023228030573,647186400,5.588646411895752
2008-05-30 00:00:00,5.6113957246685375,5.673960997786377,5.60930019689281,610184400,5.650311470031738
2008-06-02 00:00:00,5.6458203261863575,5.677252439411695,5.523983167543392,679840000,5.570982456207275
2008-06-03 00:00:00,5.593734051267617,5.633848044969409,5.458426411016425,750520400,5.549130439758301
2008-06-04 00:00:00,5.508718673962412,5.600620560138344,5.485069939507282,726983600,5.543743133544922
2008-06-05 00:00:00,5.5781679318520405,5.6829419317767655,5.5590092187539275,755445600,5.670668125152588
2008-06-06 00:00:00,5.627859490614052,5.686233700966786,5.554518025932115,966422800,5.557211875915527
2008-06-09 00:00:00,5.531767303134142,5.5362573198195335,5.261150871999951,1888392800,5.436572074890137
2008-06-10 00:00:00,5.403643242172684,5.591337839288486,5.35903884185386,1140941200,5.557211875915527
2008-06-11 00:00:00,5.518296033785963,5.567989178962476,5.376103502549256,961550800,5.412624359130859
2008-06-12 00:00:00,5.4329812382188845,5.466209926357153,5.1249458075586825,1308333600,5.186612606048584
2008-06-13 00:00:00,5.138116767393812,5.2135537713745235,4.948625974239759,1345957200,5.159969329833984
2008-06-16 00:00:00,5.127937346148869,5.325510845514507,5.0611814298654565,1051730400,5.293779373168945
2008-06-17 00:00:00,5.331497168752894,5.4479462010022095,5.310841659197044,899656800,5.431182384490967
2008-06-18 00:00:00,5.421904459545179,5.454235061747878,5.309048511529148,811468000,5.350957870483398
2008-06-19 00:00:00,5.344970080998568,5.458425130435352,5.29258309201871,791949200,5.415317535400391
2008-06-20 00:00:00,5.368920878723202,5.41831468525924,5.238701933349752,888367200,5.246784687042236
2008-06-23 00:00:00,5.230917925757222,5.265044704319882,5.135723458216783,645780800,5.183620452880859
2008-06-24 00:00:00,5.15997024554544,5.262050007692199,5.137818318053508,621947200,5.186313629150391
2008-06-25 00:00:00,5.227027066389117,5.353355120260988,5.2051744937302145,644450800,5.310247898101807
2008-06-26 00:00:00,5.2108591647689755,5.233909568027454,5.029450348834534,869610000,5.0369343757629395
2008-06-27 00:00:00,4.984547421240487,5.106085221642494,4.9138998052652605,1042249600,5.091716289520264
2008-06-30 00:00:00,5.094710059955074,5.148893222201937,4.987840541021845,684196800,5.012387752532959
2008-07-01 00:00:00,4.916295071515425,5.230317699022862,4.909410165285505,1111280800,5.229120254516602
2008-07-02 00:00:00,5.244686468774784,5.312041116280335,5.034540176391602,837519200,5.034540176391602
2008-07-03 00:00:00,5.07674883542617,5.153982398190028,4.9617965745534995,523362000,5.09261417388916
2008-07-07 00:00:00,5.183619509053044,5.302462291711707,5.145900802487372,820391600,5.243489742279053
2008-07-08 00:00:00,5.250673458196962,5.379395525622025,5.171045009348308,888350400,5.374905109405518
2008-07-09 00:00:00,5.39436350616107,5.4156177460980786,5.212955462776783,895776000,5.216248035430908
2008-07-10 00:00:00,5.236305104040455,5.308748500788499,5.1300342984927365,840688800,5.287494659423828
2008-07-11 00:00:00,5.252769638231821,5.301863262906341,5.1189580161257675,930011600,5.166255474090576
2008-07-14 00:00:00,5.365625933635234,5.367421300832876,5.181223496982313,886054400,5.205171585083008
2008-07-15 00:00:00,5.163261149835999,5.200979843248922,4.980954664581516,1040043200,5.078244209289551
2008-07-16 00:00:00,5.095010361402494,5.176734367775341,5.047114569274976,747790400,5.173142433166504
2008-07-17 00:00:00,5.211757742400514,5.238101521707797,5.130632475303537,757526000,5.143205642700195
2008-07-18 00:00:00,5.044715608937964,5.078543401565142,4.9393433358656464,868414400,4.943833351135254
2008-07-21 00:00:00,4.996222801535197,5.014184470235058,4.8231964562186525,1360469600,4.977962970733643
2008-07-22 00:00:00,4.460380553587368,4.872292027136251,4.386439526412379,1879592400,4.85014009475708
2008-07-23 00:00:00,4.939045122959563,5.040226765278843,4.8363666753088435,1061768400,4.977063179016113
2008-07-24 00:00:00,4.918988717314639,4.947128662040974,4.743268539504822,839619200,4.760631084442139
2008-07-25 00:00:00,4.801641038178639,4.879473713888421,4.7492540522918665,633637200,4.853130340576172
2008-07-28 00:00:00,4.85971549234222,4.863607185766099,4.610652708747253,780712800,4.622028827667236
2008-07-29 00:00:00,4.6522641748255795,4.773203662037842,4.599578219558319,684070800,4.702256679534912
2008-07-30 00:00:00,4.72321136189504,4.804336218841299,4.672321175662338,725183200,4.786075592041016
2008-07-31 00:00:00,4.716026270478604,4.855524916821471,4.699262452059984,637498400,4.758234977722168
2008-08-01 00:00:00,4.78667403481213,4.7893690840506205,4.662442376847957,544639200,4.689683437347412
2008-08-04 00:00:00,4.687888895605591,4.726805452072528,4.577427010472233,592527600,4.587006568908691
2008-08-05 00:00:00,4.652562699863886,4.813615346789936,4.6346018363200905,688371600,4.808825969696045
2008-08-06 00:00:00,4.788770188778296,5.01119031736627,4.729797643606152,791408800,4.915098190307617
2008-08-07 00:00:00,4.870792250891828,4.9737708642986895,4.8345707590399885,672372400,4.8965373039245605
2008-08-08 00:00:00,4.905218567631932,5.078545043635998,4.901925595603492,713997200,5.0755510330200195
2008-08-11 00:00:00,5.0911181721161185,5.283602572756053,5.079143727524351,891304400,5.195592403411865
2008-08-12 00:00:00,5.194395324294646,5.367122289897362,5.194095963181831,836278800,5.290488243103027
2008-08-13 00:00:00,5.327906139073451,5.388375069070803,5.265640243524038,842346400,5.367420196533203
2008-08-14 00:00:00,5.33838458502497,5.401847539399073,5.323716290829524,711300800,5.368020534515381
2008-08-15 00:00:00,5.3596391068634475,5.380892946691341,5.240196819605295,708251600,5.260852336883545
2008-08-18 00:00:00,5.255762417173807,5.322817703426659,5.2033754248286375,552014400,5.2503743171691895
2008-08-19 00:00:00,5.224929271038305,5.300666438063972,5.143205680760658,616204400,5.194694995880127
2008-08-20 00:00:00,5.231815078317265,5.296774846217784,5.197089586162014,506951200,5.263845920562744
2008-08-21 00:00:00,5.222834028494416,5.25217062154448,5.145601250638529,539744800,5.217446327209473
2008-08-22 00:00:00,5.263247808424778,5.313539286146871,5.255763779144197,439611200,5.292285442352295
2008-08-25 00:00:00,5.27312527713535,5.275520965571838,5.138715325288183,484425200,5.165358066558838
2008-08-26 00:00:00,5.171643229882578,5.235106174196166,5.167152814101623,445550000,5.197986602783203
2008-08-27 00:00:00,5.188108414208205,5.26145028350504,5.1545807710464,477780800,5.228820323944092
2008-08-28 00:00:00,5.247082916678174,5.276120152096752,5.171346136025841,431384800,5.200982093811035
2008-08-29 00:00:00,5.177631057181237,5.193796156204496,5.060284308798797,599289600,5.074952602386475
2008-09-02 00:00:00,5.1608686772595505,5.1937976066763625,4.939346207101161,780763200,4.974969387054443
2008-09-03 00:00:00,4.994426408030705,5.049508056848609,4.909410244795792,734834800,4.998018741607666
2008-09-04 00:00:00,4.965088906365936,5.026457127694138,4.813915159843503,743386000,4.826188564300537
2008-09-05 00:00:00,4.747457164838783,4.8615108931621815,4.719317234517518,786884000,4.795053958892822
2008-09-08 00:00:00,4.926471952783325,4.936051506116867,4.534018819811987,1045979200,4.727401256561279
2008-09-09 00:00:00,4.695671007868118,4.788470556858299,4.484027892163458,1245025600,4.540605545043945
2008-09-10 00:00:00,4.559764563811514,4.63969198971763,4.454392240389367,973142800,4.538510322570801
2008-09-11 00:00:00,4.435831402425358,4.5798212983548146,4.370572279266186,971135200,4.569643020629883
2008-09-12 00:00:00,4.5175563064978554,4.5175563064978554,4.385540828069012,793027200,4.458583354949951
2008-09-15 00:00:00,4.2517299240010376,4.421164363317856,4.201737403869629,920634400,4.201737403869629
2008-09-16 00:00:00,4.007156497460506,4.265798940057052,3.955967338637976,1199836400,4.187367916107178
2008-09-17 00:00:00,4.145758259689582,4.146357381788822,3.8266468048095703,1200455200,3.8266468048095703
2008-09-18 00:00:00,3.908666923071449,4.054153166956423,3.6126056981456744,1676253600,4.014039993286133
2008-09-19 00:00:00,4.268791512205339,4.316688490504534,4.080497770265938,1430875600,4.21820068359375
2008-09-22 00:00:00,4.189164586442445,4.19844478337024,3.9113641955707927,856713200,3.9230384826660156
2008-09-23 00:00:00,3.9469871733287807,4.065231640280581,3.7916215209092123,1280364400,3.7970104217529297
2008-09-24 00:00:00,3.809881521666752,3.9200440064268305,3.746418568316399,1047015200,3.8529887199401855
2008-09-25 00:00:00,3.8856174522745026,4.034995824306225,3.8473004354172176,1006045600,3.9493801593780518
2008-09-26 00:00:00,3.739233441411086,3.8856178168805546,3.6820570719812524,1126451200,3.838918685913086
2008-09-29 00:00:00,3.5808743324133543,3.5826704984058297,3.0112033414292516,2622057200,3.1510019302368164
2008-09-30 00:00:00,3.2405103600728253,3.4425749678466255,3.1821369260889054,1626682400,3.4024617671966553
2008-10-01 00:00:00,3.3503722176677786,3.3635435038941175,3.2147644644403104,1296484000,3.2665529251098633
2008-10-02 00:00:00,3.2333249897207548,3.256674353917224,2.9935425670140323,1609364400,2.9965357780456543
2008-10-03 00:00:00,3.1132842017108535,3.1881220715356253,2.8333875949395417,2294398400,2.9058315753936768
2008-10-06 00:00:00,2.752861427961111,2.9570206652362487,2.620547043131789,2107417200,2.9378621578216553
2008-10-07 00:00:00,3.0079114675068004,3.0384459028633417,2.6627564804332158,1878772000,2.6690430641174316
2008-10-08 00:00:00,2.5717513804822336,2.883678570172211,2.564866476675218,2207741200,2.687901258468628
2008-10-09 00:00:00,2.794472039174001,2.8678137027595794,2.592407313733782,1617383600,2.6564695835113525
2008-10-10 00:00:00,2.565466416350643,2.9935437205486135,2.544511532968499,2219299600,2.89775013923645
2008-10-13 00:00:00,3.1297495736765053,3.30876315023252,3.0240770829749777,1539076000,3.30068039894104
2008-10-14 00:00:00,3.4802932323917086,3.484484288538712,3.0875399923307225,1980994400,3.1156797409057617
2008-10-15 00:00:00,3.1084941771358263,3.2030908876063315,2.93037851598388,1584175600,2.9321746826171875
2008-10-16 00:00:00,2.9866582077244748,3.09622241074337,2.74627715446101,1980521200,3.050121784210205
2008-10-17 00:00:00,2.981568171483484,3.054610675306768,2.571153528772541,1762227600,2.9157097339630127
2008-10-20 00:00:00,2.9869567801994856,2.9944410087164997,2.803153832078836,1549170000,2.946843385696411
2008-10-21 00:00:00,2.902239000093732,2.9306778998431695,2.7289125512202936,2193660000,2.7387914657592773
2008-10-22 00:00:00,2.9148132604614676,3.0309624085649345,2.781900284822971,2248808800,2.899845600128174
2008-10-23 00:00:00,2.889068250180145,2.971091199462136,2.7510659699503677,1675430400,2.940556764602661
2008-10-24 00:00:00,2.7040663230038704,2.9306782672239255,2.6974807788333077,1590058400,2.885176181793213
2008-10-27 00:00:00,2.845960695005765,2.9225957394766193,2.7498679779515256,1208771200,2.75675368309021
2008-10-28 00:00:00,2.85673771413247,3.008510809340845,2.7651358063359397,1634133200,2.9908483028411865
2008-10-29 00:00:00,3.0192881282699777,3.279127655519205,2.99174769714045,1950978400,3.1297500133514404
2008-10-30 00:00:00,3.2399114364255532,3.358456055592556,3.2213514445164435,1638089600,3.3240299224853516
2008-10-31 00:00:00,3.2150646164917496,3.316246874247723,3.147410803433773,1659756000,3.220752477645874
2008-11-03 00:00:00,3.1710592602695984,3.2659551263526843,3.1390284232456267,1057938000,3.201892852783203
2008-11-04 00:00:00,3.292597456564768,3.3464814595742647,3.1932121615226112,1398681200,3.322533369064331
2008-11-05 00:00:00,3.260268081497202,3.2845153379535477,3.0830500593291363,1256455200,3.0923304557800293
2008-11-06 00:00:00,3.024974626917038,3.0767622927698515,2.933671300352762,1319074400,2.9666004180908203
2008-11-07 00:00:00,2.9707928153007264,2.989052849374374,2.865419471024065,1095253600,2.940856695175171
2008-11-10 00:00:00,2.998630910002797,3.0055158140526617,2.828897001955649,1123822000,2.8702080249786377
2008-11-11 00:00:00,2.8381771877208553,2.908825007104771,2.761842306906282,1224538000,2.8369803428649902
2008-11-12 00:00:00,2.7669314379979126,2.79117949198815,2.6944882359100846,1178976400,2.6977806091308594
2008-11-13 00:00:00,2.690296844303876,2.8869729042053223,2.575045610453737,1854087200,2.8869729042053223
2008-11-14 00:00:00,2.8067451330134836,2.8136308380139097,2.6941885565449404,1405266800,2.7013726234436035
2008-11-17 00:00:00,2.6486865977798795,2.710653149633888,2.612165740738728,1162526400,2.6385083198547363
2008-11-18 00:00:00,2.683411799130234,2.7238245491795805,2.600191210346456,1209695200,2.6914937496185303
2008-11-19 00:00:00,2.677424970553549,2.7414862533747293,2.5807335247051695,1171900800,2.5831282138824463
2008-11-20 00:00:00,2.5516963344258206,2.5879180350178936,2.394834486322677,1716814400,2.4095029830932617
2008-11-21 00:00:00,2.452608686757918,2.5181679615951933,2.3690895463209602,1569271200,2.472067356109619
2008-11-24 00:00:00,2.550797605386098,2.83757896980805,2.5397216433877285,1442257600,2.7824981212615967
2008-11-25 00:00:00,2.8327889599513543,2.8351836485887394,2.639106351112751,1235292800,2.7181360721588135
2008-11-26 00:00:00,2.6917937219814414,2.8513493831304797,2.689698194388888,899836000,2.843865156173706
2008-11-28 00:00:00,2.8348849453358684,2.8366811119844426,2.7498679893608973,297774400,2.774116039276123
2008-12-01 00:00:00,2.733103999689411,2.7621414258756727,2.661857659047984,923767600,2.662156820297241
2008-12-02 00:00:00,2.695086126693046,2.773517332927952,2.5894144603120237,1148722400,2.7681286334991455
2008-12-03 00:00:00,2.6762268544334638,2.880686087062618,2.6582659879869963,1338680000,2.87080717086792
2008-12-04 00:00:00,2.8268018740920726,2.8501514383477926,2.6660483746066235,1091370000,2.7363970279693604
2008-12-05 00:00:00,2.7046665168660042,2.8285992479068,2.6600623004637733,1043795200,2.8139307498931885
2008-12-08 00:00:00,2.912118320794004,3.01749062613961,2.867813878915056,1185142000,2.9851608276367188
2008-12-09 00:00:00,2.934869925185228,3.101310525513733,2.9100233497775774,1203496000,2.9953386783599854
2008-12-10 00:00:00,2.929780255311758,2.9782755596996786,2.8887691790716596,938047600,2.939958333969116
2008-12-11 00:00:00,2.9142136121830093,3.030662076504412,2.8387764174156676,1040617200,2.843865156173706
2008-12-12 00:00:00,2.7780078438896045,2.9636069420993434,2.7699250936503645,1041174400,2.9417545795440674
2008-12-15 00:00:00,2.8735015317867094,2.88008707694797,2.7839951520837367,891758000,2.8363821506500244
2008-12-16 00:00:00,2.813332789289396,2.888170696008574,2.776511759005857,1093506400,2.856738567352295
2008-12-17 00:00:00,2.7250215966143423,2.727117124509081,2.634915895545974,1293860400,2.6690430641174316
2008-12-18 00:00:00,2.673533396987626,2.719035494425999,2.6474891756330945,857416000,2.677125930786133
2008-12-19 00:00:00,2.6923922283470185,2.722327539494467,2.6582660615687583,801920000,2.6941885948181152
2008-12-22 00:00:00,2.6947881078757616,2.695087469113112,2.53523236533983,844740400,2.566664695739746
2008-12-23 00:00:00,2.6004901602890405,2.630425469051337,2.5714527349299656,635031600,2.5858218669891357
2008-12-24 00:00:00,2.578637777990001,2.58193035042901,2.5310403620027513,271334000,2.545708656311035
2008-12-26 00:00:00,2.5936062594783538,2.6169558333359544,2.551696691077307,308324800,2.5687596797943115
2008-12-29 00:00:00,2.5900135831860056,2.6229429133871993,2.5466070113397605,686000000,2.592707633972168
2008-12-30 00:00:00,2.6169552218969367,2.6358145732311575,2.5361291164294304,967601600,2.5831282138824463
2008-12-31 00:00:00,2.5735492941392337,2.6265346280350883,2.5546899381419057,607541200,2.5549890995025635
2009-01-02 00:00:00,2.5708549066236785,2.7253220687963022,2.549301702317794,746015200,2.716639995574951
2009-01-05 00:00:00,2.789084143672183,2.8791896534582295,2.7753133306439812,1181608400,2.8312928676605225
2009-01-06 00:00:00,2.8723038998370254,2.9088247510908025,2.7657337577127614,1289310400,2.784593105316162
2009-01-07 00:00:00,2.748371580129457,2.76902629601771,2.7019710114864983,753048800,2.7244226932525635
2009-01-08 00:00:00,2.707060713016979,2.788485134748291,2.6953854301193054,673500800,2.7750136852264404
2009-01-09 00:00:00,2.790281283558915,2.7953700226138825,2.698379423613809,546845600,2.711550712585449
2009-01-12 00:00:00,2.7079588313693157,2.7238249724299446,2.6208471341985655,617716400,2.6540756225585938
2009-01-13 00:00:00,2.6415022393389482,2.6864050062191627,2.584924389360124,798397600,2.625636100769043
2009-01-14 00:00:00,2.5816312167574442,2.611865691502482,2.5361291246339013,1021664000,2.5543899536132812
2009-01-15 00:00:00,2.4118975437900065,2.518168550014915,2.396331364065202,1831634000,2.496016025543213
2009-01-16 00:00:00,2.5235563792218354,2.5259510684280118,2.4068087356430063,1047625600,2.4645836353302
2009-01-20 00:00:00,2.452609402761741,2.454704930859322,2.3409504890441895,919914800,2.3409504890441895
2009-01-21 00:00:00,2.3765741689757727,2.4810490365038795,2.3741794790564947,1089270000,2.4795520305633545
2009-01-22 00:00:00,2.635515437315645,2.6941890242227076,2.5690586602761263,1409528400,2.645094394683838
2009-01-23 00:00:00,2.598993776354162,2.6902971293956455,2.589415018826525,763770000,2.645094394683838
2009-01-26 00:00:00,2.660061433719476,2.723225822903144,2.6432974129033053,692238400,2.6834115982055664
2009-01-27 00:00:00,2.6998750764863857,2.740587778352728,2.686404429172324,618038400,2.7160403728485107
2009-01-28 00:00:00,2.7576510593356174,2.843865050093978,2.7390910724606155,861406000,2.8199169635772705
2009-01-29 00:00:00,2.786689002000925,2.824108543621388,2.7720207063543088,592729200,2.7839951515197754
2009-01-30 00:00:00,2.7720204961697337,2.8025541299832626,2.6944877681670087,651478800,2.69808030128479
2009-02-02 00:00:00,2.667246349250566,2.7540586668968494,2.661259127475915,558247200,2.7393903732299805
2009-02-03 00:00:00,2.751663816197341,2.7953697332198204,2.7025701992565883,599309200,2.783395290374756
2009-02-04 00:00:00,2.790580276959589,2.881284280863544,2.7869877443670177,808421600,2.8004581928253174
2009-02-05 00:00:00,2.777109704408841,2.911220305298706,2.772619486894306,749246400,2.8875715732574463
2009-02-06 00:00:00,2.9043347326553874,2.9935427382710866,2.903736410159636,687209600,2.9851608276367188
2009-02-09 00:00:00,2.9935425784816085,3.083348102437363,2.9785741251801396,715010800,3.0686798095703125
2009-02-10 00:00:00,3.033357141020029,3.06868035495871,2.9055329379909414,849060800,2.9285831451416016
2009-02-11 00:00:00,2.884877403401308,2.9429514630308016,2.8669157359678463,674973600,2.898347854614258
2009-02-12 00:00:00,2.868710722810128,2.9860576371836354,2.868710722810128,817188400,2.9716885089874268
2009-02-13 00:00:00,2.9633078400991057,2.991746947224806,2.9372644213432406,608977600,2.968397378921509
2009-02-17 00:00:00,2.8998444153510543,2.904933153995714,2.822311694718607,678238400,2.8297951221466064
2009-02-18 00:00:00,2.845362603646158,2.869310494937482,2.775613258647164,684779200,2.8250062465667725
2009-02-19 00:00:00,2.7950710281918036,2.821413809431465,2.6974812945038384,922804400,2.7133474349975586
2009-02-20 00:00:00,2.676226884876782,2.7660332165358916,2.6642524408682062,750316000,2.7301108837127686
2009-02-23 00:00:00,2.743581778482178,2.7540590182434155,2.589713956213847,786982000,2.6028852462768555
2009-02-24 00:00:00,2.617852958274181,2.7208307900259157,2.6043823067995273,807105600,2.701672077178955
2009-02-25 00:00:00,2.6899975242115803,2.781599423928578,2.6717366967440266,833053200,2.7289130687713623
2009-02-26 00:00:00,2.754058987549778,2.7815996113981667,2.6630558039063223,629868400,2.669940710067749
2009-02-27 00:00:00,2.6322219283539843,2.7331042258692837,2.6244385393758143,706658400,2.6735329627990723
2009-03-02 00:00:00,2.6379105692472145,2.7301118213747304,2.62443931511084,770929600,2.632521867752075
2009-03-03 00:00:00,2.6621571952895464,2.7163405609678444,2.630725075798091,724340400,2.6453933715820312
2009-03-04 00:00:00,2.6995763357955944,2.7771090588727882,2.677723775775977,741403600,2.7292122840881348
2009-03-05 00:00:00,2.707958711049202,2.7501674325747643,2.6477891205586586,706899200,2.659463405609131
2009-03-06 00:00:00,2.6444952000623103,2.6462915663631295,2.4645831897643133,1011147200,2.5534918308258057
2009-03-09 00:00:00,2.519963874988207,2.6223423528369865,2.4717679466965468,698297600,2.4879324436187744
2009-03-10 00:00:00,2.5406189763290907,2.66934184485395,2.5253521605083895,844258800,2.6531765460968018
2009-03-11 00:00:00,2.6885008443364895,2.816025892061075,2.6816159378055615,846372800,2.7744154930114746
2009-03-12 00:00:00,2.781001070000481,2.8911637644822883,2.7540589687427133,768457200,2.8842780590057373
2009-03-13 00:00:00,2.8827815769359493,2.90972367561441,2.844164395635042,601168400,2.8717048168182373
2009-03-16 00:00:00,2.8896671259688227,2.9154113863283992,2.819318452516519,797244000,2.856438636779785
2009-03-17 00:00:00,2.851049526418343,2.9842617886414864,2.84595998918303,786646000,2.9833641052246094
2009-03-18 00:00:00,2.9908477692517774,3.097717275443129,2.985160708162058,796037200,3.03904390335083
2009-03-19 00:00:00,3.0489228690568697,3.089335415994009,3.001026095245854,500180800,3.0420379638671875
2009-03-20 00:00:00,3.0561067794454604,3.086641208501528,3.0106054961298994,695587200,3.0411391258239746
2009-03-23 00:00:00,3.074668525224169,3.2378167918438314,3.0459310473502548,666397200,3.222849130630493
2009-03-24 00:00:00,3.1839316551699643,3.2761326796973216,3.1548948262618466,640612000,3.188122510910034
2009-03-25 00:00:00,3.2204539792420683,3.24380335152922,3.1090942200721816,646618000,3.187824010848999
2009-03-26 00:00:00,3.2279371540823214,3.292298606562267,3.2204539241976895,616252000,3.289006233215332
2009-03-27 00:00:00,3.2399113308433205,3.2488917655099825,3.185129640205817,492872800,3.1986002922058105
2009-03-30 00:00:00,3.1285520518587036,3.1435195108710254,3.0716748283133817,502796000,3.12795352935791
2009-03-31 00:00:00,3.156691035173807,3.2165622707229855,3.1432203818763105,570080000,3.146812915802002
2009-04-01 00:00:00,3.1159774379571323,3.2629602978959102,3.1099902177035013,589372000,3.25368070602417
2009-04-02 00:00:00,3.297087290521705,3.4350897547684767,3.286310491171847,812366800,3.374021291732788
2009-04-03 00:00:00,3.4183273040003455,3.4764021794338418,3.398270902383529,636241200,3.4722111225128174
2009-04-06 00:00:00,3.4407771845057487,3.554830947218446,3.3910840493805567,658064400,3.5458505153656006
2009-04-07 00:00:00,3.4883747498482114,3.492565804513024,3.418325463779258,536580800,3.442573308944702
2009-04-08 00:00:00,3.455446302424725,3.4961582160681304,3.4300014063577304,455630000,3.482089042663574
2009-04-09 00:00:00,3.5449539870897273,3.592251449856804,3.531182974569323,530756800,3.5793793201446533
2009-04-13 00:00:00,3.592549838846041,3.6215874659597427,3.5623155666905184,389236400,3.5988364219665527
2009-04-14 00:00:00,3.579378769993457,3.5973404361535692,3.509928592898537,454622000,3.5416600704193115
2009-04-15 00:00:00,3.5084315339605547,3.5398640513700372,3.4653251321034837,412882400,3.52160382270813
2009-04-16 00:00:00,3.5680033027566327,3.6865470971469674,3.5560288591365756,593446000,3.63565731048584
2009-04-17 00:00:00,3.6275741527695433,3.719475998805056,3.599734373848253,497495600,3.694629430770874
2009-04-20 00:00:00,3.6440386380112124,3.6817573320845893,3.567104444569406,466466000,3.607218027114868
2009-04-21 00:00:00,3.559021930394482,3.656312682257165,3.550340858792371,470685600,3.6449365615844727
2009-04-22 00:00:00,3.6709814401795215,3.7524060651779436,3.6281732001828546,938767200,3.63745379447937
2009-04-23 00:00:00,3.7904240953906387,3.807786642157097,3.6973243778186458,945156800,3.7539024353027344
2009-04-24 00:00:00,3.7311502786239132,3.7461179285685575,3.6811581919172958,540764000,3.708997964859009
2009-04-27 00:00:00,3.6790635198633472,3.7419277441746157,3.6718784546926155,480690000,3.7338449954986572
2009-04-28 00:00:00,3.692533110270912,3.778148755405422,3.6898392610192126,455856800,3.708997964859009
2009-04-29 00:00:00,3.7374381885988273,3.797308409987946,3.7069037561847646,458110800,3.746119260787964
2009-04-30 00:00:00,3.778448459191422,3.8017982215146553,3.739533121241644,498489600,3.7667741775512695
2009-05-01 00:00:00,3.76587542179614,3.8302368441260612,3.76587542179614,397516000,3.8089826107025146
2009-05-04 00:00:00,3.8389181964677093,3.958959180410114,3.8221543772566227,609358400,3.953571081161499
2009-05-05 00:00:00,3.9439930792685294,3.9772213697126926,3.925133725275743,398255200,3.972731351852417
2009-05-06 00:00:00,3.991292507471529,3.996381249153178,3.8981927553811286,473538800,3.9664459228515625
2009-05-07 00:00:00,3.9613560174789115,3.9631521848535636,3.8287421904334598,531776000,3.8634676933288574
2009-05-08 00:00:00,3.8628666765317092,3.928425954188595,3.779646693744481,467964000,3.8673574924468994
2009-05-11 00:00:00,3.812874306348266,3.920342107021168,3.8053898817064105,404658800,3.8787317276000977
2009-05-12 00:00:00,3.8784336752297204,3.8829240917214083,3.689541217970821,609481600,3.724565267562866
2009-05-13 00:00:00,3.688343462584841,3.712591712223049,3.57369055682628,595971600,3.57698392868042
2009-05-14 00:00:00,3.585665270566398,3.697923695589436,3.5832707812143383,447826400,3.680560350418091
2009-05-15 00:00:00,3.6617014899535483,3.7305533598452953,3.6404476462967046,367567200,3.6646955013275146
2009-05-18 00:00:00,3.7039108653417157,3.792818721342425,3.639250061412462,458841600,3.7913215160369873
2009-05-19 00:00:00,3.79641154709506,3.8709504784479023,3.7640809410978116,372422400,3.8152709007263184
2009-05-20 00:00:00,3.8206583492573842,3.8679566056773442,3.7509088087586813,388584000,3.767971992492676
2009-05-21 00:00:00,3.7464191080432467,3.7952133747832737,3.6787650896206627,407946000,3.717381477355957
2009-05-22 00:00:00,3.713488991293395,3.717380685255791,3.6446375429904165,297998400,3.6670892238616943
2009-05-26 00:00:00,3.734743443427866,3.9164516290419926,3.7284568605103816,636927200,3.914954423904419
2009-05-27 00:00:00,3.944890192944764,4.040682936138033,3.9188457802462002,646422000,3.982908248901367
2009-05-28 00:00:00,3.994882250980888,4.052957509352705,3.9523741706518223,487552800,4.0433783531188965
2009-05-29 00:00:00,4.0529589586986,4.068225582035171,4.006858128734637,456534400,4.0655317306518555
2009-06-01 00:00:00,4.085286707616161,4.19065898871768,4.0712167396991195,452499600,4.1715006828308105
2009-06-02 00:00:00,4.1607253022988235,4.231072764366224,4.141565791767402,456223600,4.175692558288574
2009-06-03 00:00:00,4.19095817205672,4.224186444451881,4.163118397784316,565199600,4.219397068023682
2009-06-04 00:00:00,4.194851857130593,4.3160903246979965,4.192158006470919,550634000,4.302918434143066
2009-06-05 00:00:00,4.349918320648799,4.382547494236003,4.287054063846367,632716000,4.3307600021362305
2009-06-08 00:00:00,4.305312357565027,4.317585361418373,4.173895652611904,931652400,4.306210041046143
2009-06-09 00:00:00,4.305013808585527,4.327465494276534,4.207424475588026,676964400,4.2723846435546875
2009-06-10 00:00:00,4.259214450672563,4.261309979279005,4.140071479103375,688623600,4.1984453201293945
2009-06-11 00:00:00,4.1774884647218515,4.237658039326457,4.147552358746955,524823600,4.189461708068848
2009-06-12 00:00:00,4.155337783129785,4.164018858436736,4.072416327657512,563085600,4.10025691986084
2009-06-15 00:00:00,4.071517654318434,4.099058079260435,4.037990006701613,539750400,4.073912143707275
2009-06-16 00:00:00,4.090975429490316,4.1451585969897735,4.074211605268683,514805200,4.081696033477783
2009-06-17 00:00:00,4.091274410722,4.11462457756111,4.027213130876401,571412800,4.058645248413086
2009-06-18 00:00:00,4.074511383557384,4.131089445978253,4.058945401987687,427680400,4.067626476287842
2009-06-19 00:00:00,4.133182249404431,4.175990473204724,4.098158610734367,721856800,4.175392150878906
2009-06-22 00:00:00,4.211017405592629,4.237659349101814,4.081097463272845,634914000,4.112229824066162
2009-06-23 00:00:00,4.083192783135392,4.099656446627722,3.9778196613129864,706532400,4.011646270751953
2009-06-24 00:00:00,4.053856395467473,4.116121516699731,4.037092570630711,485525600,4.077804088592529
2009-06-25 00:00:00,4.063735302688708,4.1969482434574426,4.047570596700521,589447600,4.186769962310791
2009-06-26 00:00:00,4.184674160038328,4.297530930810787,4.183177354085285,439384400,4.264003276824951
2009-06-29 00:00:00,4.294535415020722,4.309203708541667,4.237059685279958,567616000,4.249931812286377
2009-06-30 00:00:00,4.268191376815161,4.30471221772706,4.244842019484675,434224000,4.26370096206665
2009-07-01 00:00:00,4.295735360363202,4.330460863616156,4.266398758970907,414178800,4.2756781578063965
2009-07-02 00:00:00,4.228379381609215,4.275676843026471,4.184673454511413,370479200,4.191558361053467
2009-07-06 00:00:00,4.1520440172430675,4.16072629077191,4.078702527000344,498688400,4.149350166320801
2009-07-07 00:00:00,4.145456764525865,4.181379291754886,4.04667001448655,461596800,4.053255558013916
2009-07-08 00:00:00,4.068823152440799,4.132285704229099,4.023919389249124,575929200,4.107738494873047
2009-07-09 00:00:00,4.123903325730601,4.130788229908531,4.069121454939713,343025200,4.081993579864502
2009-07-10 00:00:00,4.081396902654499,4.16012648912532,4.080797380976235,445275600,4.146656036376953
2009-07-13 00:00:00,4.177188679934891,4.261007785797119,4.117019099919521,483501200,4.261007785797119
2009-07-14 00:00:00,4.251729172124105,4.286154504368748,4.225685552164124,347247600,4.258913040161133
2009-07-15 00:00:00,4.341834188442791,4.400507769251327,4.3202809870430645,485587200,4.396915435791016
2009-07-16 00:00:00,4.363387368683979,4.431041776618166,4.357699907601433,393570800,4.416073322296143
2009-07-17 00:00:00,4.462772883914153,4.550783039517426,4.449301635851663,602154000,4.542700290679932
2009-07-20 00:00:00,4.5882038351271115,4.641189562007269,4.516957476960081,735526400,4.577426433563232
2009-07-21 00:00:00,4.588800214909643,4.59299086937696,4.482828415565922,874781600,4.5355143547058105
2009-07-22 00:00:00,4.7235111880576275,4.7516511356559405,4.673219714797562,874104000,4.692079067230225
2009-07-23 00:00:00,4.6887868773054455,4.742969250509605,4.656755631891268,526962800,4.724410057067871
2009-07-24 00:00:00,4.698364930990892,4.789668067710455,4.684894081227295,438362400,4.789369106292725
2009-07-27 00:00:00,4.794757671776738,4.816011913943029,4.7076459744043335,433311200,4.792662143707275
2009-07-28 00:00:00,4.756141859880331,4.792662725912694,4.717824027350768,363554800,4.789669513702393
2009-07-29 00:00:00,4.756740307855447,4.803140090452963,4.737282231364582,382158000,4.790566921234131
2009-07-30 00:00:00,4.840558533675678,4.930963192614018,4.83457131135616,469604800,4.873188495635986
2009-07-31 00:00:00,4.8791746001792795,4.939344981520535,4.876779711407763,422536800,4.891149044036865
2009-08-03 00:00:00,4.945631833811476,4.988440076711555,4.9354539548369045,394240000,4.98215389251709
2009-08-04 00:00:00,4.937248654234027,4.956407361622281,4.915695458143092,395810800,4.955808639526367
2009-08-05 00:00:00,4.9617971868826745,5.010890813147481,4.915696772216614,423183600,4.942638874053955
2009-08-06 00:00:00,4.956708138492196,4.984548726149391,4.882169608335452,341616800,4.906716823577881
2009-08-07 00:00:00,4.9540148860644,4.987243179209304,4.933359363376205,387354800,4.954613208770752
2009-08-10 00:00:00,4.959103462983921,4.987242210689225,4.899232035221481,300294400,4.930963516235352
2009-08-11 00:00:00,4.90012873350903,4.920784647713025,4.845946377263015,355342400,4.874384880065918
2009-08-12 00:00:00,4.866001694550618,4.990533476317412,4.863307845148195,445071200,4.948624134063721
2009-08-13 00:00:00,4.988738416515029,5.0492081547520336,4.984248000380374,439980800,5.041723728179932
2009-08-14 00:00:00,5.02735420972623,5.036035280226134,4.955210197317641,305816000,4.992629528045654
2009-08-17 00:00:00,4.895939549289188,4.8971373936318106,4.772306185757763,524381200,4.777395725250244
2009-08-18 00:00:00,4.838463483912845,4.916594744496748,4.831877938391774,431152400,4.90941047668457
2009-08-19 00:00:00,4.871989872534293,4.948324946498018,4.863009440171913,413271600,4.927370071411133
2009-08-20 00:00:00,4.938746878278681,4.990834916225064,4.927671315684438,342031200,4.979159832000732
2009-08-21 00:00:00,5.0186766641208225,5.0701659999264646,4.9932313574689795,416074400,5.065674781799316
2009-08-24 00:00:00,5.0926140438370755,5.110276347757307,5.037233842133306,406929600,5.060882568359375
2009-08-25 00:00:00,5.0728558699229955,5.117160101250447,5.062976956394496,324354800,5.071059703826904
2009-08-26 00:00:00,5.056692757832643,5.075552111047422,4.992032346628327,303998800,5.011490821838379
2009-08-27 00:00:00,5.051603998617725,5.076150414361324,4.934257223257689,449181600,5.072558879852295
2009-08-28 00:00:00,5.156975918567443,5.163561463284051,5.045017661574565,453700800,5.090518951416016
2009-08-31 00:00:00,5.033940378852621,5.054595893549576,4.984248038638372,311337600,5.03543758392334
2009-09-01 00:00:00,5.028852658386053,5.089023048191795,4.937549509533053,469028000,4.948326110839844
2009-09-02 00:00:00,4.92797074794217,5.017477337460074,4.912703328651744,364249200,4.944734573364258
2009-09-03 00:00:00,4.982452380643156,5.002209414441532,4.939345180382394,293955200,4.985744953155518
2009-09-04 00:00:00,5.007597877630847,5.1099769697258415,5.00191001706523,374628800,5.098301887512207
2009-09-08 00:00:00,5.178229345556335,5.183018723237616,5.148892758574273,315047600,5.176732540130615
2009-09-09 00:00:00,5.172243022760734,5.222833855899401,5.080041790917446,811087200,5.123149394989014
2009-09-10 00:00:00,5.1506889120814865,5.186312081761635,5.113269575895008,491134000,5.165656566619873
2009-09-11 00:00:00,5.176133914024532,5.184216663473427,5.11506585024589,348961200,5.153682231903076
2009-09-14 00:00:00,5.11386854423187,5.205770410340552,5.09650639850667,322011200,5.200382709503174
2009-09-15 00:00:00,5.209962091927593,5.258158039347677,5.19649163917272,426470800,5.243489742279053
2009-09-16 00:00:00,5.328208515043697,5.470701259999705,5.324915541584742,754023200,5.444357872009277
2009-09-17 00:00:00,5.447649922014018,5.591638638753071,5.447350560863186,810572000,5.524583339691162
2009-09-18 00:00:00,5.562899311818064,5.5844525081267,5.530867679363163,601582800,5.538651466369629
2009-09-21 00:00:00,5.516799809785322,5.542843026429987,5.436872394528004,437715600,5.508717060089111
2009-09-22 00:00:00,5.5437418027584275,5.549429264275672,5.4736925007277275,356753600,5.522487163543701
2009-09-23 00:00:00,5.550028696163281,5.654802694423779,5.538951934582656,593563600,5.5530219078063965
2009-09-24 00:00:00,5.6039101765106825,5.618877829377209,5.471296828068594,550880400,5.5027289390563965
2009-09-25 00:00:00,5.448546330156532,5.553020949250322,5.4314831482351025,445239200,5.459322929382324
2009-09-28 00:00:00,5.5042273833482644,5.588345865308971,5.488062281464328,337444800,5.572479724884033
2009-09-29 00:00:00,5.589843249014379,5.609899246997151,5.517399049844045,345385600,5.549429893493652
2009-09-30 00:00:00,5.571881378590541,5.581460935032785,5.466509055493503,539585200,5.548532009124756
2009-10-01 00:00:00,5.548531571077679,5.574574789055684,5.409331050602517,524711600,5.414121627807617
2009-10-02 00:00:00,5.430585629160722,5.566192605716305,5.42878946262185,553308000,5.535059452056885
2009-10-05 00:00:00,5.57397524806373,5.593732277985103,5.516199364824452,423133200,5.568586349487305
2009-10-06 00:00:00,5.620076792390475,5.688029766082764,5.606905702887859,605085600,5.688029766082764
2009-10-07 00:00:00,5.680546453862523,5.704195181885862,5.6586930931139525,465668000,5.695214748382568
2009-10-08 00:00:00,5.707488691293336,5.731137419886645,5.654502173909704,438211200,5.6658782958984375
2009-10-09 00:00:00,5.656897305674955,5.70868477478626,5.646420067419131,293272000,5.7017998695373535
2009-10-12 00:00:00,5.718264541234713,5.732932834183235,5.676953512374785,288024800,5.711977958679199
2009-10-13 00:00:00,5.7065908810351615,5.722755983381274,5.6787510935727195,348020400,5.68833065032959
2009-10-14 00:00:00,5.755085869753761,5.757180997997335,5.694616919476148,375510800,5.726348400115967
2009-10-15 00:00:00,5.676654693134382,5.7152710763325665,5.673661481788968,373556400,5.704494476318359
2009-10-16 00:00:00,5.668271567618771,5.698506234211799,5.623068848572785,431426800,5.629355430603027
2009-10-19 00:00:00,5.623370753120146,5.687731400225001,5.554519289205565,942230800,5.683540344238281
2009-10-20 00:00:00,6.005047528450656,6.039472861371101,5.92272441192846,1141039200,5.949965476989746
2009-10-21 00:00:00,5.972715127580728,6.247822362263893,5.964034056014403,1193726800,6.134366512298584
2009-10-22 00:00:00,6.127783079723901,6.222079859371847,6.0622249752923585,791392000,6.1427507400512695
2009-10-23 00:00:00,6.1577167334236895,6.160709944545368,6.0837757456401995,420786800,6.105029582977295
2009-10-26 00:00:00,6.096948723303527,6.189149548381708,5.990079203630986,484338400,6.061325550079346
2009-10-27 00:00:00,6.036780384293069,6.071205725046424,5.880815988720507,756551600,5.908357620239258
2009-10-28 00:00:00,5.918532675203609,5.92781326939024,5.720659775628465,818386800,5.759576320648193
2009-10-29 00:00:00,5.837407468872818,5.891591024084219,5.7517921998303585,570270400,5.877820014953613
2009-10-30 00:00:00,5.869138805517877,5.891290725184578,5.632948118754054,717525200,5.642827033996582
2009-11-02 00:00:00,5.681744407706873,5.773945245065659,5.555117836995286,678983200,5.667076110839844
2009-11-03 00:00:00,5.623370169101266,5.673361476202629,5.565594274075462,522541600,5.650311470031738
2009-11-04 00:00:00,5.70958346976763,5.802981327111056,5.694615815745036,487530400,5.711977958679199
2009-11-05 00:00:00,5.759576876783395,5.837408775294995,5.742213930548045,384801200,5.808371543884277
2009-11-06 00:00:00,5.762867416699953,5.843093776364948,5.759574844980692,295097600,5.817648887634277
2009-11-09 00:00:00,5.895481521121178,6.043961416921795,5.8751261670575285,528855600,6.030790328979492
2009-11-10 00:00:00,6.017617997676623,6.1361617693474,6.017318636643496,401195200,6.076291561126709
2009-11-11 00:00:00,6.12358952743378,6.136761414013768,6.0418655571500715,443870000,6.08437442779541
2009-11-12 00:00:00,6.081081933986792,6.132870202157272,6.029892787661648,363731200,6.046656608581543
2009-11-13 00:00:00,6.073000599817361,6.13167418654883,6.049052507026602,343240800,6.120298862457275
2009-11-16 00:00:00,6.15113028776525,6.226567680015551,6.137061116588403,485206400,6.185556411743164
2009-11-17 00:00:00,6.169093389782889,6.209804906785423,6.136763185479579,396513600,6.196633815765381
2009-11-18 00:00:00,6.182863508739541,6.196633320950135,6.1068269830115725,374320800,6.165500164031982
2009-11-19 00:00:00,6.125086931990129,6.125086931990129,5.981097446146487,542326400,6.0023512840271
2009-11-20 00:00:00,5.9616411333749255,5.998761117374722,5.920030732032948,406666400,5.984691143035889
2009-11-23 00:00:00,6.076892426287085,6.1666987753984825,6.075395220814015,474896800,6.163106441497803
2009-11-24 00:00:00,6.146641351795743,6.163106214901836,6.073898991068177,318438400,6.119999408721924
2009-11-25 00:00:00,6.148735031074595,6.156219457189929,6.099641416389195,286454000,6.112513542175293
2009-11-27 00:00:00,5.963735318523008,6.075693575445514,5.938290423637414,295257200,6.00474739074707
2009-11-30 00:00:00,6.020315265138092,6.037378454032481,5.950266742023233,424858000,5.984393119812012
2009-12-01 00:00:00,6.05414118360763,6.070007324493035,5.892190798928049,465763200,5.896381855010986
2009-12-02 00:00:00,5.955953030553769,6.029594278204855,5.859860494955306,715260000,5.874229431152344
2009-12-03 00:00:00,5.909853498318583,5.9565534472584885,5.875428158314545,448719600,5.881714344024658
2009-12-04 00:00:00,5.978105499227544,5.983493200587558,5.696113289980626,826884800,5.7871174812316895
2009-12-07 00:00:00,5.787116564840993,5.800587414832357,5.648215810430579,714758800,5.6562981605529785
2009-12-08 00:00:00,5.668572303612329,5.758079680267647,5.64881526894419,690398800,5.683839321136475
2009-12-09 00:00:00,5.726047953662921,5.9320035773337025,5.697010329034686,684782000,5.921226978302002
2009-12-10 00:00:00,5.972116055170276,5.978103275968331,5.870934421768928,489669600,5.880214214324951
2009-12-11 00:00:00,5.920627371726256,5.927213714970403,5.790408503266641,429774800,5.827528476715088
2009-12-14 00:00:00,5.848484885872601,5.910151683958479,5.764366401250486,495790400,5.89668083190918
2009-12-15 00:00:00,5.862255137231535,5.912546608213627,5.785620286393443,419459600,5.812561988830566
2009-12-16 00:00:00,5.840401477976067,5.882311234839389,5.823937016282847,352984800,5.838305950164795
2009-12-17 00:00:00,5.815255652808956,5.837407974596466,5.717666331993207,388838800,5.743410587310791
2009-12-18 00:00:00,5.782628086334321,5.852377243677365,5.765564099195305,608770400,5.850281715393066
2009-12-21 00:00:00,5.868840475952853,5.979601285253537,5.85746435446483,611906400,5.934099197387695
2009-12-22 00:00:00,5.97032238801979,6.012531113271138,5.94697261681447,349515600,5.997862815856934
2009-12-23 00:00:00,6.0230070697175995,6.0583312799970095,6.011332786126656,345525600,6.0499491691589355
2009-12-24 00:00:00,6.093355209457754,6.266981036298968,6.087367987941537,500889200,6.257700443267822
2009-12-28 00:00:00,6.337928629556494,6.404683757875051,6.2747642357731985,644565600,6.334635257720947
2009-12-29 00:00:00,6.365171575970138,6.367865826712706,6.248423108545838,445205600,6.2594990730285645
2009-12-30 00:00:00,6.251413726325528,6.346309586594108,6.235847750079913,412084400,6.335532188415527
2009-12-31 00:00:00,6.380137378588241,6.386723322930557,6.303203172949936,352410800,6.308291912078857
2010-01-04 00:00:00,6.389119194607755,6.421150040568805,6.357687070989196,493729600,6.406481742858887
2010-01-05 00:00:00,6.424142229757467,6.453778177942326,6.383728882783618,601904800,6.417556285858154
2010-01-06 00:00:00,6.417557116786033,6.44300241273785,6.308891426463777,552160000,6.31547737121582
2010-01-07 00:00:00,6.338826386564105,6.346310414274597,6.258000486015009,477131200,6.303801536560059
2010-01-08 00:00:00,6.295421183719223,6.346311783770343,6.2583019969892995,447610800,6.345712661743164
2010-01-11 00:00:00,6.370257226467616,6.376244447435682,6.240038367859953,462229600,6.289731502532959
2010-01-12 00:00:00,6.262191263226444,6.279554607532376,6.179270632673337,594459600,6.218186378479004
2010-01-13 00:00:00,6.222677172688797,6.314278869663153,6.109820438364607,605892000,6.305896759033203
2010-01-14 00:00:00,6.289733311908163,6.300210551935307,6.257103347926473,432894000,6.269376754760742
2010-01-15 00:00:00,6.314279238233961,6.334336432697813,6.162806112994681,594067600,6.164602279663086
2010-01-19 00:00:00,6.236446594514893,6.4418034959626995,6.203817436355921,730007600,6.437313079833984
2010-01-20 00:00:00,6.433423230843941,6.4525819454731534,6.271472839500619,612152800,6.338229179382324
2010-01-21 00:00:00,6.3487052495772565,6.38552546655906,6.202919188774265,608154400,6.228663444519043
2010-01-22 00:00:00,6.19004825838281,6.2116014614229424,5.902069631974785,881767600,5.919731140136719
2010-01-25 00:00:00,6.062222823167735,6.127780904325776,5.992772648108015,1065699600,6.078986644744873
2010-01-26 00:00:00,6.1652001407937105,6.397499134941822,6.064317858428197,1867110000,6.164900779724121
2010-01-27 00:00:00,6.192142414374899,6.3038013059635185,5.973014887200149,1722568400,6.222976207733154
2010-01-28 00:00:00,6.134667759934874,6.151730545013927,5.94816977241449,1173502400,5.965831279754639
2010-01-29 00:00:00,6.019414471458897,6.052942109520461,5.695213650273014,1245952400,5.749396800994873
2010-02-01 00:00:00,5.758678049402945,5.867343739361888,5.726647208487251,749876400,5.8293256759643555
2010-02-02 00:00:00,5.864648755305096,5.876922159339377,5.788912004273835,698342400,5.863151550292969
2010-02-03 00:00:00,5.842496747430603,5.993072184619333,5.820045064412281,615328000,5.964034557342529
2010-02-04 00:00:00,5.889196262941924,5.938290687604771,5.734729920747182,757652000,5.749099254608154
2010-02-05 00:00:00,5.766461840157096,5.867344147914242,5.713176355720521,850306800,5.8511786460876465
2010-02-08 00:00:00,5.858065537404952,5.923624042686643,5.807474293036336,478270800,5.811066627502441
2010-02-09 00:00:00,5.879914612817538,5.912244804442919,5.829922520241167,632886800,5.873029708862305
2010-02-10 00:00:00,5.8640496074777,5.885304644215168,5.815255349297551,370361600,5.840999603271484
2010-02-11 00:00:00,5.833813936532001,5.979599552630937,5.809266733110668,550345600,5.947268962860107
2010-02-12 00:00:00,5.930507940298587,6.036180429432904,5.852376677378631,655468800,5.998461723327637
2010-02-16 00:00:00,6.04516125547711,6.09754826186112,6.032588485855666,543737600,6.0888671875
2010-02-17 00:00:00,6.112513432684178,6.116105765308318,6.01282820076918,436396800,6.063419818878174
2010-02-18 00:00:00,6.035878232015699,6.103533030740202,6.014624396580585,422825200,6.074794769287109
2010-02-19 00:00:00,6.042767597026215,6.0828808007995905,6.02031550589732,415469600,6.037079334259033
2010-02-22 00:00:00,6.057132718111487,6.06192209485258,5.96283599320736,390563600,5.9996562004089355
2010-02-23 00:00:00,5.987086168457738,6.026900403768394,5.858663426999395,575094800,5.899075984954834
2010-02-24 00:00:00,5.934099066522911,6.030191979157538,5.922423983873217,460566400,6.006842613220215
2010-02-25 00:00:00,5.908655360409758,6.072701275851085,5.893987063557348,665126000,6.046957015991211
2010-02-26 00:00:00,6.058332840197629,6.14185261058061,6.046957515097517,507460800,6.125388145446777
2010-03-01 00:00:00,6.159213682106255,6.2714716990172255,6.150233248587524,550093600,6.256205081939697
2010-03-02 00:00:00,6.284343482020809,6.311285580460449,6.218785001984629,566546400,6.252013683319092
2010-03-03 00:00:00,6.2547088854012545,6.282548673448106,6.224773569269848,372052800,6.266383171081543
2010-03-04 00:00:00,6.264885966364551,6.313979587659363,6.2454270953345326,366041200,6.307693004608154
2010-03-05 00:00:00,6.434321277371331,6.576813982935821,6.425041082007022,899620400,6.5543622970581055
2010-03-08 00:00:00,6.586094508596909,6.588488998307483,6.533408141022627,429889600,6.558254718780518
2010-03-09 00:00:00,6.535201670261281,6.735469418635538,6.522628905710673,920259200,6.676197528839111
2010-03-10 00:00:00,6.700448568149728,6.749841966416509,6.6815892124942415,596218000,6.730682849884033
2010-03-11 00:00:00,6.702842740386889,6.750439167022705,6.68518043172371,405700400,6.750439167022705
2010-03-12 00:00:00,6.806416283187033,6.8171932815643235,6.757921389213214,416323600,6.783366680145264
2010-03-15 00:00:00,6.746846951783331,6.750438486024149,6.593277887704193,493502800,6.700746536254883
2010-03-16 00:00:00,6.710924187739314,6.734872278252345,6.660932079168102,446908000,6.719006538391113
2010-03-17 00:00:00,6.7324791848267145,6.77887897229154,6.68368490741683,450956800,6.709129810333252
2010-03-18 00:00:00,6.70852701740513,6.735469512562821,6.663923818590224,342109600,6.724992275238037
2010-03-19 00:00:00,6.729183812735132,6.742654661599278,6.622613267094049,559445600,6.6531476974487305
2010-03-22 00:00:00,6.599864395375914,6.765407509207064,6.5902848388646085,456419600,6.727987766265869
2010-03-23 00:00:00,6.754630164821655,6.8486279707109095,6.708529345360598,602431200,6.836054801940918
2010-03-24 00:00:00,6.814497076613092,6.8911318843098766,6.810604984418707,597780400,6.86628532409668
2010-03-25 00:00:00,6.912686885049679,6.9141840899356275,6.772888076670653,542284400,6.784862518310547
2010-03-26 00:00:00,6.853714667821882,6.943520580848733,6.841740226340203,640875200,6.912088871002197
2010-03-29 00:00:00,6.974956033613477,7.000999255783964,6.933644992429599,540744400,6.956694602966309
2010-03-30 00:00:00,7.082720080878123,7.1090638529372505,7.012371434081317,527310000,7.060268402099609
2010-03-31 00:00:00,7.049494898397641,7.083022549017462,7.018661098541685,430659600,7.034825801849365
2010-04-01 00:00:00,7.106969044991726,7.146483110578397,6.967469972979133,603145200,7.063861846923828
2010-04-05 00:00:00,7.034225504900428,7.139897161144924,7.02793852296947,684507600,7.139298439025879
2010-04-06 00:00:00,7.130619855237072,7.191687933957061,7.0946973149260915,447017200,7.170733451843262
2010-04-07 00:00:00,7.171033009065968,7.241980411771242,7.1443902629427445,628502000,7.202465534210205
2010-04-08 00:00:00,7.197673149369855,7.230602068855533,7.1258280887898255,572989200,7.183004856109619
2010-04-09 00:00:00,7.227312403919654,7.241083019158989,7.198274767117882,334182800,7.238088607788086
2010-04-12 00:00:00,7.250360445767822,7.276404464915791,7.238685761146231,333026400,7.253055095672607
2010-04-13 00:00:00,7.2401807758887635,7.268319914793515,7.217728297803523,306210800,7.2572431564331055
2010-04-14 00:00:00,7.34256305539913,7.358428798038535,7.306341552163572,404076400,7.354836463928223
2010-04-15 00:00:00,7.357527437597688,7.454817783299947,7.349445088691308,376784800,7.4515252113342285
2010-04-16 00:00:00,7.441049944408425,7.5179845661125375,7.320709951427536,750545600,7.4060258865356445
2010-04-19 00:00:00,7.39494599238745,7.420690239980952,7.2374852979916655,566924400,7.396143436431885
2010-04-20 00:00:00,7.440149964081072,7.4614042009254335,7.273110479466421,738326400,7.321905136108398
2010-04-21 00:00:00,7.747290206527458,7.790697179775964,7.655388318799428,982391200,7.759863376617432
2010-04-22 00:00:00,7.730524746617514,7.985275059340152,7.669455878741725,793424800,7.976892948150635
2010-04-23 00:00:00,8.022393481308484,8.147822978427511,7.992757932872475,796955600,8.107410430908203
2010-04-26 00:00:00,8.138844697898165,8.156206845242549,8.028382431911705,479068800,8.067598342895508
2010-04-27 00:00:00,8.000843024068937,8.017906212116669,7.798779417871338,709343600,7.84428071975708
2010-04-28 00:00:00,7.880501480602791,7.902952366279691,7.675743264128055,758402400,7.831108093261719
2010-04-29 00:00:00,7.873614272099496,8.082563504506396,7.843380002823778,558840800,8.041851997375488
2010-04-30 00:00:00,8.061907688065682,8.099626382420455,7.8131454407486896,542463600,7.8158392906188965
2010-05-03 00:00:00,7.898161872613965,8.01910134768913,7.869423209684573,454342000,7.973299503326416
2010-05-04 00:00:00,7.869726218642908,7.881699865894017,7.685922459939022,723819600,7.743697166442871
2010-05-05 00:00:00,7.574562309938288,7.727532264364235,7.445839410238139,883103200,7.66317081451416
2010-05-06 00:00:00,7.598509818729902,7.7308242427822575,5.964633916327227,1285860800,7.3715996742248535
2010-05-07 00:00:00,7.295564360478605,7.381179256465426,6.7417581899468795,1676018400,7.060570240020752
2010-05-10 00:00:00,7.491340329343618,7.623056020554804,7.439851017684238,984306400,7.603298187255859
2010-05-11 00:00:00,7.538935198232076,7.779915621329202,7.498822420633816,848906800,7.6790337562561035
2010-05-12 00:00:00,7.76045747493179,7.876906923062914,7.744293577221364,654379600,7.845774173736572
2010-05-13 00:00:00,7.8796020489212255,7.932887524213257,7.675442579284099,599712400,7.734116554260254
2010-05-14 00:00:00,7.638322970207004,7.677837837094588,7.468888579916591,759362800,7.598209381103516
2010-05-17 00:00:00,7.624554482007597,7.668859134312434,7.415305427720954,762834800,7.610185146331787
2010-05-18 00:00:00,7.692805545888321,7.7398040386761116,7.491638887218659,782678400,7.554503917694092
2010-05-19 00:00:00,7.46888961806538,7.571268733129042,7.329690280648879,1025726800,7.434164524078369
2010-05-20 00:00:00,7.240778699648421,7.299752425917736,7.071045383378612,1282915200,7.117445945739746
2010-05-21 00:00:00,6.969567352453409,7.319214028079292,6.925562456571074,1223891200,7.253954887390137
2010-05-24 00:00:00,7.4024314385766345,7.510797753164615,7.371897407295696,754238800,7.38686466217041
2010-05-25 00:00:00,7.16504316608503,7.386864530053093,7.099485088105683,1048006400,7.34076452255249
2010-05-26 00:00:00,7.486253541853697,7.547621386480442,7.296761506578028,850654000,7.3075385093688965
2010-05-27 00:00:00,7.501817517466966,7.600305323775396,7.457213911335838,666282400,7.584139823913574
2010-05-28 00:00:00,7.764950621475076,7.765249582898164,7.5841397120254195,815614800,7.689812183380127
2010-06-01 00:00:00,7.773931415188719,7.961027727071952,7.752078452131585,876472800,7.80805778503418
2010-06-02 00:00:00,7.919116984846709,7.926900373349052,7.793088761095264,688548000,7.901455879211426
2010-06-03 00:00:00,7.938275793856331,7.949352554793578,7.795484139115588,650106800,7.876609802246094
2010-06-04 00:00:00,7.7296291145613365,7.840090608569387,7.622460993702086,758304400,7.6622748374938965
2010-06-07 00:00:00,7.732019048025458,7.757763297452709,7.500318405094482,886942000,7.511993885040283
2010-06-08 00:00:00,7.5808478349848905,7.5976120583543505,7.353637931956472,1000770400,7.463800430297852
2010-06-09 00:00:00,7.527863794613474,7.540736725827615,7.259043833312108,854630000,7.28029727935791
2010-06-10 00:00:00,7.329390356097138,7.513193301649381,7.2503606131024565,776356000,7.499124526977539
2010-06-11 00:00:00,7.430870200876391,7.59940689125353,7.405125947439948,545759200,7.588929653167725
2010-06-14 00:00:00,7.662273747916827,7.757767167129364,7.603899516517599,602960400,7.6119818687438965
2010-06-15 00:00:00,7.652693040662309,7.778721281484589,7.648501984747205,585074000,7.773931503295898
2010-06-16 00:00:00,7.816139697369835,8.015210443418672,7.80207012457059,783678000,8.000243186950684
2010-06-17 00:00:00,8.100524674764456,8.169376917869236,8.067595758164062,872855200,8.138543128967285
2010-06-18 00:00:00,8.149919844768355,8.23224295376381,8.125073271477756,784621600,8.204401969909668
2010-06-21 00:00:00,8.312769054766807,8.35228392686379,8.044547861577847,776490400,8.087655067443848
2010-06-22 00:00:00,8.147225070556493,8.261278846630049,8.127468038229596,717262000,8.197815895080566
2010-06-23 00:00:00,8.219670153997304,8.22206504306544,8.019700913618859,768457200,8.111602783203125
2010-06-24 00:00:00,8.11250121229148,8.178359868354063,8.025688873681853,714277200,8.052631378173828
2010-06-25 00:00:00,8.084359805886221,8.0906459882103,7.957133358950768,549942400,7.983776092529297
2010-06-28 00:00:00,7.990660416823873,8.07507942682947,7.918516407932263,584948000,8.031672477722168
2010-06-29 00:00:00,7.906546175304959,7.914629326993718,7.612580685437344,1133344800,7.668560028076172
2010-06-30 00:00:00,7.684720467742822,7.722439156815622,7.484154180329644,739452000,7.529655456542969
2010-07-01 00:00:00,7.612579146944294,7.627547203192609,7.280895014103134,1022896000,7.438354969024658
2010-07-02 00:00:00,7.4985268483021015,7.511699541188369,7.280297717364391,693842800,7.392257213592529
2010-07-06 00:00:00,7.5137933726984265,7.567676783631485,7.3689057664015385,615235600,7.442846775054932
2010-07-07 00:00:00,7.49852401825615,7.746390215755665,7.476372895323651,654556000,7.743395805358887
2010-07-08 00:00:00,7.857448959860159,7.8700221239215935,7.630239119459754,738144400,7.726032257080078
2010-07-09 00:00:00,7.69011094686602,7.780216638486419,7.638322676226653,433322400,7.7718353271484375
2010-07-12 00:00:00,7.739205951228222,7.838591444655393,7.6293432183165315,562878400,7.702085971832275
2010-07-13 00:00:00,7.673050998347671,7.675445088516773,7.376988775242261,1190924000,7.5377421379089355
2010-07-14 00:00:00,7.465296569891414,7.657480793405627,7.453920049152654,812047600,7.565578937530518
2010-07-15 00:00:00,7.430871281138647,7.692506507369054,7.403031096420563,824866000,7.527263164520264
2010-07-16 00:00:00,7.57904920818883,7.632633634309109,7.436257591893851,1039858400,7.480861186981201
2010-07-19 00:00:00,7.4802643991699735,7.4802643991699735,7.172528370457297,1024478000,7.351541519165039
2010-07-20 00:00:00,7.27131412265268,7.570667998380215,7.184800771831861,1074950800,7.540432929992676
2010-07-21 00:00:00,7.9355813375209925,7.937377504074026,7.603598279603789,1185671200,7.610782146453857
2010-07-22 00:00:00,7.7137588135557715,7.783208977856974,7.6428114443359885,645318800,7.753872394561768
2010-07-23 00:00:00,7.696099061681041,7.794586875427857,7.671851209738018,533388800,7.781414985656738
2010-07-26 00:00:00,7.7832118725937836,7.786205484182389,7.714660165620327,420551600,7.761658668518066
2010-07-27 00:00:00,7.809261026235648,7.926907241220934,7.792197828647226,584771600,7.905354022979736
2010-07-28 00:00:00,7.893073959408966,7.962524136693053,7.790694860103739,519985200,7.811948299407959
2010-07-29 00:00:00,7.804464885376823,7.862539342320003,7.666463010018319,643806800,7.726632595062256
2010-07-30 00:00:00,7.660177119703667,7.774230110494865,7.630539968830563,448210000,7.700888633728027
2010-08-02 00:00:00,7.796381433370617,7.860742064883669,7.771834625042941,428055600,7.838590145111084
2010-08-03 00:00:00,7.813446303693204,7.8808005604602265,7.765849082414595,417653600,7.840986728668213
2010-08-04 00:00:00,7.868226395031041,7.911332789771257,7.792490043807949,420375200,7.872417449951172
2010-08-05 00:00:00,7.834998883753681,7.878405845069812,7.79967507209739,289097200,7.83410120010376
2010-08-06 00:00:00,7.776626672029376,7.827817035416978,7.712265215752481,444897600,7.78590726852417
2010-08-09 00:00:00,7.827515318230611,7.847572914512084,7.770339338267875,303128000,7.835598468780518
2010-08-10 00:00:00,7.778721072556962,7.796682740282121,7.709868812306014,451920000,7.765549182891846
2010-08-11 00:00:00,7.645507276949035,7.654188348082373,7.47816804010519,620054400,7.4895429611206055
2010-08-12 00:00:00,7.384768413712636,7.576654443420314,7.367705234152879,534920400,7.537439346313477
2010-08-13 00:00:00,7.53325094895271,7.540135855604399,7.45661609458171,354869200,7.456915855407715
2010-08-16 00:00:00,7.4114123181298535,7.484155863138838,7.382673653812993,318430000,7.413208484649658
2010-08-17 00:00:00,7.486255722991493,7.6224623057365095,7.4599119307162685,422640400,7.5428338050842285
2010-08-18 00:00:00,7.554504539932245,7.6236549600440044,7.531154372640759,339696000,7.57575798034668
2010-08-19 00:00:00,7.568873157848122,7.5880322696834215,7.444342128367245,426706000,7.480264663696289
2010-08-20 00:00:00,7.465597006051995,7.601204008964448,7.453921521599026,384230000,7.473080635070801
2010-08-23 00:00:00,7.53744032911905,7.543726512083271,7.341662980053916,414041600,7.358126640319824
2010-08-24 00:00:00,7.264429766120102,7.274307483132296,7.144089004987321,602565600,7.182406425476074
2010-08-25 00:00:00,7.125830498604525,7.303946804568851,7.100684958706401,596867600,7.271017074584961
2010-08-26 00:00:00,7.347649575540995,7.356630408103127,7.192883491516113,466505200,7.192883491516113
2010-08-27 00:00:00,7.236890465611596,7.262634724198351,7.051589517736843,548391200,7.232998371124268
2010-08-30 00:00:00,7.207253201919682,7.356631610177782,7.204858312845122,383289200,7.259341239929199
2010-08-31 00:00:00,7.239883000748961,7.321008667256085,7.1949804303494584,420786800,7.2773027420043945
2010-09-01 00:00:00,7.408118219255552,7.527560483329931,7.372495452486197,697037600,7.493733882904053
2010-09-02 00:00:00,7.5215771177643616,7.548818588256835,7.441050950492116,415427600,7.548818588256836
2010-09-03 00:00:00,7.6362278529167344,7.746689304139725,7.618565947203665,520788800,7.746390342712402
2010-09-07 00:00:00,7.68262889558498,7.7691422718004555,7.670954210109622,342557600,7.717653751373291
2010-09-08 00:00:00,7.776622487123925,7.914625122545564,7.756265937326093,526551200,7.870620250701904
2010-09-09 00:00:00,7.93408499330458,7.978388836565696,7.870622039995788,438575200,7.875112056732178
2010-09-10 00:00:00,7.87870277263553,7.91791866828364,7.825118346763103,387542400,7.885288715362549
2010-09-13 00:00:00,7.957437205974282,8.031078462840025,7.955641838127113,388780000,7.993958473205566
2010-09-14 00:00:00,7.969112589379809,8.05772111470388,7.948457064346891,408150400,8.024493217468262
2010-09-15 00:00:00,8.02778434632186,8.093941960113264,8.017905028887164,429368800,8.089151382446289
2010-09-16 00:00:00,8.089748352310153,8.282232311362895,8.067595634638302,652103200,8.2792387008667
2010-09-17 00:00:00,8.312767936511117,8.320851086085144,8.192727729674523,634477200,8.243318557739258
2010-09-20 00:00:00,8.264572192263758,8.495075454032085,8.257687286318008,658677600,8.47861099243164
2010-09-21 00:00:00,8.497471375805517,8.601945619595838,8.46544013237283,668074400,8.494776725769043
2010-09-22 00:00:00,8.463045386780124,8.620805118691429,8.45406455210984,585289600,8.613920211791992
2010-09-23 00:00:00,8.571409473186094,8.763894249179508,8.561530957327463,786116800,8.648941993713379
2010-09-24 00:00:00,8.744136787450286,8.786944220307218,8.697737021846507,649488000,8.75072193145752
2010-09-27 00:00:00,8.800413036232925,8.822863911673371,8.711504819684173,482834800,8.715994834899902
2010-09-28 00:00:00,8.734258201764064,8.734258201764064,8.23224204859987,1035042400,8.587275505065918
2010-09-29 00:00:00,8.5983527750122,8.675586348553608,8.56153255471946,469644000,8.602543830871582
2010-09-30 00:00:00,8.651335893057201,8.681271195202044,8.419336302232358,673391600,8.49417495727539
2010-10-01 00:00:00,8.566025599487842,8.578897733067064,8.422335402402425,448142800,8.45736026763916
2010-10-04 00:00:00,8.42981792005571,8.468733273519634,8.315164590090754,435302000,8.341209411621094
2010-10-05 00:00:00,8.441788193927238,8.66480616062465,8.436398896156762,501967200,8.649539947509766
2010-10-06 00:00:00,8.668998826679205,8.740843886760851,8.539378277517681,670868800,8.657024383544922
2010-10-07 00:00:00,8.691452300428429,8.695643356389803,8.58877422714238,408399600,8.65792465209961
2010-10-08 00:00:00,8.73246155503041,8.815981295368132,8.681272810335036,658403200,8.803109169006348
2010-10-11 00:00:00,8.82316846552511,8.898006349592304,8.818977409724505,427753200,8.841727256774902
2010-10-12 00:00:00,8.843222155603014,8.965658826866996,8.755810327570664,558544000,8.936920166015625
2010-10-13 00:00:00,8.986616532854919,9.03930249797239,8.974642086527204,630092400,8.984820365905762
2010-10-14 00:00:00,9.031219501485166,9.054568870794652,8.992602314516963,435296400,9.049779891967773
2010-10-15 00:00:00,9.203349929450246,9.42966220609035,9.127613542377302,922194000,9.421878814697266
2010-10-18 00:00:00,9.533535973416749,9.549400914084606,9.408405420574258,1093010800,9.519466400146484
2010-10-19 00:00:00,9.082409601612387,9.392839525170098,8.981227929386032,1232784000,9.264716148376465
2010-10-20 00:00:00,9.25004873808305,9.407209762272235,9.186286804410594,721624400,9.295849800109863
2010-10-21 00:00:00,9.350628753482908,9.421875093990398,9.184187984693311,551460000,9.265612602233887
2010-10-22 00:00:00,9.252144622889334,9.281182260377692,9.169224366060071,372778000,9.204248428344727
2010-10-25 00:00:00,9.252741805612,9.327878652040706,9.233282932334266,392462000,9.245257377624512
2010-10-26 00:00:00,9.186286251115812,9.272200907190056,9.149764188932725,392929600,9.221610069274902
2010-10-27 00:00:00,9.209634540426858,9.276988796329277,9.148266707767416,399002800,9.215023040771484
2010-10-28 00:00:00,9.218614338977288,9.220111544271326,9.007570742765004,551051200,9.137490272521973
2010-10-29 00:00:00,9.107256274535516,9.156649666554372,9.006672524187845,430511200,9.009965896606445
2010-11-01 00:00:00,9.047085481348676,9.148267150182251,9.046486759059206,423889200,9.105758666992188
2010-11-02 00:00:00,9.190179260707104,9.285672692524134,9.190179260707104,433930000,9.260826110839844
2010-11-03 00:00:00,9.320994663404722,9.366197799144919,9.23597849155997,508348400,9.363802909851074
2010-11-04 00:00:00,9.443131495872244,9.584726525752156,9.430558327243903,642488000,9.527549743652344
2010-11-05 00:00:00,9.51916565511893,9.56646310951101,9.482045678617638,361253200,9.493420600891113
2010-11-08 00:00:00,9.495515477151445,9.572449271817987,9.482343590399903,281758400,9.538023948669434
2010-11-09 00:00:00,9.61076827833391,9.618252705816397,9.414691945790189,383544000,9.461989402770996
2010-11-10 00:00:00,9.478751112953416,9.542513819257042,9.386250544447103,384227200,9.52036190032959
2010-11-11 00:00:00,9.429657415515516,9.531438575607574,9.407205736045912,361284000,9.47905158996582
2010-11-12 00:00:00,9.459594873994186,9.474562130804724,9.089294356946684,795846800,9.221009254455566
2010-11-15 00:00:00,9.233880389639644,9.296145892504546,9.168321515375105,403606000,9.19137191772461
2010-11-16 00:00:00,9.151859250598267,9.208137545649127,8.960272119663738,657650000,9.028225898742676
2010-11-17 00:00:00,9.016554233957285,9.100074020776324,8.913576366390668,479449600,8.995599746704102
2010-11-18 00:00:00,9.13629194585648,9.27010356867534,9.121025727785804,494491200,9.232983589172363
2010-11-19 00:00:00,9.219216471675907,9.23208860391203,9.137492860467281,384843200,9.182096481323242
2010-11-22 00:00:00,9.180598282571639,9.38056755065918,9.15635122644019,393075200,9.38056755065918
2010-11-23 00:00:00,9.293454616448146,9.332371569066746,9.177005917534315,519447600,9.241965293884277
2010-11-24 00:00:00,9.339852212049585,9.441633388644975,9.332369383495697,413725200,9.42367172241211
2010-11-26 00:00:00,9.391942089981685,9.510486712322583,9.367993996328249,237585600,9.42966079711914
2010-11-29 00:00:00,9.444623696766987,9.503895580899634,9.321290152109258,445785200,9.485635757446289
2010-11-30 00:00:00,9.38595841722142,9.410506041848306,9.306030954952458,501858000,9.314413070678711
2010-12-01 00:00:00,9.437744505735203,9.511984486033127,9.4296621528615,461750800,9.471571922302246
2010-12-02 00:00:00,9.505395909208424,9.549400795231273,9.426366171487537,462837200,9.523956298828125
2010-12-03 00:00:00,9.489830583522933,9.538924212333914,9.46977378658897,342092800,9.502702713012695
2010-12-06 00:00:00,9.538623892187866,9.649086140002703,9.532037947968783,448481600,9.583827018737793
2010-12-07 00:00:00,9.693092301572348,9.698778964195927,9.523059170658078,391454000,9.525753021240234
2010-12-08 00:00:00,9.568260420129056,9.609871217721729,9.492823813086154,321935600,9.60957145690918
2010-12-09 00:00:00,9.643098563335188,9.654173724616836,9.549998463432573,294151200,9.572151184082031
2010-12-10 00:00:00,9.568859343335566,9.610769103258717,9.537426823552659,262511200,9.596100807189941
2010-12-13 00:00:00,9.710156397511788,9.730811918452702,9.609273682154708,439815600,9.629329681396484
2010-12-14 00:00:00,9.631123705734177,9.655371553289285,9.54939933075918,351008000,9.588016510009766
2010-12-15 00:00:00,9.579331077333704,9.669137768314704,9.555084038156089,417312000,9.590108871459961
2010-12-16 00:00:00,9.611962848151272,9.657464924213636,9.582327305963824,322030800,9.616752624511719
2010-12-17 00:00:00,9.628134026173383,9.632923805360898,9.586224257644986,386929200,9.597599983215332
2010-12-20 00:00:00,9.62723002336036,9.676624193231495,9.526348154829693,385610400,9.645490646362305
2010-12-21 00:00:00,9.669142240424852,9.710752234857186,9.640704134574685,256354000,9.70506477355957
2010-12-22 00:00:00,9.709853754731178,9.750566062192524,9.685605906965916,265921600,9.73380184173584
2010-12-23 00:00:00,9.729012066153606,9.733502082298216,9.674230192124346,223157200,9.687102317810059
2010-12-27 00:00:00,9.66465174984317,9.74218427361006,9.62483712462505,249816000,9.719432830810547
2010-12-28 00:00:00,9.756255999014014,9.778707685999674,9.730811499835019,175924000,9.743084907531738
2010-12-29 00:00:00,9.765537949557855,9.772423657335857,9.732010292101073,163139200,9.737698554992676
2010-12-30 00:00:00,9.7433792385684,9.74427692192734,9.670636510743842,157494400,9.688897132873535
2010-12-31 00:00:00,9.667648120589245,9.683513863179224,9.618553687263535,193508000,9.655973434448242
2011-01-03 00:00:00,9.748172850607139,9.886474495719739,9.724224759482507,445138400,9.865818977355957
2011-01-04 00:00:00,9.951731269237438,9.953527435599021,9.823308172151304,309080800,9.917305946350098
2011-01-05 00:00:00,9.865217233005687,10.008607573739779,9.86372002812783,255519600,9.998429298400879
2011-01-06 00:00:00,10.019988188950695,10.035853932108763,9.965506051887795,300428800,9.990352630615234
2011-01-07 00:00:00,9.998133600997035,10.068781230630103,9.935568322384785,311931200,10.061896324157715
2011-01-10 00:00:00,10.143022205451071,10.274737921465496,10.093329850459831,448560000,10.251388549804688
2011-01-11 00:00:00,10.324129111081945,10.32652320035895,10.162178363996324,444108000,10.22713851928711
2011-01-12 00:00:00,10.275336699240672,10.310659715660375,10.237916955760639,302590400,10.310359954833984
2011-01-13 00:00:00,10.332509890707849,10.376814528890035,10.293294790302946,296780400,10.348075866699219
2011-01-14 00:00:00,10.354364632735344,10.431897163391113,10.310958469948968,308840000,10.431897163391113
2011-01-18 00:00:00,9.864318055771994,10.320533855964264,9.7589453754143,1880998000,10.19749927520752
2011-01-19 00:00:00,10.428003926177814,10.435488352940151,10.084645956350393,1135612800,10.143319129943848
2011-01-20 00:00:00,10.071175236601936,10.127154565289079,9.882282772142613,764789200,9.958917617797852
2011-01-21 00:00:00,9.99154378229873,10.024772455953975,9.777804809442632,754401200,9.780499458312988
2011-01-24 00:00:00,9.784993450665095,10.101710319519043,9.780502634210213,574683200,10.101710319519043
2011-01-25 00:00:00,10.068185616854123,10.22115559587,10.01549884400164,546868000,10.21995735168457
2011-01-26 00:00:00,10.266655976080205,10.345685728562433,10.222950842697992,506875600,10.293298721313477
2011-01-27 00:00:00,10.291198770440662,10.318440227382585,10.262760668613561,285026000,10.27413558959961
2011-01-28 00:00:00,10.302875519441953,10.30976042502942,9.984362504757556,592057200,10.061295509338379
2011-01-31 00:00:00,10.052310713782681,10.179237361388463,10.007408168983366,377246800,10.157683372497559
2011-02-01 00:00:00,10.216963893069765,10.34718241221496,10.20738433509087,426633200,10.328622817993164
2011-02-02 00:00:00,10.311257511398864,10.335204800289247,10.284315012832524,258955200,10.307365417480469
2011-02-03 00:00:00,10.291800981064425,10.304972872247928,10.134639967482295,393797600,10.281023979187012
2011-02-04 00:00:00,10.28701156134555,10.378614481774893,10.283120265768517,321840400,10.372627258300781
2011-02-07 00:00:00,10.414234971185207,10.574688528178893,10.406751343170168,485021600,10.53367805480957
2011-02-08 00:00:00,10.587561074639648,10.642641917777297,10.541760025830287,381040800,10.633062362670898
2011-02-09 00:00:00,10.632763807284277,10.746818391220021,10.623185051174172,482745200,10.721672058105469
2011-02-10 00:00:00,10.698624687591563,10.776755954834385,10.417529743814361,928550000,10.61330795288086
2011-02-11 00:00:00,10.619594632169342,10.710896988954723,10.583372331191635,367572800,10.682458877563477
2011-02-14 00:00:00,10.680662438440853,10.761187791325506,10.67826754920212,310416400,10.75220775604248
2011-02-15 00:00:00,10.752504650018748,10.77585481560663,10.703411028788894,284174800,10.773758888244629
2011-02-16 00:00:00,10.800698344661885,10.923433970972223,10.791718312970424,481157600,10.87044906616211
2011-02-17 00:00:00,10.694431738370596,10.784836397945154,10.6725779770695,530583200,10.725863456726074
2011-02-18 00:00:00,10.738138780113488,10.761787912983353,10.463031858692933,816057200,10.494165420532227
2011-02-22 00:00:00,10.242403101316036,10.339693438350741,10.109789761214808,872555600,10.136431694030762
2011-02-23 00:00:00,10.141223283811344,10.316943031382458,10.136432707456546,671854400,10.256474494934082
2011-02-24 00:00:00,10.298386506950921,10.332213115351875,10.129251066859675,499900800,10.264259338378906
2011-02-25 00:00:00,10.335503441731834,10.430398900222045,10.321733632206822,380018800,10.422316551208496
2011-02-28 00:00:00,10.514521006747604,10.62857481344485,10.510928672748701,403074000,10.573493957519531
2011-03-01 00:00:00,10.641141800327183,10.648625425462722,10.407944782898712,456136800,10.45673942565918
2011-03-02 00:00:00,10.476205473171886,10.607622251319322,10.429505922094943,602590800,10.540865898132324
2011-03-03 00:00:00,10.692635642563568,10.770467135694746,10.654617179996045,500788400,10.763582229614258
2011-03-04 00:00:00,10.778848553622764,10.78543449784056,10.70939837695927,453266800,10.776753425598145
2011-03-07 00:00:00,10.818663910387345,10.826747060932918,10.516616110911437,546123200,10.63785457611084
2011-03-08 00:00:00,10.624380757510943,10.698920467899843,10.544752308408109,356316800,10.649826049804688
2011-03-09 00:00:00,10.61779667629972,10.619892603922802,10.495361569390163,453306000,10.551340103149414
2011-03-10 00:00:00,10.451055633242616,10.470514505761749,10.324728437804051,507539200,10.377714157104492
2011-03-11 00:00:00,10.337600431021748,10.546849455080908,10.327722713214898,471080400,10.536970138549805
2011-03-14 00:00:00,10.572598157365823,10.671385768680633,10.51661960341613,435957200,10.58397388458252
2011-03-15 00:00:00,10.240911876984864,10.412741199546051,10.181041238994244,721081200,10.340597152709961
2011-03-16 00:00:00,10.23791559108257,10.267850902259003,9.766731602913381,1162011200,9.878989219665527
2011-03-17 00:00:00,10.083146680783058,10.16636744611471,9.89844532683386,659422400,10.01758861541748
2011-03-18 00:00:00,10.09213187431884,10.124163120352938,9.878692552463718,753214000,9.898749351501465
2011-03-21 00:00:00,10.058005398492563,10.170262231901413,10.036151634999905,409402000,10.15709114074707
2011-03-22 00:00:00,10.25467947863387,10.256475645207619,10.152299582654354,325922800,10.213966369628906
2011-03-23 00:00:00,10.156490999933789,10.18463014456322,10.056805749943509,372996400,10.153797149658203
2011-03-24 00:00:00,10.233424028199723,10.357656070399306,10.143917069616753,404712000,10.326822280883789
2011-03-25 00:00:00,10.419624129920678,10.539066421734828,10.388191611290782,448910000,10.523500442504883
2011-03-28 00:00:00,10.571693807544458,10.60671865115672,10.490568161010742,309355200,10.490568161010742
2011-03-29 00:00:00,10.407350126147229,10.506136894226074,10.359453947336817,352900800,10.506136894226074
2011-03-30 00:00:00,10.496556487503652,10.50374195291325,10.40076333828904,329406000,10.436386108398438
2011-03-31 00:00:00,10.368432188855799,10.471409994666994,10.359452156482556,274019200,10.432793617248535
2011-04-01 00:00:00,10.510625425787486,10.524993956562383,10.276828846510073,418661600,10.314547538757324
2011-04-04 00:00:00,10.307069824083124,10.315750898999049,10.130150956148784,460084800,10.21367073059082
2011-04-05 00:00:00,10.087939386688577,10.245399333063219,10.058303036606642,482731200,10.144816398620605
2011-04-06 00:00:00,10.21456665094979,10.294793032458305,10.09242971293647,402539200,10.11937141418457
2011-04-07 00:00:00,10.12116715197429,10.190916291081821,10.059200602239992,373447200,10.120569229125977
2011-04-08 00:00:00,10.175652967024261,10.182537874720529,9.996938732894192,377535200,10.030166625976562
2011-04-11 00:00:00,10.000229840478942,10.048425789865446,9.879291924459965,398946800,9.902641296386719
2011-04-12 00:00:00,9.893357256599904,9.990348643313748,9.884676185362082,425639200,9.95053482055664
2011-04-13 00:00:00,10.028963290269406,10.062490924529355,9.95412463537302,346220000,10.0621919631958
2011-04-14 00:00:00,10.022378149096456,10.058300674343737,9.940355622657869,301800800,9.951131820678711
2011-04-15 00:00:00,9.97747715741325,9.987655435131497,9.782897232501755,453605600,9.802654266357422
2011-04-18 00:00:00,9.761943289994695,9.945447263612566,9.584126778085773,609898800,9.93407154083252
2011-04-19 00:00:00,9.971491407744745,10.117575642163864,9.929880610415662,419378400,10.113984107971191
2011-04-20 00:00:00,10.283118705939364,10.350173999953345,10.222949117557269,700666400,10.250189781188965
2011-04-21 00:00:00,10.627075077989568,10.630967171909601,10.433093884402643,753810400,10.498353004455566
2011-04-25 00:00:00,10.487578410206655,10.589658560931525,10.486380166279883,266546000,10.567505836486816
2011-04-26 00:00:00,10.585765270823522,10.626776543485109,10.457940875759315,338800000,10.489972114562988
2011-04-27 00:00:00,10.544457879756013,10.54775125275537,10.390590214246252,356213200,10.481892585754395
2011-04-28 00:00:00,10.3633427079266,10.469912039433257,10.343285918169526,360959200,10.380106925964355
2011-04-29 00:00:00,10.381008735959997,10.59564548851864,10.377715363569614,1006345200,10.481292724609375
2011-05-02 00:00:00,10.469619676604626,10.491472646352968,10.342693714627869,442713600,10.366043090820312
2011-05-03 00:00:00,10.417228182807285,10.474105192392383,10.346280802012023,313348000,10.423514366149902
2011-05-04 00:00:00,10.42531217368593,10.532182103504319,10.384001135247297,389250400,10.46452808380127
2011-05-05 00:00:00,10.429499498563677,10.505835363799878,10.359151653417161,335969200,10.380106925964355
2011-05-06 00:00:00,10.468119120198288,10.477398914815145,10.363943853262905,280134400,10.37741470336914
2011-05-09 00:00:00,10.41333831590547,10.453452711397306,10.373524480617387,204747200,10.405555725097656
2011-05-10 00:00:00,10.44416660813853,10.468115488340324,10.37741110298059,282091600,10.460930824279785
2011-05-11 00:00:00,10.448064045092336,10.477400638983532,10.334907926344377,336000000,10.394478797912598
2011-05-12 00:00:00,10.361251474442518,10.391186789970106,10.246000229884535,322000000,10.37472152709961
2011-05-13 00:00:00,10.347479370674922,10.365140476871881,10.18852222064341,326116000,10.193012237548828
2011-05-16 00:00:00,10.154094988148868,10.214564321448233,9.956519892847393,449775200,9.9774751663208
2011-05-17 00:00:00,9.938559148319145,10.062491416931152,9.900540697300654,452334400,10.062491416931152
2011-05-18 00:00:00,10.072369169127096,10.209473312647377,10.058299601503476,334776400,10.174149513244629
2011-05-19 00:00:00,10.240308454520532,10.25018696936335,10.138228336179562,261170000,10.19390869140625
2011-05-20 00:00:00,10.164875532021028,10.206486336025717,10.028968754841635,337968400,10.034955978393555
2011-05-23 00:00:00,9.877792173297788,10.057703793833486,9.861327712851551,383600000,10.010405540466309
2011-05-24 00:00:00,10.043338570263435,10.055313017938252,9.918806712532337,321927200,9.944252014160156
2011-05-25 00:00:00,9.981368665918266,10.134938120541577,9.964006520565649,294224000,10.081652641296387
2011-05-26 00:00:00,10.057406581301088,10.08494700730454,10.011305764290343,222560800,10.028368949890137
2011-05-27 00:00:00,10.022380301503631,10.107097495162739,10.007712007152335,203599200,10.10051155090332
2011-05-31 00:00:00,10.21097637655018,10.41244125366211,10.20798196540532,417754400,10.41244125366211
2011-06-01 00:00:00,10.443573667677914,10.54116220360825,10.317246461795436,554682800,10.342989921569824
2011-06-02 00:00:00,10.37262737066192,10.416932025487993,10.306769510457853,338783200,10.360652923583984
2011-06-03 00:00:00,10.273241388304466,10.337602040000048,10.238216531884001,313250000,10.281023979187012
2011-06-06 00:00:00,10.348677234316634,10.389089786188784,10.112486508154133,461941200,10.11937141418457
2011-06-07 00:00:00,10.12326306080559,10.12475946664782,9.935567245316074,529785200,9.93975830078125
2011-06-08 00:00:00,9.931977561471296,10.022382233830802,9.898150949387428,333723600,9.945747375488281
2011-06-09 00:00:00,9.975978102567353,9.988551265821858,9.901139443823864,275088800,9.92329216003418
2011-06-10 00:00:00,9.8951569517331,9.92838564224631,9.74428211802949,433955200,9.75595760345459
2011-06-13 00:00:00,9.794867828772109,9.82809650188731,9.731105930730124,329473200,9.776906967163086
2011-06-14 00:00:00,9.878688232140478,9.975978573031385,9.858032719786348,334569200,9.951730728149414
2011-06-15 00:00:00,9.871207576352685,9.887672039045796,9.725421501825123,399196000,9.781401634216309
2011-06-16 00:00:00,9.785889870221366,9.839174543663198,9.529343420233396,510591200,9.73380184173584
2011-06-17 00:00:00,9.848461054503888,9.856244447249907,9.560182156860511,615020000,9.58712387084961
2011-06-20 00:00:00,9.500306615059916,9.510484892644133,9.29494969291565,640645600,9.439238548278809
2011-06-21 00:00:00,9.47994944714583,9.752959540361458,9.43564480950554,493382400,9.737992286682129
2011-06-22 00:00:00,9.733803888718107,9.845763357302987,9.650583089816891,390583200,9.657468795776367
2011-06-23 00:00:00,9.547604850311659,9.92928189757203,9.523058836388005,559759200,9.915512084960938
2011-06-24 00:00:00,9.919704361403127,9.972989050349414,9.731709545533159,439807200,9.769428253173828
2011-06-27 00:00:00,9.806546206339018,9.995438666885061,9.796367928780734,339813600,9.93975830078125
2011-06-28 00:00:00,9.987956888074242,10.079260050799583,9.98167070289063,294299600,10.036152839660645
2011-06-29 00:00:00,10.059504435617953,10.069382956407992,9.934972563522203,352545200,9.9996337890625
2011-06-30 00:00:00,10.019388840289336,10.062197087479671,9.96370926196426,322954800,10.048425674438477
2011-07-01 00:00:00,10.056806183972313,10.28281863312397,10.004419187153305,435313200,10.275634765625
2011-07-05 00:00:00,10.267850000466153,10.472309220995765,10.252882745873512,355054000,10.460334777832031
2011-07-06 00:00:00,10.445969923804222,10.600138147855944,10.378914612067438,444626000,10.530088424682617
2011-07-07 00:00:00,10.617198622223968,10.716883081036803,10.597141026774453,399663600,10.6929349899292
2011-07-08 00:00:00,10.577384430187925,10.776754954806663,10.543258059215304,489633200,10.768073081970215
2011-07-11 00:00:00,10.667190972711524,10.769869844511904,10.561817450991414,442674400,10.59714126586914
2011-07-12 00:00:00,10.583070086443346,10.707302941304508,10.436087387298501,451609200,10.589656829833984
2011-07-13 00:00:00,10.726760608316276,10.776753512875194,10.668386392228916,391638800,10.71748161315918
2011-07-14 00:00:00,10.806989701027629,10.824951370405715,10.667191638164898,430533600,10.709999084472656
2011-07-15 00:00:00,10.811776513602034,10.92642900724578,10.751905897490138,484467200,10.924034118652344
2011-07-18 00:00:00,10.939303135863355,11.21530770187515,10.934813118609906,572653200,11.189863204956055
2011-07-19 00:00:00,11.315587580273386,11.335045646922575,11.17548982014396,819145600,11.28116226196289
2011-07-20 00:00:00,11.858020363494377,11.86251038010661,11.555073339139136,941340400,11.582015037536621
2011-07-21 00:00:00,11.583511642114368,11.676610137334109,11.492208513956808,526534400,11.593689918518066
2011-07-22 00:00:00,11.624525740937841,11.825991394093311,11.607462555433337,516728800,11.773604393005371
2011-07-25 00:00:00,11.685292036221872,11.974169494686869,11.663439875556493,589806000,11.929266929626465
2011-07-26 00:00:00,11.974170884191029,12.108880993090427,11.964592127500854,476582400,12.076251029968262
2011-07-27 00:00:00,11.991828301254925,12.053196110195884,11.73917320050363,659324400,11.752345085144043
2011-07-28 00:00:00,11.723311215503955,11.884063724277002,11.618836193541757,594034000,11.729297637939453
2011-07-29 00:00:00,11.604168036402994,11.82898302169396,11.49520299649111,632584400,11.689184188842773
2011-08-01 00:00:00,11.907712684862565,11.959201192880368,11.74576193462337,612836000,11.876879692077637
2011-08-02 00:00:00,11.903822175485912,11.911305803441152,11.62542274231277,639539600,11.642186164855957
2011-08-03 00:00:00,11.704154825472742,11.78108944966014,11.442520348512563,732508000,11.751752853393555
2011-08-04 00:00:00,11.657153758239946,11.714329728710474,11.296132272991041,871407600,11.296730995178223
2011-08-05 00:00:00,11.388634286111902,11.480237193557333,10.853688334639308,1204590800,11.184473991394043
2011-08-08 00:00:00,10.827345831877233,11.009353424343665,10.567805695673472,1143833600,10.573493957519531
2011-08-09 00:00:00,10.815665603252851,11.21410671846775,10.627072161772077,1082583600,11.196145057678223
2011-08-10 00:00:00,11.11053244193644,11.215306427079774,10.851591889389592,878656800,10.887214660644531
2011-08-11 00:00:00,11.091676271872151,11.23925853621298,10.918050783849676,741969200,11.186871528625488
2011-08-12 00:00:00,11.31768400946256,11.364682496038148,11.202732561830688,528976000,11.285354614257812
2011-08-15 00:00:00,11.36438676437432,11.52424241567075,11.318285948180781,460544000,11.477542877197266
2011-08-16 00:00:00,11.420963189730976,11.476343793673525,11.257515228097269,498750000,11.389829635620117
2011-08-17 00:00:00,11.444611141065138,11.510767938349467,11.315589319184635,442061200,11.388631820678711
2011-08-18 00:00:00,11.10125307252703,11.155437033104073,10.817764099983583,851435200,10.95786190032959
2011-08-19 00:00:00,10.84171505826687,10.986303702493048,10.65701361684966,775888400,10.65791130065918
2011-08-22 00:00:00,10.9117633855876,10.92284014772494,10.629771579572434,535315200,10.670184135437012
2011-08-23 00:00:00,10.785734527087298,11.185073482119444,10.686947752126366,656835200,11.183876037597656
2011-08-24 00:00:00,11.179984633469639,11.344330307101812,11.09406998213249,626267600,11.261110305786133
2011-08-25 00:00:00,10.928824240680784,11.239254889823075,10.92642935201178,871346000,11.187466621398926
2011-08-26 00:00:00,11.111133971936594,11.489218737088969,11.100058008305869,641477200,11.482633590698242
2011-08-29 00:00:00,11.620330483076273,11.71971674809187,11.614942783801709,405269200,11.673914909362793
2011-08-30 00:00:00,11.622426744634945,11.729895368409936,11.56135868618702,417922400,11.674514770507812
2011-08-31 00:00:00,11.691881262606573,11.737083598039511,11.43114369140713,522586400,11.520051956176758
2011-09-01 00:00:00,11.54968598957675,11.59518727733898,11.39701502841945,343725200,11.406294822692871
2011-09-02 00:00:00,11.218000450469368,11.315590570203055,11.130889168263543,438939200,11.197345733642578
2011-09-06 00:00:00,10.997377477353979,11.385340703322381,10.970734736844673,509698000,11.367679595947266
2011-09-07 00:00:00,11.541902454587559,11.54309989895358,11.435331504735894,350576800,11.493107795715332
2011-09-08 00:00:00,11.447307333620477,11.633206996811309,11.444613483151983,416158400,11.499395370483398
2011-09-09 00:00:00,11.493109475694355,11.555075232288447,11.226383900028775,564813200,11.300025939941406
2011-09-12 00:00:00,11.165914002971766,11.40180415423026,11.132984282061786,467832400,11.373665809631348
2011-09-13 00:00:00,11.439521728127708,11.561358885742964,11.38294368499074,440560400,11.513762474060059
2011-09-14 00:00:00,11.585608311361666,11.740973130595231,11.547889610797483,534724400,11.653861045837402
2011-09-15 00:00:00,11.717627622099116,11.784383972686987,11.671826556148913,417818800,11.763428688049316
2011-09-16 00:00:00,11.840659475487895,11.98913860321045,11.825392457122199,698513200,11.98913860321045
2011-09-19 00:00:00,11.884359111633477,12.37021122300419,11.83047652974607,823860800,12.322314262390137
2011-09-20 00:00:00,12.430683933039344,12.658493319502158,12.309146531434488,775754000,12.376800537109375
2011-09-21 00:00:00,12.562105520155864,12.620479754618852,12.333399160825762,605976000,12.337590217590332
2011-09-22 00:00:00,12.005006718210181,12.268139197968914,11.875386126143647,968480800,12.028655052185059
2011-09-23 00:00:00,11.982555886515655,12.175939224164777,11.969683754646027,546277200,12.102896690368652
2011-09-26 00:00:00,11.969977624056472,12.093311987430779,11.713730941743693,812876400,12.069064140319824
2011-09-27 00:00:00,12.235505948569044,12.251071926260249,11.916095251819309,632497600,11.952017784118652
2011-09-28 00:00:00,11.979858174985615,12.08612937501945,11.869695680042122,429637600,11.884664535522461
2011-09-29 00:00:00,12.031646532146704,12.04032760449662,11.561360228978243,651086800,11.691879272460938
2011-09-30 00:00:00,11.588603498247378,11.641590022334384,11.410786971226498,547640800,11.41497802734375
2011-10-03 00:00:00,11.386537564168279,11.454490533051029,11.17100237599136,669099200,11.2138090133667
2011-10-04 00:00:00,11.212914132748313,11.429347058615543,10.604327674116563,1233677200,11.150947570800781
2011-10-05 00:00:00,11.012048680898415,11.370075862852147,10.785736422679308,786469600,11.323078155517578
2011-10-06 00:00:00,11.175791511454053,11.518552369674998,11.129990463177878,812582400,11.296730995178223
2011-10-07 00:00:00,11.24913379518075,11.307806970877666,11.03090475351916,535458000,11.070119857788086
2011-10-10 00:00:00,11.34821985041927,11.639191627502441,11.32187607523609,442514800,11.639191627502441
2011-10-11 00:00:00,11.751746110999681,12.069361346052656,11.719715682172257,605687600,11.982847213745117
2011-10-12 00:00:00,12.1938964930662,12.251072466744553,11.978361289761306,622286000,12.039729118347168
2011-10-13 00:00:00,12.123249769212343,12.22652816772461,12.05948784217053,426185200,12.22652816772461
2011-10-14 00:00:00,12.477982527520869,12.6327486038208,12.431282200528768,573367200,12.6327486038208
2011-10-17 00:00:00,12.624965419307323,12.773445315199742,12.45133919309111,686044800,12.572578430175781
2011-10-18 00:00:00,12.625564253469763,12.716868188978882,12.452837297054163,881602400,12.639933586120605
2011-10-19 00:00:00,12.014581081130126,12.226224146221908,11.908309907490759,1104059600,11.932857513427734
2011-10-20 00:00:00,11.974171187152702,11.984648427168946,11.800845486937382,549270400,11.833773612976074
2011-10-21 00:00:00,11.917293814152247,11.948426571817253,11.697267783577145,621244400,11.760730743408203
2011-10-24 00:00:00,11.859818684081192,12.168751387547363,11.836469314477423,502138000,12.146899223327637
2011-10-25 00:00:00,12.124743873832582,12.170245957988437,11.895738646079483,430427200,11.9074125289917
2011-10-26 00:00:00,12.026858390669961,12.050508322397118,11.76911442270169,456304800,11.992134094238281
2011-10-27 00:00:00,12.20048336274708,12.243591368736178,12.03074998565724,494664800,12.114568710327148
2011-10-28 00:00:00,12.063973626547474,12.164257578984706,12.049305334911244,322842800,12.122347831726074
2011-10-31 00:00:00,12.046613313762014,12.253467432347668,12.005601243738923,385501200,12.117260932922363
2011-11-01 00:00:00,11.896637208588224,11.959201679642721,11.771207706338226,531790000,11.869694709777832
2011-11-02 00:00:00,11.976866056956144,11.987343297164767,11.827786607469017,327350800,11.896638870239258
2011-11-03 00:00:00,11.946327581645903,12.075948117886352,11.835267430413424,441386400,12.066069602966309
2011-11-04 00:00:00,12.034941068196458,12.077149791776709,11.949026415588051,302229200,11.981356620788574
2011-11-07 00:00:00,11.97147664077328,11.974170491143497,11.858320536705925,270275600,11.966087341308594
2011-11-08 00:00:00,12.040326510130132,12.213652976761525,12.020868439786218,400442000,12.160666465759277
2011-11-09 00:00:00,11.883467039263307,12.000814208525881,11.801444484661959,558684000,11.832876205444336
2011-11-10 00:00:00,11.885263974463934,11.89065247535383,11.439824959275029,744752400,11.531726837158203
2011-11-11 00:00:00,11.573333328532376,11.635898593064049,11.383243445741478,653786000,11.513762474060059
2011-11-14 00:00:00,11.480836195151952,11.532625276047124,11.321580055162073,432905200,11.353311538696289
2011-11-15 00:00:00,11.399408794961142,11.659846527341056,11.358996250116498,430810800,11.639790534973145
2011-11-16 00:00:00,11.652362933164877,11.70894097572378,11.504780725060252,349210400,11.5182523727417
2011-11-17 00:00:00,11.494603859205698,11.512565525410233,11.240752038411662,479900400,11.297928810119629
2011-11-18 00:00:00,11.343131861695118,11.37516230276116,11.22219236628492,371938000,11.22398853302002
2011-11-21 00:00:00,11.088082704202208,11.126400931075244,10.953673146129079,447980400,11.046473503112793
2011-11-22 00:00:00,11.106642795967668,11.31349694678473,11.104247906852656,409021200,11.270988464355469
2011-11-23 00:00:00,11.211116900618618,11.25093153199436,10.982709549883594,428271200,10.986002922058105
2011-11-25 00:00:00,11.028809667700365,11.110533254188761,10.876138695567212,254760800,10.883623123168945
2011-11-28 00:00:00,11.146456281436045,11.277274297503087,11.085986931888995,346413200,11.259312629699707
2011-11-29 00:00:00,11.250932403796735,11.340439391920855,11.082096706953214,375855200,11.171902656555176
2011-11-30 00:00:00,11.414079754997395,11.443715308397888,11.324571974437793,405938400,11.441320419311523
2011-12-01 00:00:00,11.451498141978343,11.644880630140818,11.397913700315637,387181200,11.612850189208984
2011-12-02 00:00:00,11.669729537250673,11.783484387992678,11.632310588653034,379055600,11.665838241577148
2011-12-05 00:00:00,11.779291476460111,11.866703328859517,11.686491923011141,357210000,11.764922142028809
2011-12-06 00:00:00,11.74995327718332,11.8134170295436,11.656256052832175,283598000,11.703253746032715
2011-12-07 00:00:00,11.672718046254994,11.70295311265038,11.57782259172713,304746400,11.64757251739502
2011-12-08 00:00:00,11.718222530546088,11.839460983007244,11.681701274283798,376356400,11.694573402404785
2011-12-09 00:00:00,11.760126826265868,11.795749582971442,11.705643928600969,296993200,11.78317642211914
2011-12-12 00:00:00,11.725108674466238,11.791565249550986,11.658353137919304,301067200,11.729898452758789
2011-12-13 00:00:00,11.76462112293705,11.836466983165506,11.58800208158727,338928800,11.639191627502441
2011-12-14 00:00:00,11.576027042256952,11.596383594759404,11.306009755429193,406887600,11.381147384643555
2011-12-15 00:00:00,11.475150559667378,11.487423969475627,11.324874431173066,256200000,11.343733787536621
2011-12-16 00:00:00,11.386239287520008,11.499694357413675,11.362590158057984,421478400,11.405996322631836
2011-12-19 00:00:00,11.449404216691732,11.520650572313016,11.389831746982928,235530400,11.441620826721191
2011-12-20 00:00:00,11.607762286648866,11.857424700800001,11.592795027838177,337215200,11.852933883666992
2011-12-21 00:00:00,11.875084716287544,11.893346145257137,11.734986902145769,262948000,11.867900848388672
2011-12-22 00:00:00,11.88436552531496,11.948129053013437,11.857424619512862,202358800,11.930766105651855
2011-12-23 00:00:00,11.964891299830462,12.081639743189466,11.958904077192232,269399200,12.073856353759766
2011-12-27 00:00:00,12.0669710569895,12.246283972711069,12.06457536864955,265076000,12.169649124145508
2011-12-28 00:00:00,12.180424476355125,12.221135984744704,12.014282673130783,228662000,12.05319881439209
2011-12-29 00:00:00,12.075950035430381,12.143305082998802,11.989437476438821,215978000,12.12743854522705
2011-12-30 00:00:00,12.079245454631486,12.162167298737518,12.078647531660538,179662000,12.123849868774414
2012-01-03 00:00:00,12.255564562776929,12.348364112547202,12.243590117892193,302220800,12.310345649719238
2012-01-04 00:00:00,12.273524212639375,12.413622814924555,12.251971011944331,260022000,12.37650203704834
2012-01-05 00:00:00,12.421713224078967,12.52948009683203,12.353459645645989,271269600,12.513914108276367
2012-01-06 00:00:00,12.56599486657994,12.655202085824575,12.54953040400192,318292800,12.64472484588623
2012-01-09 00:00:00,12.737524308130897,12.804878559715897,12.613291445442995,394024400,12.624667167663574
2012-01-10 00:00:00,12.749800679461057,12.752495329937414,12.61778518826536,258196400,12.669873237609863
2012-01-11 00:00:00,12.653107947501477,12.658197487145998,12.552226029524803,215084800,12.649216651916504
2012-01-12 00:00:00,12.641129428902758,12.65968901519656,12.535456973493355,212587200,12.614486694335938
2012-01-13 00:00:00,12.563900304079926,12.586351190946395,12.5327667449517,226021600,12.567192077636719
2012-01-17 00:00:00,12.698606355120287,12.752191590064445,12.66148637965819,242897200,12.713574409484863
2012-01-18 00:00:00,12.781230101893318,12.856367746306438,12.761473066888852,276791200,12.84559154510498
2012-01-19 00:00:00,12.876726178048143,12.913246642107548,12.767761110123834,261738400,12.80488109588623
2012-01-20 00:00:00,12.79709293231645,12.797391893694167,12.565392269052438,413974400,12.581856727600098
2012-01-23 00:00:00,12.652806649583367,12.825834178938491,12.641730687860047,306062400,12.794700622558594
2012-01-24 00:00:00,12.7255501929942,12.7255501929942,12.559408369181671,547638000,12.585152626037598
2012-01-25 00:00:00,13.603853755659307,13.6041527170712,13.283245619076698,958314000,13.370956420898438
2012-01-26 00:00:00,13.421847184827277,13.43471851295015,13.265584689064516,323985200,13.310188293457031
2012-01-27 00:00:00,13.301504372893998,13.425437449825836,13.284441992043185,299709200,13.389514923095703
2012-01-30 00:00:00,13.342519670748894,13.58769124958085,13.33294091359099,379341200,13.56104850769043
2012-01-31 00:00:00,13.638281878530272,13.717610586014718,13.562844466370636,391683600,13.664924621582031
2012-02-01 00:00:00,13.722701658400219,13.740063806915815,13.637086761778926,270046000,13.656244277954102
2012-02-02 00:00:00,13.647559723633796,13.685577383525192,13.590083992315229,186796400,13.624210357666016
2012-02-03 00:00:00,13.68946709786139,13.770292176378772,13.637379078967989,286599600,13.760712623596191
2012-02-06 00:00:00,13.721798823427017,13.919372336997526,13.716411123432417,249412800,13.889137268066406
2012-02-07 00:00:00,13.927461859511068,14.062172006989515,13.907404258601222,316223600,14.03463077545166
2012-02-08 00:00:00,14.0846187635967,14.272911715037425,14.06066987363871,407890000,14.269619941711426
2012-02-09 00:00:00,14.391755420579184,14.870423045191862,14.385768198365286,884214800,14.763254165649414
2012-02-10 00:00:00,14.697102907110443,14.896471886565195,14.624957251877255,631302000,14.770743370056152
2012-02-13 00:00:00,14.953641968945636,15.082364839273822,14.880599461871835,517216000,15.045544624328613
2012-02-14 00:00:00,15.107212036904741,15.253894987717173,15.02758437771003,460398400,15.25090217590332
2012-02-15 00:00:00,15.394591191609752,15.754713397138882,14.874612559033805,1506120000,14.897963523864746
2012-02-16 00:00:00,14.713258797777913,15.114094043482604,14.567472766952676,944552000,15.033866882324219
2012-02-17 00:00:00,15.060811162838073,15.200311035364816,14.976692693341446,535805200,15.03117561340332
2012-02-21 00:00:00,15.173666851437163,15.412252426147461,15.091044795612268,605595200,15.412252426147461
2012-02-22 00:00:00,15.359263049208826,15.431407054530519,15.239221282077134,483302400,15.358065605163574
2012-02-23 00:00:00,15.419133181989057,15.501456258543833,15.252093739585769,568027600,15.458348274230957
2012-02-24 00:00:00,15.55654062097039,15.653231448888292,15.525707629779506,415072000,15.63856315612793
2012-02-27 00:00:00,15.605633110642824,15.820869308103067,15.455058899682449,547582000,15.738846778869629
2012-02-28 00:00:00,15.804708289799555,16.027727127075195,15.741544292882587,600387200,16.027727127075195
2012-02-29 00:00:00,16.21182654206852,16.392936384906484,16.03640495900967,952011200,16.238168716430664
2012-03-01 00:00:00,16.40970379152168,16.41090283482652,16.128310710016873,683270000,16.29894256591797
2012-03-02 00:00:00,16.29205700596435,16.36869025483053,16.240566893596654,431712400,16.3201961517334
2012-03-05 00:00:00,16.32738281522984,16.389048815078365,15.746035442604109,809124400,15.96037483215332
2012-03-06 00:00:00,15.675981688377185,15.97623322486105,15.453261865372166,810238800,15.873555183410645
2012-03-07 00:00:00,16.06933886802257,16.0986754614382,15.66521010743454,798520800,15.886433601379395
2012-03-08 00:00:00,16.006176977657432,16.25464117008774,15.929243150150702,516457200,16.224706649780273
2012-03-09 00:00:00,16.29116374346656,16.396836253725354,16.25823480925069,418919200,16.319902420043945
2012-03-12 00:00:00,16.433952478342338,16.52435874938965,16.37467976796587,407282400,16.52435874938965
2012-03-13 00:00:00,16.690197895357496,17.008710120183746,16.636611857422626,690855200,17.006315231323242
2012-03-14 00:00:00,17.304173273374165,17.803195841934293,17.224842980764734,1418844000,17.649328231811523
2012-03-15 00:00:00,17.949582205330202,17.96155665103803,17.31914282669467,1159718000,17.528989791870117
2012-03-16 00:00:00,17.5038420428629,17.637952626515556,17.30267616738391,825487600,17.529287338256836
2012-03-19 00:00:00,17.912460910105032,18.014240489170852,17.6334627529099,901236000,17.994184494018555
2012-03-20 00:00:00,17.946587011400798,18.167808871276,17.706206040935854,816662000,18.139671325683594
2012-03-21 00:00:00,18.043275516372045,18.25012961527689,18.00346249323195,644042000,18.036090850830078
2012-03-22 00:00:00,17.894801276662115,18.095968777912645,17.82744701434244,623870800,17.94150161743164
2012-03-23 00:00:00,17.975913469348736,18.01512855269332,17.793606257516505,430488800,17.843000411987305
2012-03-26 00:00:00,17.954969806044772,18.175296408386924,17.819364405016838,595742000,18.17020606994629
2012-03-27 00:00:00,18.146255964517866,18.448603475821386,18.142663631382472,607129600,18.39472007751465
2012-03-28 00:00:00,18.51146787849678,18.603370540320906,18.26988945768686,655460400,18.488718032836914
2012-03-29 00:00:00,18.34383390478392,18.45699002769079,18.177692853785675,608238400,18.25642204284668
2012-03-30 00:00:00,18.223786229330734,18.27737066192825,17.899585783791085,731038000,17.947782516479492
2012-04-02 00:00:00,18.01603598762825,18.523141671815722,17.9726290302729,598351600,18.518951416015625
2012-04-03 00:00:00,18.77849050616414,18.925475603771726,18.635100939120505,834559600,18.838960647583008
2012-04-04 00:00:00,18.690185176523006,18.73538751073,18.470159129710684,572980800,18.688987731933594
2012-04-05 00:00:00,18.768916353099236,18.99882092291765,18.66174745818454,641298000,18.969484329223633
2012-04-09 00:00:00,18.74347076265722,19.15388570523021,18.718624986335996,597536800,19.045818328857422
2012-04-10 00:00:00,19.156573811998445,19.278410965330107,18.73957384854325,889725200,18.8126163482666
2012-04-11 00:00:00,19.044912396894173,19.064968385303985,18.65994133646418,696614800,18.74555778503418
2012-04-12 00:00:00,18.709635796300397,18.899127729939174,18.5749257317553,614336800,18.642879486083984
2012-04-13 00:00:00,18.68299790261028,18.700660607521172,18.066328413611444,859644800,18.117816925048828
2012-04-16 00:00:00,18.262416499641017,18.269001648553328,17.31017103318247,1050786800,17.3664493560791
2012-04-17 00:00:00,17.33081466909016,18.260607001415426,17.120368226489774,1025528000,18.25162696838379
2012-04-18 00:00:00,18.371966868429283,18.56744604729495,18.0423771295145,954531200,18.210914611816406
2012-04-19 00:00:00,17.967848613077194,18.102857734078693,17.497861859624933,834719200,17.58527374267578
2012-04-20 00:00:00,17.703214610176396,17.800206025137413,17.075768021274413,1030985200,17.152402877807617
2012-04-23 00:00:00,17.081461588376317,17.262870506841082,16.662664397426433,966529200,17.114089965820312
2012-04-24 00:00:00,16.84196975193965,16.994041998682253,16.61416114261742,1076149200,16.772220611572266
2012-04-25 00:00:00,18.429441290137017,18.500088897952104,18.14086363798354,905777600,18.260604858398438
2012-04-26 00:00:00,18.38843417288623,18.401008139505937,18.02501855990159,536068400,18.19175910949707
2012-04-27 00:00:00,18.113027868436088,18.146255750503475,17.97622184821523,406722400,18.05105972290039
2012-04-30 00:00:00,17.895395757693915,17.913357422161344,17.452350959841585,506144800,17.481687545776367
2012-05-01 00:00:00,17.509232529971598,17.864266047645206,17.39936978978701,610999200,17.426311492919922
2012-05-02 00:00:00,17.369739392399563,17.584077254987246,17.328428338536852,427389200,17.541568756103516
2012-05-03 00:00:00,17.67686712679382,17.703808823154336,17.371525236834692,390549600,17.41702651977539
2012-05-04 00:00:00,17.275138075007906,17.313454702852983,16.91860654516558,529992400,16.921001434326172
2012-05-07 00:00:00,16.808743804451236,17.146116221044146,16.800660653852287,460118400,17.04762840270996
2012-05-08 00:00:00,17.050615995269993,17.108091718811384,16.725817645560873,497252000,17.00870704650879
2012-05-09 00:00:00,16.87459969835201,17.182336524891678,16.789283780308438,480704000,17.038644790649414
2012-05-10 00:00:00,17.20029068869605,17.23920682032086,17.01648862556891,333200000,17.078752517700195
2012-05-11 00:00:00,16.91350926060072,17.196998126549538,16.8940511956823,399546000,16.964698791503906
2012-05-14 00:00:00,16.840771494639807,16.988651879333947,16.69199262697614,352626400,16.710552215576172
2012-05-15 00:00:00,16.807241914032293,16.86022682102093,16.51686729356763,476336000,16.559375762939453
2012-05-16 00:00:00,16.585726931203727,16.670743907859087,16.196266428137005,560896000,16.34714126586914
2012-05-17 00:00:00,16.32408827746693,16.389647166693884,15.869369506835938,717220000,15.869369506835938
2012-05-18 00:00:00,15.984317492583047,16.267206907504104,15.631678947164295,732292400,15.877148628234863
2012-05-21 00:00:00,16.00048731500455,16.809940637215888,15.987014864921845,631106000,16.802156448364258
2012-05-22 00:00:00,17.049723613097193,17.179344997223346,16.541720913067525,694870400,16.673137664794922
2012-05-23 00:00:00,16.688999533849156,17.147013254144902,16.56117673219042,584897600,17.079957962036133
2012-05-24 00:00:00,17.23891020039189,17.257770346112544,16.80065521809878,496230000,16.923091888427734
2012-05-25 00:00:00,16.90124208612925,16.938960785886703,16.718036287854122,328507200,16.83238983154297
2012-05-29 00:00:00,17.090138808903824,17.18293837624154,16.922800306453375,380508800,17.131149291992188
2012-05-30 00:00:00,17.039245543481165,17.362248610945425,16.960215803363162,529429600,17.33770179748535
2012-05-31 00:00:00,17.384699823673746,17.407451270131897,17.106900681596056,491674400,17.29459571838379
2012-06-01 00:00:00,17.038047031030572,17.142522061137306,16.77940542410977,520987600,16.793474197387695
2012-06-04 00:00:00,16.808738753808512,16.988350590729304,16.419578974451507,556995600,16.892257690429688
2012-06-05 00:00:00,16.80186158365316,16.95752621394879,16.713851786822843,388214400,16.848560333251953
2012-06-06 00:00:00,16.99643700927297,17.178443769655868,16.92848323572055,401455600,17.10689926147461
2012-06-07 00:00:00,17.281429484381086,17.282326369044174,17.07816760191204,379766800,17.114688873291016
2012-06-08 00:00:00,17.111089136006868,17.379909813730485,17.03325684715071,347516400,17.37212562561035
2012-06-11 00:00:00,17.59364722785185,17.616996593675488,17.08205071216127,591264800,17.098217010498047
2012-06-12 00:00:00,17.196707744468092,17.26136655394689,16.964408293531047,435380400,17.247596740722656
2012-06-13 00:00:00,17.19850293122775,17.317046745233778,17.074569817338862,293580000,17.12785530090332
2012-06-14 00:00:00,17.100308644953294,17.16796344175235,16.981166945868846,345573200,17.108989715576172
2012-06-15 00:00:00,17.093132465447518,17.20149881943377,17.04972549206067,335255200,17.186830520629883
2012-06-18 00:00:00,17.091932761058835,17.598737957892226,17.074270054944076,440412000,17.535573959350586
2012-06-19 00:00:00,17.46432785014974,17.661901390805923,17.455347816019643,361404400,17.584369659423828
2012-06-20 00:00:00,17.608321282633472,17.63945484640043,17.386499836648994,358943200,17.534381866455078
2012-06-21 00:00:00,17.525397407317246,17.60861740665866,17.285913290028553,326351200,17.29279899597168
2012-06-22 00:00:00,17.33380912335426,17.42810507465763,17.22544280028627,284471600,17.425411224365234
2012-06-25 00:00:00,17.281722203501626,17.35656168600232,17.074270138031828,304382400,17.086244583129883
2012-06-26 00:00:00,17.1030025151123,17.197599006708856,16.983261294432925,276536400,17.123958587646484
2012-06-27 00:00:00,17.212868027439008,17.26495605845503,17.120668007896175,202997200,17.197900772094727
2012-06-28 00:00:00,17.113187528515308,17.182936677873382,16.93177866891115,282836400,17.03475570678711
2012-06-29 00:00:00,17.302673012329535,17.48228645324707,17.19041541111806,421500800,17.48228645324707
2012-07-02 00:00:00,17.504135173244553,17.765769485527166,17.470307780890117,400092000,17.73733139038086
2012-07-03 00:00:00,17.807990771823167,17.961260503446347,17.78164858586348,241712800,17.9435977935791
2012-07-05 00:00:00,17.97801684851032,18.390527630624906,17.950776188820555,484383200,18.258811950683594
2012-07-06 00:00:00,18.17349416897565,18.213906712244036,18.008550624625393,418930400,18.137271881103516
2012-07-09 00:00:00,18.11991095427741,18.377355083219395,18.084288185487022,379405600,18.377056121826172
2012-07-10 00:00:00,18.49919397006461,18.556071780117446,18.120211607682887,511957600,18.2070255279541
2012-07-11 00:00:00,18.144452542152557,18.190553334957063,17.878028457006028,469322000,18.093862533569336
2012-07-12 00:00:00,17.968441151492605,18.065131996328628,17.742128938971153,428041600,17.928327560424805
2012-07-13 00:00:00,18.049564494377247,18.176488797861293,17.96125417361228,311427200,18.11003303527832
2012-07-16 00:00:00,18.114527355770733,18.30910650254271,18.111532944988422,301260400,18.16811180114746
2012-07-17 00:00:00,18.284258684677333,18.30551372306731,18.055551593897576,293624800,18.169008255004883
2012-07-18 00:00:00,18.158527731248185,18.21091471903593,18.067822526807095,252700000,18.148649215698242
2012-07-19 00:00:00,18.298928446864856,18.420765630059265,18.14086896630878,436861600,18.38993263244629
2012-07-20 00:00:00,18.351318504168358,18.393528031215705,18.072021315501896,397471200,18.089982986450195
2012-07-23 00:00:00,17.79361712272711,18.137875213074693,17.593349731274937,487975600,18.075908660888672
2012-07-24 00:00:00,18.182179835813315,18.25103209631162,17.916652508871998,565132400,17.988798141479492
2012-07-25 00:00:00,17.196701254763845,17.386490552383833,17.063188633375784,877312800,17.21196746826172
2012-07-26 00:00:00,17.35535768427897,17.374516790962033,17.07396629849077,406632800,17.209274291992188
2012-07-27 00:00:00,17.213167740803907,17.537069234456894,17.110788649735053,403936400,17.517011642456055
2012-07-30 00:00:00,17.68944438576257,17.944493687597287,17.59664322974093,379142400,17.81247901916504
2012-07-31 00:00:00,18.057955236159838,18.311509821540266,18.042689011265463,462327600,18.283369064331055
2012-08-01 00:00:00,18.437536113447255,18.452204414243045,18.051068354006325,384501600,18.165122985839844
2012-08-02 00:00:00,18.046271038970254,18.281262694316272,17.96873771759274,332158400,18.19445037841797
2012-08-03 00:00:00,18.369275439383,18.499494722418614,18.307308889630256,344920800,18.431241989135742
2012-08-06 00:00:00,18.478837590146895,18.705749310941076,18.418070083595307,302103200,18.63629913330078
2012-08-07 00:00:00,18.642880829290217,18.709637144316375,18.50128664994062,290446800,18.587202072143555
2012-08-08 00:00:00,18.541708127623703,18.676119305277027,18.47315641262743,244706000,18.55577850341797
2012-08-09 00:00:00,18.575007944540975,18.691657117050866,18.573505114261433,221642400,18.661592483520508
2012-08-10 00:00:00,18.600867292680956,18.69256082696969,18.60056704769484,194938800,18.690757751464844
2012-08-13 00:00:00,18.741574052848996,18.940296173095703,18.737364199014134,278832400,18.940296173095703
2012-08-14 00:00:00,18.996505118669386,19.19913673301707,18.946598630216016,340169200,18.991092681884766
2012-08-15 00:00:00,18.979369350706314,19.060541455056953,18.87264270855908,257342400,18.965238571166992
2012-08-16 00:00:00,18.976667623031613,19.14352196070898,18.955321327100854,254534000,19.130895614624023
2012-08-17 00:00:00,19.240928735367895,19.487152104066713,19.205153019694702,442761200,19.4847469329834
2012-08-20 00:00:00,19.54187713497602,19.997045516967773,19.538569621952977,613384800,19.997045516967773
2012-08-21 00:00:00,20.16749736601851,20.289557378895015,19.551486225029173,812719600,19.723752975463867
2012-08-22 00:00:00,19.67445126330681,20.112783276445647,19.48474780102648,565322800,20.108875274658203
2012-08-23 00:00:00,20.025899742110813,20.139841924693936,19.876782330037074,420128800,19.92127799987793
2012-08-24 00:00:00,19.82748121972658,20.127218924402246,19.708428429642822,437340400,19.93901824951172
2012-08-27 00:00:00,20.443190006596296,20.46964689482202,20.249278259922825,427008400,20.313615798950195
2012-08-28 00:00:00,20.292567891655576,20.32624029177801,20.16299209024986,267416800,20.28715705871582
2012-08-29 00:00:00,20.30067992627474,20.373433933011757,20.221010652241,202806800,20.24716567993164
2012-08-30 00:00:00,20.162087293516233,20.189444908913234,19.927888187354867,302699600,19.958553314208984
2012-08-31 00:00:00,20.060174250511626,20.100760316005974,19.75953423074919,338321200,19.999746322631836
2012-09-04 00:00:00,20.015374556015736,20.297373617750615,19.97749391728842,367892000,20.29226303100586
2012-09-05 00:00:00,20.310302347129323,20.33375196113223,20.130820077295073,336375200,20.149761199951172
2012-09-06 00:00:00,20.238156141471148,20.392083926975648,20.166904933196054,391196400,20.33135414123535
2012-09-07 00:00:00,20.384863546698803,20.518048710920226,20.31631937187539,329666400,20.45671844482422
2012-09-10 00:00:00,20.457015742252565,20.54239610484395,19.905342066322202,487998000,19.924583435058594
2012-09-11 00:00:00,19.995840011439622,20.14585818337523,19.736988621047512,503983200,19.85995101928711
2012-09-12 00:00:00,20.04814420270776,20.139839341403103,19.721951310526272,712233200,20.136531829833984
2012-09-13 00:00:00,20.364422013352137,20.608842352459412,20.286255544044973,598360000,20.5330810546875
2012-09-14 00:00:00,20.742931929851647,20.953980149877808,20.68069770396091,600474000,20.782615661621094
2012-09-17 00:00:00,21.025228310587725,21.038756999508156,20.88272590654739,398031200,21.038156509399414
2012-09-18 00:00:00,21.041167605867823,21.114823998524795,20.937146315163357,373503200,21.102197647094727
2012-09-19 00:00:00,21.052588996236192,21.16472651783367,21.03184479104391,326874800,21.107906341552734
2012-09-20 00:00:00,21.019514739665684,21.04657372195328,20.85296062653321,336568400,21.005685806274414
2012-09-21 00:00:00,21.117226101204682,21.19719565795249,21.025530930126973,571589200,21.04747772216797
2012-09-24 00:00:00,20.649730941301705,20.898059310155276,20.533683810304844,639766400,20.767881393432617
2012-09-25 00:00:00,20.691815486557186,20.827706059098247,20.23303949848868,518789600,20.24927520751953
2012-09-26 00:00:00,20.104968886212916,20.223721413492157,19.878287102880062,576503200,19.997941970825195
2012-09-27 00:00:00,19.971184952544455,20.508727915056884,19.852732669626985,594090000,20.483173370361328
2012-09-28 00:00:00,20.405916471246652,20.476867446989726,20.045148661909916,535110800,20.05567169189453
2012-10-01 00:00:00,20.177724042831052,20.345782592888543,19.73698679843784,543594800,19.823871612548828
2012-10-02 00:00:00,19.896623314310823,20.033114373616435,19.561109954719516,627992400,19.881591796875
2012-10-03 00:00:00,19.988319559508703,20.198767220627357,19.92127661717418,424281200,20.186439514160156
2012-10-04 00:00:00,20.18042441581055,20.270616719614974,20.009061607523037,370725600,20.046640396118164
2012-10-05 00:00:00,19.998541039729865,20.022591146267143,19.58005088227508,594006000,19.619434356689453
2012-10-08 00:00:00,19.447768152881196,19.468212106585966,19.12397882751261,637994000,19.185911178588867
2012-10-09 00:00:00,19.200344551677464,19.255661886405093,18.746378901713033,838597200,19.116165161132812
2012-10-10 00:00:00,19.233110526743307,19.390646016611203,19.15073582809096,510356000,19.268285751342773
2012-10-11 00:00:00,19.43634539168426,19.45738983643196,18.883167266845703,546081200,18.883167266845703
2012-10-12 00:00:00,18.92705614222328,19.102028285837502,18.79898482435316,460014800,18.93156623840332
2012-10-15 00:00:00,19.01094502589065,19.0945223370846,18.755401143147374,432502000,19.083398818969727
2012-10-16 00:00:00,19.101737477173174,19.550592618060307,18.97035697790872,549771600,19.535259246826172
2012-10-17 00:00:00,19.507589510377993,19.625439642726676,19.361177579604917,389037600,19.3795166015625
2012-10-18 00:00:00,19.228605806667492,19.30286266633403,18.940291896454077,476624400,19.01966094970703
2012-10-19 00:00:00,18.971856030066746,18.993500963987334,18.327584882195982,744086000,18.334199905395508
2012-10-22 00:00:00,18.411770659943308,19.1020389370882,18.361864145976636,546730800,19.061452865600586
2012-10-23 00:00:00,18.97034881033343,19.05753544554504,18.39011663117472,707145600,18.440021514892578
2012-10-24 00:00:00,18.682947596793774,18.836573531309188,18.358255823698368,558527200,18.54435157775879
2012-10-25 00:00:00,18.639648950083814,18.699778227621042,18.20522495480349,656325600,18.325180053710938
2012-10-26 00:00:00,18.32186928583263,18.45926265360201,17.767792140695907,1018432800,18.15862274169922
2012-10-31 00:00:00,17.884448023037415,18.09730090989716,17.668589474231517,510003200,17.897676467895508
2012-11-01 00:00:00,17.98485795941165,18.128562931448766,17.863099774217154,361298000,17.934350967407227
2012-11-02 00:00:00,17.914807777965418,17.946675492281212,17.279256567182408,599373600,17.34088706970215
2012-11-05 00:00:00,17.54292227371402,17.67069341710544,17.3649427659929,529135600,17.575992584228516
2012-11-06 00:00:00,17.74464291038943,17.759974669363018,17.439794750264,374917200,17.522769927978516
2012-11-07 00:00:00,17.33069995456532,17.351840524992213,16.784358065531926,793648800,16.852312088012695
2012-11-08 00:00:00,16.93173891344499,16.98006205626478,16.166439687639343,1056146000,16.240734100341797
2012-11-09 00:00:00,16.32136972472884,16.758079579472167,16.119020626360843,929913600,16.52190589904785
2012-11-12 00:00:00,16.736035592117673,16.746606683198976,16.26791561414728,515802000,16.39415740966797
2012-11-13 00:00:00,16.275763955214583,16.625192118916956,16.198750176968986,532949200,16.39626693725586
2012-11-14 00:00:00,16.47479761000386,16.533690240354943,16.193321708257674,477170400,16.214462280273438
2012-11-15 00:00:00,16.234088286616775,16.293584132042245,15.783787947380205,789910800,15.874390602111816
2012-11-16 00:00:00,15.861703359347535,16.006669512941105,15.274288659691301,1266893600,15.936602592468262
2012-11-19 00:00:00,16.330133304219565,17.139225123740957,16.305066878964382,823317600,17.085769653320312
2012-11-20 00:00:00,17.272406341860112,17.27361442013148,16.74901812447244,642754000,16.9401912689209
2012-11-21 00:00:00,17.04106598488525,17.135292869664823,16.81002463118164,373002000,16.964052200317383
2012-11-23 00:00:00,17.129250374402027,17.275122993589562,16.991231069929484,272826400,17.260021209716797
2012-11-26 00:00:00,17.392914286247827,17.81875151433753,17.32677319172221,630579600,17.80455780029297
2012-11-27 00:00:00,17.805156280285228,17.831432386396163,17.519754638396375,533330000,17.661096572875977
2012-11-28 00:00:00,17.43429314494189,17.69191072957178,17.282984891085913,520864400,17.60553550720215
2012-11-29 00:00:00,17.82539580574578,17.947105284286863,17.675295674780465,514698800,17.799421310424805
2012-11-30 00:00:00,17.721800798676828,17.77042554759836,17.59767357449189,391319600,17.676197052001953
2012-12-03 00:00:00,17.92898261704626,17.957371651636947,17.682841090272404,364280000,17.70368003845215
2012-12-04 00:00:00,17.571096604972453,17.571096604972453,17.279051321338002,557068400,17.391399383544922
2012-12-05 00:00:00,17.181806522976164,17.192074384474456,16.271539471874227,1044638000,16.272144317626953
2012-12-06 00:00:00,15.974663646539204,16.710667462222773,15.663287404537417,1177212400,16.527347564697266
2012-12-07 00:00:00,16.713381314878518,16.767743226422276,16.006671626044707,787040800,16.104825973510742
2012-12-10 00:00:00,15.855661164643093,16.263680243130093,15.75237291292786,630484400,16.001232147216797
2012-12-11 00:00:00,16.301743478542363,16.597414700421453,16.22926036737778,592345600,16.350669860839844
2012-12-12 00:00:00,16.54334674834526,16.550293601770594,16.19603310966775,487144000,16.27848243713379
2012-12-13 00:00:00,16.04140565257792,16.237412767626918,15.879827969635079,625259600,15.99731159210205
2012-12-14 00:00:00,15.546101661108011,15.648181858669375,15.269156564138928,1009579200,15.396303176879883
2012-12-17 00:00:00,15.370340189058071,15.704668414257824,15.13779061055799,757607200,15.669332504272461
2012-12-18 00:00:00,15.855670258293221,16.15466248269819,15.712213733216611,625685200,16.124462127685547
2012-12-19 00:00:00,16.05107015231721,16.11841932103751,15.87076805981392,449369200,15.895231246948242
2012-12-20 00:00:00,16.006682263987365,16.012722659609043,15.670844332035712,481689600,15.756917953491211
2012-12-21 00:00:00,15.477245823666973,15.69469512250042,15.409896654629764,596268400,15.684427261352539
2012-12-24 00:00:00,15.71523024995743,15.83301385897196,15.665699036684892,175753200,15.709793090820312
2012-12-26 00:00:00,15.67445777054955,15.688351478798436,15.43647277421625,302436400,15.493250846862793
2012-12-27 00:00:00,15.509554916104802,15.59140099704716,15.241368031692662,455120400,15.555461883544922
2012-12-28 00:00:00,15.411402870375287,15.537946233247705,15.345865034344964,354278400,15.390260696411133
2012-12-31 00:00:00,15.41864886716146,16.169755684768596,15.372441896916143,659492400,16.07220458984375
2013-01-02 00:00:00,16.726076010444338,16.761713537221063,16.357923181214144,560518000,16.581411361694336
2013-01-03 00:00:00,16.546669838388492,16.600730133928707,16.338885204532,352965200,16.372106552124023
2013-01-04 00:00:00,16.217172813834306,16.26730725394927,15.880730284719993,594333600,15.91606616973877
2013-01-07 00:00:00,15.765059146959073,15.98552777227413,15.559690692617536,484156400,15.822442054748535
2013-01-08 00:00:00,15.982810730314986,16.06375036014179,15.742409610256086,458707200,15.865025520324707
2013-01-09 00:00:00,15.78016166185468,15.855967370143448,15.583551341990933,407604400,15.61707592010498
2013-01-10 00:00:00,15.962890667561938,15.968024600889038,15.56936814570226,601146000,15.810677528381348
2013-01-11 00:00:00,15.734863751270993,15.865333011473114,15.675064668294189,350506800,15.713723182678223
2013-01-14 00:00:00,15.181576834199532,15.327147900107866,15.055638257119673,734207600,15.153491020202637
2013-01-15 00:00:00,15.049292123053254,15.070131071965049,14.598688562957516,876772400,14.675400733947754
2013-01-16 00:00:00,14.938753417839465,15.385732684363772,14.87412365206808,690804800,15.284557342529297
2013-01-17 00:00:00,15.412012338633973,15.425301203584196,15.1619465135317,453678400,15.181575775146484
2013-01-18 00:00:00,15.055933773156568,15.167678589736614,14.991907240067242,472922800,15.100632667541504
2013-01-22 00:00:00,15.238347934955957,15.338615185968804,14.998851706629832,461546400,15.24468994140625
2013-01-23 00:00:00,15.366710930770239,15.553355056003753,15.244698208967757,861509600,15.523757934570312
2013-01-24 00:00:00,13.89258517918955,14.065638797417726,13.598122089566587,1460852400,13.605673789978027
2013-01-25 00:00:00,13.641610548540593,13.778723403914414,13.137550762778297,1208026400,13.284933090209961
2013-01-28 00:00:00,13.223022170857035,13.687517026738272,13.163525519151923,785517600,13.585436820983887
2013-01-29 00:00:00,13.847277929704186,13.898620441186521,13.654593509962591,571158000,13.840331077575684
2013-01-30 00:00:00,13.801978411954227,13.971106147707738,13.726475937766683,417155200,13.796844482421875
2013-01-31 00:00:00,13.80137487146455,13.870836952617335,13.740972570877297,319334400,13.75637435913086
2013-02-01 00:00:00,13.865701912667495,13.87687623254126,13.540736948624971,539484400,13.699896812438965
2013-02-04 00:00:00,13.708657663521045,13.769966433150449,13.348960784705218,477117200,13.358625411987305
2013-02-05 00:00:00,13.410872045858305,13.884730666836354,13.35560367465845,573347600,13.827347755432129
2013-02-06 00:00:00,13.78597091651386,14.08888886921509,13.668487325610407,593706400,13.812548637390137
2013-02-07 00:00:00,14.07228021909978,14.277325538414003,13.794934482817778,704580800,14.223255157470703
2013-02-08 00:00:00,14.398828803757405,14.544943192836671,14.224158311013305,633158400,14.428598403930664
2013-02-11 00:00:00,14.474772531257187,14.731157759273431,14.376047768129162,517490400,14.57896614074707
2013-02-12 00:00:00,14.566213277631784,14.653396874746209,14.208672924061739,609053200,14.213533401489258
2013-02-13 00:00:00,14.192569468869758,14.387895395529906,14.071364182225299,475207600,14.186493873596191
2013-02-14 00:00:00,14.11085347621021,14.327139781607519,14.095665300547854,355275200,14.173734664916992
2013-02-15 00:00:00,14.242386510686659,14.282182061908197,13.97111809977132,391745200,13.978408813476562
2013-02-19 00:00:00,14.006968450622749,14.056483349345394,13.786733332301086,435783600,13.973248481750488
2013-02-20 00:00:00,13.903378668284676,13.903378668284676,13.633323710619905,476302400,13.634843826293945
2013-02-21 00:00:00,13.54826715748848,13.64456412847767,13.45166762346868,447182400,13.550089836120605
2013-02-22 00:00:00,13.646991793340796,13.71837718724178,13.566491385676061,330654800,13.694379806518555
2013-02-25 00:00:00,13.786731177631932,13.825309995744174,13.444074861427145,372579200,13.451062202453613
2013-02-26 00:00:00,13.482045023291054,13.716558144391987,13.294921547447114,501499600,13.63848876953125
2013-02-27 00:00:00,13.622085167464812,13.743898842032786,13.385750967171791,587350400,13.504829406738281
2013-02-28 00:00:00,13.489033670867437,13.6050743123924,13.408534049987793,322515200,13.408534049987793
2013-03-01 00:00:00,13.305250540175795,13.310719387858768,13.061625624430889,552448400,13.076510429382324
2013-03-04 00:00:00,12.995401544737994,13.007552736174008,12.728081822433511,582755600,12.759978294372559
2013-03-05 00:00:00,12.80341692799342,13.219888853513803,12.78124141034461,638433600,13.096860885620117
2013-03-06 00:00:00,13.19923319698364,13.22171290093128,12.893029664930566,460250000,12.930394172668457
2013-03-07 00:00:00,12.895154269545737,13.123288385277728,12.790656475960187,468473600,13.079848289489746
2013-03-08 00:00:00,13.056158773762617,13.227182359124576,13.020009379053619,391482000,13.114482879638672
2013-03-11 00:00:00,13.054635620492974,13.335929986062315,12.914595997197925,474236000,13.301299095153809
2013-03-12 00:00:00,13.232346340948213,13.331983688009563,12.988416419052243,465911600,13.014540672302246
2013-03-13 00:00:00,13.015150273454005,13.198931808614077,12.921284328494686,405549200,13.01211166381836
2013-03-14 00:00:00,13.14819852641668,13.203181448412414,13.075900562995798,303875600,13.138175010681152
2013-03-15 00:00:00,13.30312591264229,13.494503155612637,13.282468883568061,643960800,13.477188110351562
2013-03-18 00:00:00,13.41005378821866,13.896393542095122,13.402459697926126,606197200,13.843538284301758
2013-03-19 00:00:00,13.958357878733375,14.003013903644057,13.624208294672734,526775200,13.806169509887695
2013-03-20 00:00:00,13.895174729955828,13.901553698468613,13.657319671580101,308660800,13.732958793640137
2013-03-21 00:00:00,13.67645874697217,13.91218532885207,13.672813390201553,383255600,13.752704620361328
2013-03-22 00:00:00,13.808906075950487,14.037341987481286,13.764251663808526,395105200,14.031571388244629
2013-03-25 00:00:00,14.116019478980157,14.275805211246576,14.02762240125067,501135600,14.082301139831543
2013-03-26 00:00:00,14.138802832797618,14.150954025043415,13.989651409366124,294294000,14.00818157196045
2013-03-27 00:00:00,13.866011876958419,13.876339576234203,13.691949748353727,331237200,13.732958793640137
2013-03-28 00:00:00,13.664310278661194,13.725064614614267,13.415216527860403,442839600,13.446808815002441
2013-04-01 00:00:00,13.423719086094298,13.478398627341006,12.993577525579187,389732000,13.029118537902832
2013-04-02 00:00:00,12.989327142845076,13.309502935006607,12.952873567463117,529519200,13.055852890014648
2013-04-03 00:00:00,13.10384917679647,13.283379394939304,13.07164932797958,363216000,13.12268352508545
2013-04-04 00:00:00,13.17645020079394,13.214117269488913,12.917938892248705,358447600,12.99297046661377
2013-04-05 00:00:00,12.89515208174508,12.90882257284935,12.748733521442684,383695200,12.85566234588623
2013-04-08 00:00:00,12.905788353878464,12.98628796810488,12.83409875889946,300829200,12.947101593017578
2013-04-09 00:00:00,12.951656922905421,13.016663353792781,12.841994464650815,306614000,12.970490455627441
2013-04-10 00:00:00,13.004513347548368,13.276694324293915,12.941024596802874,375928000,13.235076904296875
2013-04-11 00:00:00,13.175233716041806,13.30494483171424,13.098682840486868,328364400,13.193764686584473
2013-04-12 00:00:00,13.188296709702042,13.188296709702042,13.034588200108173,238613200,13.056156158447266
2013-04-15 00:00:00,12.971100675105545,12.998136671933546,12.744789994906766,317520000,12.75390338897705
2013-04-16 00:00:00,12.80615381674211,12.959254804320736,12.775776643104772,305771200,12.948016166687012
2013-04-17 00:00:00,12.76666208123752,12.776687220885641,12.093501411668326,945056000,12.235970497131348
2013-04-18 00:00:00,12.30249542409342,12.326796993714948,11.8392414299396,666299200,11.90941333770752
2013-04-19 00:00:00,11.785475189203112,12.138763390562696,11.698291603347293,609274400,11.863241195678711
2013-04-22 00:00:00,11.927332320745009,12.217740024646853,11.885716531347972,429920400,12.110507011413574
2013-04-23 00:00:00,12.272117719329458,12.405474197757075,12.11476304492928,664238400,12.337125778198242
2013-04-24 00:00:00,11.954677743541811,12.61416791890215,11.923084642080674,969651200,12.316774368286133
2013-04-25 00:00:00,12.492046990585104,12.574369263502891,12.36355101323917,384837600,12.405471801757812
2013-04-26 00:00:00,12.448915724695649,12.721095955097661,12.401526883767735,764097600,12.6734037399292
2013-04-29 00:00:00,12.772126142387464,13.172195523908368,12.75845646031265,640326400,13.065875053405762
2013-04-30 00:00:00,13.217158423972036,13.525488070170683,13.12511515931951,691538400,13.450455665588379
2013-05-01 00:00:00,13.501487142626113,13.515764386804051,13.195588608086537,506909200,13.344436645507812
2013-05-02 00:00:00,13.420076522785829,13.626945293243987,13.385143062661642,421828400,13.53368854522705
2013-05-03 00:00:00,13.709568193399724,13.767893899532897,13.643953396321503,361300800,13.669167518615723
2013-05-06 00:00:00,13.843230826711402,14.040380254303054,13.800703279704765,496641600,13.995119094848633
2013-05-07 00:00:00,14.124522802122836,14.148216809807904,13.782170753800393,483753200,13.932842254638672
2013-05-08 00:00:00,13.944387466640547,14.136676417748342,13.846269436461775,472598000,14.090198516845703
2013-05-09 00:00:00,14.06023144127083,14.157775756952484,13.930884912273065,398487600,13.967272758483887
2013-05-10 00:00:00,14.003967157582885,14.057173888497845,13.774935378612614,334852000,13.851075172424316
2013-05-13 00:00:00,13.806435356925228,14.00183106481224,13.806129974581937,316948800,13.905202865600586
2013-05-14 00:00:00,13.877986625067495,13.919267123734846,13.52021903716315,447118000,13.572508811950684
2013-05-15 00:00:00,13.428790265326446,13.485054091316199,12.915073592378535,741613600,13.113526344299316
2013-05-16 00:00:00,12.94198093693742,13.388730658245398,12.809271123849419,603204000,13.288739204406738
2013-05-17 00:00:00,13.425427822875386,13.457229226266273,13.179577915350656,427904400,13.24837875366211
2013-05-20 00:00:00,13.207093634432761,13.631827206171693,13.151746784287559,451578400,13.5440673828125
2013-05-21 00:00:00,13.397909102361215,13.62204831425821,13.277124668074212,456022000,13.444082260131836
2013-05-22 00:00:00,13.578320838863021,13.70980834664891,13.400048594294333,443038400,13.495759010314941
2013-05-23 00:00:00,13.33063475754074,13.642839985079311,13.325742108482242,353021200,13.519914627075195
2013-05-24 00:00:00,13.480467075517085,13.627548643885811,13.46548374803379,276166800,13.611953735351562
2013-05-28 00:00:00,13.757199441317796,13.794198048369102,13.48046517867671,386145200,13.498505592346191
2013-05-29 00:00:00,13.454475187379593,13.683813180572187,13.436127755989737,330576400,13.60583782196045
2013-05-30 00:00:00,13.627240776793471,13.897860051264194,13.592381477686871,353519600,13.808570861816406
2013-05-31 00:00:00,13.836705891997816,13.97736792347303,13.744971985595498,384302800,13.752005577087402
2013-06-03 00:00:00,13.782579628451039,13.832422255195079,13.53030858972845,372352400,13.78227424621582
2013-06-04 00:00:00,13.858719861907602,13.895720105346918,13.680448485520193,292728800,13.739158630371094
2013-06-05 00:00:00,13.627242042561496,13.782274976543217,13.567920315431564,290589600,13.610730171203613
2013-06-06 00:00:00,13.621736641232767,13.6685213586237,13.272532087733232,416934000,13.407382011413574
2013-06-07 00:00:00,13.347449858026373,13.553547754537684,13.23339204357559,404535600,13.509820938110352
2013-06-10 00:00:00,13.599108834812382,13.732124022396171,13.35662310237071,450153200,13.420531272888184
2013-06-11 00:00:00,13.324211761466696,13.538870994158483,13.25021127099764,286112400,13.381086349487305
2013-06-12 00:00:00,13.43918560112892,13.492697714396982,13.194558097734882,265227200,13.215657234191895
2013-06-13 00:00:00,13.225141868176804,13.367024629658347,13.110472429869105,285832400,13.330942153930664
2013-06-14 00:00:00,13.313817061457703,13.341032014350693,13.102825647489848,271866000,13.150222778320312
2013-06-17 00:00:00,13.192722092895336,13.322985568686898,13.159697538236488,259414400,13.209845542907715
2013-06-18 00:00:00,13.196392909836685,13.298524488855977,13.15511241648124,195025600,13.202814102172852
2013-06-19 00:00:00,13.191500283988164,13.199450837126847,12.934642791748047,310940000,12.934642791748047
2013-06-20 00:00:00,12.821505424431791,13.025767808821977,12.695216777284546,357310800,12.746282577514648
2013-06-21 00:00:00,12.796733664871017,12.842907624173243,12.47902507818232,481118400,12.644147872924805
2013-06-24 00:00:00,12.457621439718855,12.496150230638417,12.171713413175276,480746000,12.30901050567627
2013-06-25 00:00:00,12.405637500153953,12.46954567462229,12.195563913317491,314162800,12.311761856079102
2013-06-26 00:00:00,12.350598450825494,12.37781340295541,12.098632739958376,367724000,12.172327041625977
2013-06-27 00:00:00,12.208409912064887,12.273846645793595,12.033807167407058,337246000,12.041145324707031
2013-06-28 00:00:00,11.967146457653502,12.23959892065724,11.89100582894248,578516400,12.125236511230469
2013-07-01 00:00:00,12.313596395664591,12.606537163512984,12.268645600262552,391053600,12.513272285461426
2013-07-02 00:00:00,12.53590428733649,12.892753328365231,12.52092095685678,469865200,12.796736717224121
2013-07-03 00:00:00,12.869205348630276,12.934032123807434,12.764933636805578,240928800,12.86737060546875
2013-07-05 00:00:00,12.854835675683722,12.943512487571855,12.70072050116563,274024800,12.764017105102539
2013-07-08 00:00:00,12.846269191538484,12.87348331708828,12.556997138415806,298138400,12.69154167175293
2013-07-09 00:00:00,12.647207621760062,12.949932906129403,12.548745517945155,352584400,12.91476821899414
2013-07-10 00:00:00,12.83067650203429,12.989684309209713,12.789396005877643,281405600,12.865229606628418
2013-07-11 00:00:00,12.933110906677234,13.09517657675212,12.878681840411334,326292400,13.065820693969727
2013-07-12 00:00:00,13.076831460773416,13.142268994645946,12.947179555027096,279563200,13.041972160339355
2013-07-15 00:00:00,12.996108384135301,13.193337997029582,12.989686373812575,241917200,13.070412635803223
2013-07-16 00:00:00,13.042278763078997,13.17040213658178,12.97042003025351,216538000,13.154808044433594
2013-07-17 00:00:00,13.139519654702799,13.216577241440621,13.094263469129283,198990400,13.158171653747559
2013-07-18 00:00:00,13.25204822764441,13.297609798653129,13.167347095985289,218878800,13.20251178741455
2013-07-19 00:00:00,13.243488314906777,13.27039707191129,12.975927656577584,268721600,12.994275093078613
2013-07-22 00:00:00,13.132182055144014,13.141049573894437,13.01017446888933,207796400,13.035860061645508
2013-07-23 00:00:00,13.026378930628434,13.055734005848445,12.803462935096634,369395600,12.81202507019043
2013-07-24 00:00:00,13.421760551147734,13.594833963170544,13.30953824902947,591936800,13.470074653625488
2013-07-25 00:00:00,13.475880581764557,13.497285101947702,13.326351873151639,229493600,13.408607482910156
2013-07-26 00:00:00,13.3107576967222,13.48627738477342,13.281402621288258,200152400,13.484748840332031
2013-07-29 00:00:00,13.478937279395884,13.759952639259149,13.460590664989805,248057600,13.692680358886719
2013-07-30 00:00:00,13.759035230002242,13.978894125726315,13.736712930027107,309422400,13.86177921295166
2013-07-31 00:00:00,13.91284630185956,13.984704223800973,13.742830020885997,322957600,13.83762264251709
2013-08-01 00:00:00,13.936084931004508,13.968190894326447,13.859943499677682,206250800,13.964521408081055
2013-08-02 00:00:00,14.005190709285946,14.153190050521658,13.963910215087127,274783600,14.143710136413574
2013-08-05 00:00:00,14.209456983627854,14.392315666644416,14.131788626396487,318855600,14.355010032653809
2013-08-06 00:00:00,14.311277768054282,14.429615818944178,14.132394022243558,334857600,14.22657585144043
2013-08-07 00:00:00,14.18224504293501,14.280096415632116,14.120170767202943,298858000,14.218327522277832
2013-08-08 00:00:00,14.277729938131474,14.285117368601512,14.095817339532019,255777200,14.190006256103516
2013-08-09 00:00:00,14.117052199830226,14.173072711388377,13.96345976761579,266865200,13.988082885742188
2013-08-12 00:00:00,14.062267235103933,14.425165281298527,14.05518720373549,364434000,14.385459899902344
2013-08-13 00:00:00,14.495652454659187,15.225760306167667,14.406695901120871,881941200,15.06908893585205
2013-08-14 00:00:00,15.32486976490639,15.520939080537477,15.186974391936118,756372400,15.343953132629395
2013-08-15 00:00:00,15.279932650964371,15.46399865570813,15.05400454663585,490294000,15.325794219970703
2013-08-16 00:00:00,15.394741829742712,15.480619462435927,15.355036452075856,362306000,15.461843490600586
2013-08-19 00:00:00,15.523717590800587,15.81305211615116,15.513252883547167,510518400,15.628371238708496
2013-08-20 00:00:00,15.689008762914128,15.71547957264659,15.415371308422106,358688400,15.423066139221191
2013-08-21 00:00:00,15.500625987930908,15.610202896641987,15.427060740647896,335879600,15.462766647338867
2013-08-22 00:00:00,15.543417004664699,15.562192983792613,15.334726155581697,244207600,15.481240272521973
2013-08-23 00:00:00,15.490779153375533,15.493241630187185,15.370121077290571,222731600,15.421524047851562
2013-08-26 00:00:00,15.4132163376159,15.70409113568543,15.405521506762975,330965600,15.481549263000488
2013-08-27 00:00:00,15.328563143877101,15.467384012033632,14.96843502710688,424188800,15.038921356201172
2013-08-28 00:00:00,14.959206606369714,15.260853478635603,14.959206606369714,307608000,15.110029220581055
2013-08-29 00:00:00,15.133111593548676,15.282395533417096,15.117105496223386,239657600,15.134650230407715
2013-08-30 00:00:00,15.143883506425347,15.173124181753403,14.974592357973586,272297200,14.99675464630127
2013-09-03 00:00:00,15.177745711364645,15.408597188457978,15.000759688515968,331928800,15.038619041442871
2013-09-04 00:00:00,15.376582813944747,15.45907413334579,15.27562292068314,345032800,15.34980297088623
2013-09-05 00:00:00,15.397822152299272,15.41105837529123,15.194363717163322,236367600,15.244535446166992
2013-09-06 00:00:00,15.342111225501434,15.371042861498914,15.080786223354187,359525600,15.335338592529297
2013-09-09 00:00:00,15.54402666907108,15.633905420234704,15.497241257979047,340687200,15.580039978027344
2013-09-10 00:00:00,15.580962085329327,15.61943786658317,15.06693248616347,743195600,15.225142478942871
2013-09-11 00:00:00,14.374688922799098,14.580300832287955,14.306972445348794,898696400,14.396236419677734
2013-09-12 00:00:00,14.42055397387749,14.632936900457395,14.343909774218144,404051200,14.54952335357666
2013-09-13 00:00:00,14.446401350118173,14.523043868833394,14.303582658703943,298835600,14.309737205505371
2013-09-16 00:00:00,14.189697131902687,14.208471460593866,13.76554459179749,543706800,13.854806900024414
2013-09-17 00:00:00,13.788322007482078,14.149990447325209,13.774163589052483,399380800,14.014864921569824
2013-09-18 00:00:00,14.256798362059566,14.354371947800994,14.179231988813026,456862000,14.302968978881836
2013-09-19 00:00:00,14.488267744339925,14.646170382554766,14.443635759891409,404541200,14.537515640258789
2013-09-20 00:00:00,14.712958757933139,14.729887049444716,14.343595535832339,699302800,14.386996269226074
2013-09-23 00:00:00,15.270081107162154,15.295013267544395,14.854547292581588,762106800,15.102021217346191
2013-09-24 00:00:00,15.232533448365848,15.250692982429944,15.015225617678478,364344400,15.0546236038208
2013-09-25 00:00:00,15.057702577065333,15.071244556079431,14.81853985228247,316957200,14.821617126464844
2013-09-26 00:00:00,14.959203818832735,15.037999784417881,14.894564628305364,237221600,14.965974807739258
2013-09-27 00:00:00,14.890871207475689,14.91826584995112,14.796683938953954,228040400,14.85916805267334
2013-09-30 00:00:00,14.689874862018314,14.82561517347278,14.60245859459445,260156400,14.674485206604004
2013-10-01 00:00:00,14.726813337402922,15.0558548229476,14.724658259180101,353883600,15.01953411102295
2013-10-02 00:00:00,14.947814484266633,15.137727644494396,14.88994792955065,289184000,15.068779945373535
2013-10-03 00:00:00,15.098023253718267,15.154660223884663,14.797301884695798,322753200,14.879484176635742
2013-10-04 00:00:00,14.893334325263613,14.91611141392118,14.731430583998282,258868400,14.86778736114502
2013-10-07 00:00:00,14.976441996942894,15.163892701087041,14.939197446257173,312292400,15.013070106506348
2013-10-08 00:00:00,15.080472826447528,15.102020313672075,14.791140111586934,290917200,14.803452491760254
2013-10-09 00:00:00,14.917341949663426,15.014299093133346,14.721579983274596,301725200,14.977363586425781
2013-10-10 00:00:00,15.122951468534726,15.15557681046452,14.991210643576926,278602800,15.071239471435547
2013-10-11 00:00:00,14.989674559091428,15.200518764482664,14.933346642685793,267738800,15.168815612792969
2013-10-14 00:00:00,15.077094580139136,15.315640883248408,15.062319717634598,261898000,15.26823902130127
2013-10-15 00:00:00,15.31348733613271,15.451691821493224,15.252236089266637,320073600,15.34950065612793
2013-10-16 00:00:00,15.414447423339793,15.468005483910456,15.366430758741743,251101200,15.424297332763672
2013-10-17 00:00:00,15.389510294258821,15.537255600342952,15.380276829069626,253593200,15.528636932373047
2013-10-18 00:00:00,15.57450168150815,15.675152544203137,15.565883012689293,290542000,15.663763999938965
2013-10-21 00:00:00,15.752412712816888,16.13808954146288,15.744717883178659,398106800,16.047595977783203
2013-10-22 00:00:00,16.203033314579265,16.26582482307769,15.637291653188585,534063600,16.00172996520996
2013-10-23 00:00:00,15.974952157019416,16.180258289843028,15.974952157019416,313723200,16.158403396606445
2013-10-24 00:00:00,16.15963586871888,16.389565144014423,16.081147289024898,384764800,16.37232780456543
2013-10-25 00:00:00,16.354170986654516,16.412961409357003,16.163026496065587,337792000,16.189189910888672
2013-10-28 00:00:00,16.28398515083674,16.34431582956468,16.10453668314767,550440800,16.30984115600586
2013-10-29 00:00:00,16.506526844958753,16.598251634985772,15.837671826228242,635807200,15.90354061126709
2013-10-30 00:00:00,15.993729501140468,16.237200733672893,15.914008046527881,354163600,16.156557083129883
2013-10-31 00:00:00,16.15963204685076,16.236274572541717,16.0448211356927,275696400,16.088836669921875
2013-11-01 00:00:00,16.129471723797714,16.153480053812956,15.877689191552266,274890000,16.00665855407715
2013-11-04 00:00:00,16.039584688695328,16.215648424499932,15.96909837220622,244627600,16.21349334716797
2013-11-05 00:00:00,16.146708504705312,16.27937157832044,16.098075405156305,265213200,16.173486709594727
2013-11-06 00:00:00,16.227660804883985,16.249643290198645,16.043449396731205,223375600,16.127660751342773
2013-11-07 00:00:00,16.08618095316264,16.197945278892455,15.863269035093014,262620400,15.866673469543457
2013-11-08 00:00:00,15.931379228902731,16.134167099003996,15.869768727005292,279316800,16.116519927978516
2013-11-11 00:00:00,16.09887302064377,16.150885300981177,15.926116588482621,227452400,16.06977081298828
2013-11-12 00:00:00,16.027040178119602,16.220540606618655,16.006297773454772,204276800,16.0994873046875
2013-11-13 00:00:00,16.03726134714677,16.168842138930074,16.005062247634484,197220800,16.11868667602539
2013-11-14 00:00:00,16.18617946220257,16.38649047939096,16.157077254873247,282419200,16.351816177368164
2013-11-15 00:00:00,16.30290552721147,16.38061395719061,16.238199758906358,317920400,16.253679275512695
2013-11-18 00:00:00,16.253678887592475,16.32179074316422,16.043460377193107,244944000,16.056772232055664
2013-11-19 00:00:00,16.069149397590056,16.203825428218753,16.03633191175891,208938800,16.085248947143555
2013-11-20 00:00:00,16.07534150997568,16.11218512322497,15.923638349915423,193916800,15.944380760192871
2013-11-21 00:00:00,16.024883088078404,16.136649091309344,15.903211319338313,262026800,16.13448143005371
2013-11-22 00:00:00,16.084323792173432,16.166058334114926,16.053673958985694,223725600,16.092992782592773
2013-11-25 00:00:00,16.13076396083769,16.280919538700665,16.130145573957687,229311600,16.214975357055664
2013-11-26 00:00:00,16.226735385566993,16.598875222548536,16.223021758367185,401382800,16.5140438079834
2013-11-27 00:00:00,16.604139127387842,16.904141030104373,16.514044806494987,363448400,16.902902603149414
2013-11-29 00:00:00,17.01188365048062,17.28587860532253,16.960180561760996,318127600,17.215909957885742
2013-12-02 00:00:00,17.275663252191993,17.47163897138999,17.053371369901047,472544800,17.066064834594727
2013-12-03 00:00:00,17.28494629693679,17.535103553615336,17.265751507996104,450968000,17.533245086669922
2013-12-04 00:00:00,17.507861561054554,17.62210439027553,17.362968902249683,377809600,17.492382049560547
2013-12-05 00:00:00,17.729225077507042,17.80631509165224,17.536035425337786,447580000,17.582164764404297
2013-12-06 00:00:00,17.516840917548574,17.546563168911597,17.324271284301698,344352400,17.33820152282715
2013-12-09 00:00:00,17.365442819870427,17.634174832066126,17.365442819870427,320493600,17.536651611328125
2013-12-10 00:00:00,17.448416585140865,17.581544997366972,17.374731010958634,278269600,17.50940704345703
2013-12-11 00:00:00,17.55429740586849,17.67720919407989,17.32798111757028,359718800,17.379682540893555
2013-12-12 00:00:00,17.403840452110927,17.502911329480096,17.33851465195107,262290000,17.35430335998535
2013-12-13 00:00:00,17.425815597594678,17.426744831128378,17.14160406495927,332822000,17.165132522583008
2013-12-16 00:00:00,17.183396558337513,17.419311051805515,17.183087365030214,282592800,17.260175704956055
2013-12-17 00:00:00,17.207855335917433,17.320239669764344,17.132622151065757,229902400,17.18246841430664
2013-12-18 00:00:00,17.01869787932409,17.07287783391896,16.681233878686147,565863200,17.05182456970215
2013-12-19 00:00:00,17.012502893637723,17.0279824056607,16.833863504781235,320308800,16.856464385986328
2013-12-20 00:00:00,16.886496573538622,17.07782943523155,16.867610972800133,436413600,16.997642517089844
2013-12-23 00:00:00,17.58525219539191,17.66946354076619,17.42302329034895,501306400,17.649959564208984
2013-12-24 00:00:00,17.643774848840053,17.705385350703477,17.524269126034444,167554800,17.575044631958008
2013-12-26 00:00:00,17.588354032276808,17.631698970321157,17.44222297660794,204008000,17.458322525024414
2013-12-27 00:00:00,17.455845688708873,17.474111243965407,17.32209890092022,225884400,17.340364456176758
2013-12-30 00:00:00,17.25894462981197,17.3403683166828,17.099809230423546,253629600,17.16792106628418
2013-12-31 00:00:00,17.15708068686139,17.377204830551918,17.151816133350106,223084400,17.369155883789062
2014-01-02 00:00:00,17.2038340387538,17.245629709130423,17.090520450564437,234684800,17.12488555908203
2014-01-03 00:00:00,17.116522705289906,17.142528011197296,16.731689482119297,392467600,16.74871826171875
2014-01-06 00:00:00,16.63943523798658,16.928909715642586,16.52023869769949,412610800,16.840055465698242
2014-01-07 00:00:00,16.8521223559424,16.90289618838617,16.65397907866728,317209200,16.719614028930664
2014-01-08 00:00:00,16.68153733749857,16.890517326728784,16.677823710295595,258529600,16.825502395629883
2014-01-09 00:00:00,16.928905071544726,16.930763538385186,16.574414095808415,279148800,16.610637664794922
2014-01-10 00:00:00,16.71312107408648,16.743152520999384,16.443150552198833,304976000,16.499807357788086
2014-01-13 00:00:00,16.405998437731384,16.79578387778671,16.405069204004214,378492800,16.586185455322266
2014-01-14 00:00:00,16.66327632553013,16.92674551594376,16.645938344465797,332561600,16.91621971130371
2014-01-15 00:00:00,17.136960342727036,17.343772683948888,17.07937431602353,391638800,17.25584602355957
2014-01-16 00:00:00,17.179681362644736,17.240053422991053,17.07998884199398,229278000,17.159557342529297
2014-01-17 00:00:00,17.073802154341426,17.092067711780654,16.715284992659043,426739600,16.739124298095703
2014-01-21 00:00:00,16.74902832901031,17.030144576199053,16.73138116189225,328526800,16.99918556213379
2014-01-22 00:00:00,17.05615542204752,17.253678738684577,16.96017981107906,379985200,17.074731826782227
2014-01-23 00:00:00,17.026126801621057,17.22922390004371,16.86730223506985,403239200,17.219316482543945
2014-01-24 00:00:00,17.15181831580762,17.20197377640166,16.865439134499244,429354800,16.906307220458984
2014-01-27 00:00:00,17.030143277968943,17.176583503865974,16.896396511421464,554878800,17.043455123901367
2014-01-28 00:00:00,15.751185808940523,15.944375377780263,15.544062702244956,1065523200,15.681217193603516
2014-01-29 00:00:00,15.602274941772809,15.708157966754904,15.437258269495988,502810000,15.503202438354492
2014-01-30 00:00:00,15.558621042285564,15.681223659829515,15.377815663579582,678501600,15.47317123413086
2014-01-31 00:00:00,15.330753436852355,15.527349147242425,15.280288784100776,464797200,15.498556137084961
2014-02-03 00:00:00,15.560789864014295,15.719305222355787,15.458312917323056,401464000,15.527352333068848
2014-02-04 00:00:00,15.661093373571155,15.772859308799672,15.565426984341219,376681200,15.752115249633789
2014-02-05 00:00:00,15.683077002773611,15.95304741082636,15.673478782445422,328344800,15.869765281677246
2014-02-06 00:00:00,15.885964167730322,15.99310473661654,15.815886088650862,257765200,15.96226978302002
2014-02-07 00:00:00,16.238528571849777,16.28680362092123,16.11394790736459,370280400,16.18558120727539
2014-02-10 00:00:00,16.15380728209308,16.568974550042554,16.133251762650616,345559200,16.47553825378418
2014-02-11 00:00:00,16.52601011680548,16.748386856905803,16.491437622037726,282256800,16.692638397216797
2014-02-12 00:00:00,16.72346416074432,16.804753149410576,16.607915400443375,308100800,16.691383361816406
2014-02-13 00:00:00,16.652141279845406,16.969512832946624,16.637814949229377,307398000,16.956432342529297
2014-02-14 00:00:00,16.895380165826747,17.004701356891218,16.85613870852663,272924400,16.942720413208008
2014-02-18 00:00:00,17.005331185847723,17.166974393558252,16.99318382686532,260251600,17.005020141601562
2014-02-19 00:00:00,16.966389521583483,17.033041109591906,16.642479537035562,313768000,16.73653793334961
2014-02-20 00:00:00,16.60012504263749,16.725018415875077,16.475855421030886,305858000,16.542818069458008
2014-02-21 00:00:00,16.593893348876215,16.649332385505364,16.338813900234562,278784800,16.359058380126953
2014-02-24 00:00:00,16.29365717474604,16.50451018173648,16.270921011352737,288909600,16.430694580078125
2014-02-25 00:00:00,16.487688257937716,16.493604748828176,16.226690670475215,231952000,16.25970458984375
2014-02-26 00:00:00,16.307984022439715,16.351275714845954,16.058509968808586,276217200,16.113014221191406
2014-02-27 00:00:00,16.106472699286652,16.469003793080333,16.072523977885215,301882000,16.434432983398438
2014-02-28 00:00:00,16.478347704008655,16.59265227374235,16.261576539261796,371968800,16.389896392822266
2014-03-03 00:00:00,16.30206375136797,16.527244727500715,16.283065109707238,238781200,16.43723487854004
2014-03-04 00:00:00,16.53814849525307,16.58922627214053,16.43754816231278,259140000,16.545621871948242
2014-03-05 00:00:00,16.535656794290585,16.654941400486564,16.479905038280926,200062800,16.58050537109375
2014-03-06 00:00:00,16.593903098163068,16.645293601674286,16.44783204568546,185488800,16.530366897583008
2014-03-07 00:00:00,16.540950660328352,16.568670183679195,16.38397815161755,220729600,16.520706176757812
2014-03-10 00:00:00,16.45592198422611,16.610713836681434,16.455298232658095,178584000,16.535654067993164
2014-03-11 00:00:00,16.676740667350057,16.779207242029628,16.5876639588486,279224400,16.696672439575195
2014-03-12 00:00:00,16.64746934845915,16.735920669099738,16.56929412949631,199326400,16.712873458862305
2014-03-13 00:00:00,16.738723235522457,16.80786485871157,16.48083935226514,257742800,16.527246475219727
2014-03-14 00:00:00,16.469319682449026,16.534725464696976,16.288988878257694,237199200,16.341625213623047
2014-03-17 00:00:00,16.43536814529216,16.506066650269716,16.37774846453441,199544800,16.405467987060547
2014-03-18 00:00:00,16.37929937547534,16.568350941172834,16.35749801638406,209647200,16.55059814453125
2014-03-19 00:00:00,16.57739157499691,16.70134849683447,16.475856446516705,224756000,16.546245574951172
2014-03-20 00:00:00,16.5035713475251,16.590156371728014,16.424463024576475,208398400,16.466508865356445
2014-03-21 00:00:00,16.567113359991037,16.62379825255403,16.392700736983375,374046400,16.596389770507812
2014-03-24 00:00:00,16.769248049552544,16.834030074439056,16.664599139604803,355700800,16.793230056762695
2014-03-25 00:00:00,16.86516973860377,16.997536463140158,16.805680477579582,282293200,16.973865509033203
2014-03-26 00:00:00,17.02151957456896,17.098759977053295,16.78294708004244,299768000,16.811599731445312
2014-03-27 00:00:00,16.81907381333131,16.86516988224799,16.66646260836955,222031600,16.739341735839844
2014-03-28 00:00:00,16.766127762219917,16.785437447410605,16.639366473676805,200564000,16.72065544128418
2014-03-31 00:00:00,16.79447613915012,16.843685994438346,16.6916951562882,168669200,16.7169246673584
2014-04-01 00:00:00,16.748686683267227,16.87669548012874,16.71785339453658,200760000,16.869842529296875
2014-04-02 00:00:00,16.892578521338873,16.926838285142,16.8265506734033,180420800,16.897872924804688
2014-04-03 00:00:00,16.86175111705986,16.8963219370514,16.74495650258016,162344000,16.780773162841797
2014-04-04 00:00:00,16.812538347541032,16.818454840296138,16.525066992500427,275251200,16.56368637084961
2014-04-07 00:00:00,16.44533459222574,16.535033411169156,16.254415013218118,289850400,16.30362319946289
2014-04-08 00:00:00,16.35719476133207,16.386160127014318,16.155060953257912,243888400,16.302690505981445
2014-04-09 00:00:00,16.277775262728234,16.522265993084307,16.258465571537773,206169600,16.516971588134766
2014-04-10 00:00:00,16.528180558333748,16.576768319860474,16.294280328500825,239652000,16.303936004638672
2014-04-11 00:00:00,16.16440461317477,16.283692557017677,16.10647554267144,271717600,16.18340492248535
2014-04-14 00:00:00,16.254720777857198,16.262817903764283,16.108649824096226,205674000,16.24786949157715
2014-04-15 00:00:00,16.203963167011324,16.2466311190446,15.925523675569481,266490000,16.132017135620117
2014-04-16 00:00:00,16.134820366488277,16.229502570985144,16.013042381529136,214765600,16.16472053527832
2014-04-17 00:00:00,16.195548215215076,16.437236172361,16.170631416538892,284334400,16.34940528869629
2014-04-21 00:00:00,16.361863514870905,16.573651311363978,16.318882869278212,182548800,16.543441772460938
2014-04-22 00:00:00,16.45436807703194,16.564000346879016,16.397995889424607,202563200,16.559951782226562
2014-04-23 00:00:00,16.47771926537243,16.54219021146435,16.334138343349704,394940000,16.343482971191406
2014-04-24 00:00:00,17.6970595679477,17.752809646315082,17.464092537004134,759911600,17.6833553314209
2014-04-25 00:00:00,17.582450005830772,17.81479336488749,17.564698863418535,390275200,17.8132381439209
2014-04-28 00:00:00,17.840025854213685,18.55481051985246,17.832238104714534,669485600,18.503108978271484
2014-04-29 00:00:00,18.492197674002295,18.561963031625503,18.360453040796607,337377600,18.44828224182129
2014-04-30 00:00:00,18.457947760809258,18.66942458172363,18.369494761103546,456640800,18.37852668762207
2014-05-01 00:00:00,18.438004402320647,18.52521151481441,18.262346001015718,244048000,18.421810150146484
2014-05-02 00:00:00,18.448594664433074,18.50652537606053,18.36668195555499,191514400,18.45606803894043
2014-05-05 00:00:00,18.380077206284586,18.718315221623673,18.375715935384708,287067200,18.71706771850586
2014-05-06 00:00:00,18.743227970769706,18.824516926928393,18.513065338134766,374564400,18.513065338134766
2014-05-07 00:00:00,18.53922687366466,18.60276303298782,18.305014007594842,282864400,18.44828224182129
2014-05-08 00:00:00,18.42353999531618,18.616467555968804,18.36560017442383,230297200,18.41539764404297
2014-05-09 00:00:00,18.30734886590959,18.360904738477412,18.17549393632422,291597600,18.338668823242188
2014-05-12 00:00:00,18.399743581693954,18.59298230440945,18.396923530741834,213208800,18.566987991333008
2014-05-13 00:00:00,18.540991747167453,18.620541937803953,18.50027830750633,159737200,18.596113204956055
2014-05-14 00:00:00,18.55445880843133,18.710115240639418,18.53284845496287,166404000,18.599557876586914
2014-05-15 00:00:00,18.625558587635577,18.685064015662828,18.416971790143837,230846000,18.4414005279541
2014-05-16 00:00:00,18.435447656571164,18.714189482033394,18.334287099928428,276256400,18.713563919067383
2014-05-19 00:00:00,18.724212261480336,19.021118835951885,18.707925879856703,317755200,18.935304641723633
2014-05-20 00:00:00,18.932798125902046,18.99199076545354,18.814411174170846,234836000,18.939062118530273
2014-05-21 00:00:00,18.911496348412836,19.001381695554034,18.85606211675699,196859600,18.989168167114258
2014-05-22 00:00:00,18.99825249263064,19.10004026991638,18.919955103056694,200760000,19.019235610961914
2014-05-23 00:00:00,19.01861068036104,19.252878966625012,18.99418194752593,232209600,19.234086990356445
2014-05-27 00:00:00,19.288897793750657,19.601463506659737,19.28106822093236,348866000,19.594261169433594
2014-05-28 00:00:00,19.606467171539496,19.72579409739426,19.536312151969735,315481600,19.543516159057617
2014-05-29 00:00:00,19.66378996688195,19.94629020124691,19.66128436964413,376474000,19.89962387084961
2014-05-30 00:00:00,19.981050086672028,20.174916034199114,19.696671547932475,564020800,19.82508087158203
2014-06-02 00:00:00,19.855146912797903,19.88239402126725,19.496227727789538,369350800,19.688840866088867
2014-06-03 00:00:00,19.682889470094533,20.004851938640407,19.67631269725909,292709200,19.967267990112305
2014-06-04 00:00:00,19.96413889982196,20.29142537683936,19.922483770709768,335482000,20.195274353027344
2014-06-05 00:00:00,20.238490830179348,20.33777299295295,20.12605512312198,303805600,20.274507522583008
2014-06-06 00:00:00,20.354374770736754,20.396969913393704,20.184311999414085,349938400,20.218761444091797
2014-06-09 00:00:00,20.323055044420997,20.581752044895666,20.11478275847974,301660000,20.54228973388672
2014-06-10 00:00:00,20.76810188165252,20.838256912041007,20.513788851101843,251108000,20.66286849975586
2014-06-11 00:00:00,20.636558499081097,20.77467740908027,20.491864489353112,182724000,20.57736587524414
2014-06-12 00:00:00,20.616836090200376,20.634375271630756,20.14767385902237,218996000,20.23317527770996
2014-06-13 00:00:00,20.213435218959287,20.2660527422656,19.924045531285508,218100000,20.01173973083496
2014-06-16 00:00:00,20.062172912434924,20.33402354048933,20.049017689738374,142244000,20.213443756103516
2014-06-17 00:00:00,20.237551102576663,20.32305248689827,20.125742629311624,118904000,20.1871280670166
2014-06-18 00:00:00,20.22878144884482,20.233167078739452,20.02708596201258,134056000,20.20905113220215
2014-06-19 00:00:00,20.23316025213934,20.235353066346807,20.024886390736054,142112000,20.13888931274414
2014-06-20 00:00:00,20.136711162210243,20.290176488571323,19.928438821768953,403592000,19.930631637573242
2014-06-23 00:00:00,20.0205104599456,20.086281531515954,19.86266122627902,174776000,19.9130859375
2014-06-24 00:00:00,19.895545824326174,20.112587674073964,19.77277494731777,156144000,19.792505264282227
2014-06-25 00:00:00,19.777155898375977,19.88458039942898,19.65438504002969,147476000,19.810041427612305
2014-06-26 00:00:00,19.812236457236153,19.961316090163848,19.687272770269384,130516000,19.928430557250977
2014-06-27 00:00:00,19.910890107060514,20.169587051363543,19.89992770591635,256116000,20.165203094482422
2014-06-30 00:00:00,20.191518429326894,20.54887211202483,20.189325613676775,197929200,20.373483657836914
2014-07-01 00:00:00,20.50282859802246,20.623408353190957,20.417327198040446,152892000,20.50282859802246
2014-07-02 00:00:00,20.57956383095509,20.62121729049425,20.40855934382884,113860000,20.494062423706055
2014-07-03 00:00:00,20.53571655374866,20.629987553617674,20.432675964051338,91567200,20.614641189575195
2014-07-07 00:00:00,20.638755223142383,21.044339097352292,20.62998563413003,225872000,21.039955139160156
2014-07-08 00:00:00,21.10573116083415,21.221926997184223,20.590529771484746,260888000,20.904035568237305
2014-07-09 00:00:00,20.923762240271138,21.035570743329703,20.774682563564873,145744000,20.912799835205078
2014-07-10 00:00:00,20.555439509722834,20.947869700669397,20.50282199389165,158744000,20.8360595703125
2014-07-11 00:00:00,20.90621914951098,21.022413261906475,20.796601809873287,136072000,20.875526428222656
2014-07-14 00:00:00,21.01583970025496,21.24165118679092,20.96980061128795,171240000,21.145187377929688
2014-07-15 00:00:00,21.221915616669428,21.232876346020294,20.83386933436481,181911600,20.89744758605957
2014-07-16 00:00:00,21.259196502685782,21.28769642142799,20.77030221610328,213585200,20.779071807861328
2014-07-17 00:00:00,20.83387180781916,20.888680478963643,20.294554684472832,229192000,20.40855598449707
2014-07-18 00:00:00,20.524748199912757,20.770289933420607,20.39320607395914,199952000,20.702327728271484
2014-07-21 00:00:00,20.82510511520477,20.82729793069125,20.546677763035067,156316000,20.59490966796875
2014-07-22 00:00:00,20.757139607015013,20.80317868918331,20.63436872123289,220788000,20.76590919494629
2014-07-23 00:00:00,20.919376252952265,21.45869345498036,20.86456757381167,371672000,21.307422637939453
2014-07-24 00:00:00,21.274539312311983,21.33592477172409,21.13861317173638,182916000,21.27234649658203
2014-07-25 00:00:00,21.232876797732864,21.449918645978777,21.18683771917329,173876000,21.412649154663086
2014-07-28 00:00:00,21.445539090605358,21.756851974838742,21.386346455343887,221272000,21.708620071411133
2014-07-29 00:00:00,21.776587609840853,21.800703565587344,21.539813683945304,172572000,21.568313598632812
2014-07-30 00:00:00,21.581467295061717,21.638467120407263,21.41265561677001,132040000,21.51788902282715
2014-07-31 00:00:00,21.300840910142107,21.36441749124647,20.899641070708935,227372000,20.958833694458008
2014-08-01 00:00:00,20.805377299880533,21.182461322826782,20.78564530338164,194044000,21.075035095214844
2014-08-04 00:00:00,21.127646605409456,21.173685687258036,20.864563987181747,159832000,20.956642150878906
2014-08-05 00:00:00,20.906215393577366,20.976370411436584,20.686980753688868,223732000,20.853599548339844
2014-08-06 00:00:00,20.772488134708627,20.932530204051112,20.763718545862513,154232000,20.818527221679688
2014-08-07 00:00:00,20.915471811387054,21.14020278122991,20.73260148751666,186844000,20.816326141357422
2014-08-08 00:00:00,20.767848692256926,20.891230235873913,20.551929309979744,167460000,20.87360382080078
2014-08-11 00:00:00,20.990377227980357,21.168841750407026,20.895637342058013,146340000,21.149011611938477
2014-08-12 00:00:00,21.16003023912534,21.34510258128571,21.065290345605813,135180000,21.144607543945312
2014-08-13 00:00:00,21.184269542723914,21.424423217773438,21.160033634844865,127664000,21.424423217773438
2014-08-14 00:00:00,21.444253643377063,21.497131224469438,21.32748154803024,112464000,21.481708526611328
2014-08-15 00:00:00,21.56983695985167,21.633731468213643,21.340698554985643,195804000,21.58746337890625
2014-08-18 00:00:00,21.69981971037517,21.89370688384932,21.58745511405414,190288000,21.84743881225586
2014-08-19 00:00:00,21.90252507285289,22.18233728784633,21.8826949342602,277596000,22.149288177490234
2014-08-20 00:00:00,22.12946417864556,22.27267421746431,22.021503617666486,210796000,22.158105850219727
2014-08-21 00:00:00,22.158105115243274,22.23962604371669,22.05675572578727,133912000,22.160308837890625
2014-08-22 00:00:00,22.09641242602636,22.356396204747856,22.074380244293565,176736000,22.323347091674805
2014-08-25 00:00:00,22.426899836405934,22.51062279803147,22.31453352613263,161080000,22.37181854248047
2014-08-26 00:00:00,22.34538308840474,22.3630095091794,22.222001504878147,132608000,22.22861099243164
2014-08-27 00:00:00,22.257252762318387,22.59875752228421,22.186748759861008,209476000,22.501813888549805
2014-08-28 00:00:00,22.38283241935607,22.645019900257537,22.376222933442182,273840000,22.528247833251953
2014-08-29 00:00:00,22.662649264948147,22.671462474295744,22.5172338321345,178380000,22.583332061767578
2014-09-02 00:00:00,22.706714705035647,22.85653590913751,22.631804943458658,214256000,22.759593963623047
2014-09-03 00:00:00,22.715524926096922,22.7375571071356,21.71965588699872,501684000,21.798973083496094
2014-09-04 00:00:00,21.779143552577743,22.05234630317765,21.5455994013349,342872000,21.61830711364746
2014-09-05 00:00:00,21.768125267474534,21.898116297776692,21.660164734807765,233828000,21.805580139160156
2014-09-08 00:00:00,21.87828881845943,21.88049085975283,21.60288237150474,185426800,21.67118263244629
2014-09-09 00:00:00,21.829815928416405,22.711116514810794,21.18205945951334,759385200,21.58966064453125
2014-09-10 00:00:00,21.594075721007798,22.277083580676376,21.5389944148902,403478400,22.25284767150879
2014-09-11 00:00:00,22.12285093160069,22.349785585749242,21.948793847120825,249412400,22.34758186340332
2014-09-12 00:00:00,22.299118467037214,22.51503795278009,22.27047678952927,250504400,22.398265838623047
2014-09-15 00:00:00,22.651627258362332,22.70450650260133,22.34978289033167,245266000,22.391643524169922
2014-09-16 00:00:00,21.988455944656863,22.31013053951151,21.78795920295445,267632400,22.222000122070312
2014-09-17 00:00:00,22.312330451019164,22.429104209524965,22.162509259957492,243706000,22.380632400512695
2014-09-18 00:00:00,22.457748165154698,22.550284347630516,22.37622723433672,149197600,22.426902770996094
2014-09-19 00:00:00,22.537064824446755,22.550283798493425,22.142682516225122,283609600,22.24403190612793
2014-09-22 00:00:00,22.42910746623968,22.504017232173574,22.160310436104215,211153600,22.26606559753418
2014-09-23 00:00:00,22.16471784673002,22.680279760067886,22.151498870806623,253608800,22.614181518554688
2014-09-24 00:00:00,22.50842879616818,22.660452078658054,22.296915072711478,240687200,22.418094635009766
2014-09-25 00:00:00,22.144894854185658,22.18895923878271,21.530187107650217,400368000,21.563236236572266
2014-09-26 00:00:00,21.708643105432216,22.197765350341797,21.68000143270208,249482000,22.197765350341797
2014-09-29 00:00:00,21.73507672882645,22.129458955302646,21.730669284425865,199065200,22.056751251220703
2014-09-30 00:00:00,22.210984325302167,22.37182247142796,22.14929353422312,221056400,22.197765350341797
2014-10-01 00:00:00,22.162515864271864,22.184549733805408,21.746101280501076,205965200,21.851858139038086
2014-10-02 00:00:00,21.871684449269164,22.08099442257501,21.600685362572182,191031200,22.01049041748047
2014-10-03 00:00:00,21.909134814554015,22.078784450973085,21.82100441289124,173878400,21.948793411254883
2014-10-06 00:00:00,22.02149943775014,22.175728060896894,21.904727369949697,148204800,21.948793411254883
2014-10-07 00:00:00,21.906935619907394,22.058960552172014,21.7527086458331,168376800,21.75711441040039
2014-10-08 00:00:00,21.75931855873317,22.277082474335383,21.660171204076587,229618800,22.208782196044922
2014-10-09 00:00:00,22.371821788822718,22.55689415641297,22.16691927844898,309506000,22.257251739501953
2014-10-10 00:00:00,22.18454807138529,22.479783074390813,22.098621365677825,265326400,22.193361282348633
2014-10-13 00:00:00,22.32554918095088,22.424694831969507,21.99065399169922,214333600,21.99065399169922
2014-10-14 00:00:00,22.118447619044115,22.147089291101356,21.717455805503008,254754400,21.75711441040039
2014-10-15 00:00:00,21.58525846595537,21.845242249356026,20.970551003144973,403734400,21.49051856994629
2014-10-16 00:00:00,21.052067356701706,21.530172497020857,21.021221972226108,288618000,21.208498001098633
2014-10-17 00:00:00,21.48170063284841,21.81218833489223,21.329675752005087,272718800,21.519155502319336
2014-10-20 00:00:00,21.662368396259737,22.023701503038378,21.640336217738597,310069200,21.979637145996094
2014-10-21 00:00:00,22.69789903037691,22.69789903037691,22.312329970024653,378495600,22.57672119140625
2014-10-22 00:00:00,22.658242692991863,22.93805663748103,22.605365115816316,273052400,22.69129180908203
2014-10-23 00:00:00,22.931447231504766,23.145162944568984,22.832299882883824,284298800,23.096691131591797
2014-10-24 00:00:00,23.173796351529926,23.242096601306304,23.03058468633505,188215600,23.18260955810547
2014-10-27 00:00:00,23.101097391846277,23.239903346705518,23.06804827492989,136750800,23.158382415771484
2014-10-28 00:00:00,23.222270756560278,23.517505645751953,23.211253826866123,192243600,23.517505645751953
2014-10-29 00:00:00,23.49767695838476,23.656311331114885,23.433782464871378,210751600,23.649700164794922
2014-10-30 00:00:00,23.565983255950854,23.65190994971445,23.332439081203425,162619200,23.570390701293945
2014-10-31 00:00:00,23.797323961797197,23.803933448467568,23.621063139497657,178557200,23.795120239257812
2014-11-03 00:00:00,23.843602296794586,24.30187928697064,23.797334189269385,209130400,24.103586196899414
2014-11-04 00:00:00,24.094760448893982,24.123402115523817,23.733427308720508,166297600,23.92731285095215
2014-11-05 00:00:00,24.037469995305848,24.081536027396645,23.823754362270417,149743600,23.98459243774414
2014-11-06 00:00:00,24.031070140834306,24.073113990378662,23.85404669352975,139874000,24.053197860717773
2014-11-07 00:00:00,24.0642622328041,24.19039209146036,24.02000679364768,134766000,24.121795654296875
2014-11-10 00:00:00,24.124008563172183,24.192606692322215,24.04656069629655,108782000,24.081966400146484
2014-11-11 00:00:00,24.05319644274144,24.28554170841274,23.986813287004434,109769200,24.274477005004883
2014-11-12 00:00:00,24.203670656197346,24.65729654717254,24.2014590657978,187769600,24.61746597290039
2014-11-13 00:00:00,24.739165044926544,25.10427658530236,24.694907923988854,238091600,24.96487045288086
2014-11-14 00:00:00,25.037902686642987,25.26803473583291,24.608617740246675,176254400,25.26582145690918
2014-11-17 00:00:00,25.285720779116843,25.951775524869625,25.07108012253247,186986800,25.22376251220703
2014-11-18 00:00:00,25.21271050484472,25.599951530279732,25.201645800251818,176896000,25.55126953125
2014-11-19 00:00:00,25.54462784826567,25.611011001924584,25.181727872572964,167476800,25.37424087524414
2014-11-20 00:00:00,25.427349230988206,25.85884563532315,25.414071249767915,173582000,25.737140655517578
2014-11-21 00:00:00,26.002680674653696,26.015956968833006,25.67518468292403,228717200,25.77254867553711
2014-11-24 00:00:00,25.856637694779103,26.28149604032759,25.805744102344512,189803200,26.250516891479492
2014-11-25 00:00:00,26.347879088082085,26.498349952838534,25.989403933981958,275361600,26.02259635925293
2014-11-26 00:00:00,26.09782538831453,26.354509916771867,26.073484395757834,163073200,26.332382202148438
2014-11-28 00:00:00,26.392134842447447,26.420902399200486,26.122173944694627,99257600,26.3169002532959
2014-12-01 00:00:00,26.290340126287106,26.38770410304556,24.621884670558565,335256000,25.462751388549805
2014-12-02 00:00:00,25.115348121833108,25.61322947226592,24.949387671688836,237395600,25.365394592285156
2014-12-03 00:00:00,25.613230336178383,25.745998363124553,25.471610882337526,172253600,25.653060913085938
2014-12-04 00:00:00,25.617647138547397,25.93407837538118,25.511433425731827,168178000,25.555688858032227
2014-12-05 00:00:00,25.666334841007735,25.68625097174233,25.367606385884066,153275600,25.447267532348633
2014-12-08 00:00:00,25.24810922534383,25.369814197392564,24.699334432664987,230659600,24.871932983398438
2014-12-09 00:00:00,24.382907834871414,25.292371160609665,24.197031268382258,240832000,25.252540588378906
2014-12-10 00:00:00,25.316709602251393,25.414071900351615,24.681633789235363,178261200,24.772357940673828
2014-12-11 00:00:00,24.84095834890767,25.181730644221464,24.637378932531213,165606800,24.699338912963867
2014-12-12 00:00:00,24.44264650820266,24.75465285777591,24.247920254610754,224112400,24.281112670898438
2014-12-15 00:00:00,24.495759380289943,24.694912238714423,23.533189200847943,268872400,23.94919776916504
2014-12-16 00:00:00,23.537612379467102,24.376265854733415,23.513271384251297,243162800,23.6216983795166
2014-12-17 00:00:00,23.703571630097002,24.305453270050986,23.637186793985563,213647200,24.210304260253906
2014-12-18 00:00:00,24.754658956506947,24.927257537841797,24.486909658764827,236024800,24.927257537841797
2014-12-19 00:00:00,24.840964286797643,25.05781836131895,24.708196244893564,353719200,24.73474884033203
2014-12-22 00:00:00,24.81882790479596,25.113129760427327,24.77678405903291,180670000,24.991426467895508
2014-12-23 00:00:00,25.05559817156092,25.07772588957793,24.885211197532936,104113600,24.90291404724121
2014-12-24 00:00:00,24.911764841069203,24.940530704938997,24.785634994506836,57918400,24.785634994506836
2014-12-26 00:00:00,24.805542522329652,25.34104090146291,24.785628088638422,134884000,25.22376251220703
2014-12-29 00:00:00,25.179515670748295,25.396369678836002,25.159599542033536,110395600,25.206069946289062
2014-12-30 00:00:00,25.14631613929039,25.208274409799287,24.807757240983744,119526000,24.898481369018555
2014-12-31 00:00:00,24.964878696771223,25.03347514658085,24.387336161651763,165613600,24.42495346069336
2015-01-02 00:00:00,24.648435649103693,24.659500349797334,23.75446219426633,212818400,24.192598342895508
2015-01-05 00:00:00,23.962471339063004,24.042132473375155,23.325183952802462,257142000,23.511058807373047
2015-01-06 00:00:00,23.57522961465761,23.7721691658831,23.15258296070491,263188400,23.51327133178711
2015-01-07 00:00:00,23.721270657271436,23.942551173433433,23.610630399190438,160423600,23.842975616455078
2015-01-08 00:00:00,24.170475495010283,24.816614303203295,24.05319538405384,237458000,24.75908088684082
2015-01-09 00:00:00,24.93167928030907,25.060022405088077,24.387329327343235,214798000,24.785634994506836
2015-01-12 00:00:00,24.916191524620462,24.9228296715174,24.075326382352763,198603200,24.174901962280273
2015-01-13 00:00:00,24.657294735965763,24.960449733893075,24.099668425353194,268367600,24.389545440673828
2015-01-14 00:00:00,24.128432366224875,24.449288501616856,24.008940661725582,195826400,24.296606063842773
2015-01-15 00:00:00,24.340868021116325,24.35414431798287,23.60179156610171,240056000,23.637195587158203
2015-01-16 00:00:00,23.68365559685356,23.805360567456344,23.27871180910595,314053200,23.453523635864258
2015-01-20 00:00:00,23.86289871883009,24.112946873374245,23.566383529841232,199599600,24.057626724243164
2015-01-21 00:00:00,24.10852133204305,24.575423545445133,23.95805045253569,194303600,24.241291046142578
2015-01-22 00:00:00,24.398392763814055,24.88742255363768,24.278901069867082,215185600,24.871932983398438
2015-01-23 00:00:00,24.849813311808354,25.170669522737423,24.679426295780132,185859200,25.00028419494629
2015-01-26 00:00:00,25.168446258435488,25.30564079070656,24.960443714443343,222460000,25.026826858520508
2015-01-27 00:00:00,24.87636428093233,24.88964226473819,24.12622319302464,382274800,24.150564193725586
2015-01-28 00:00:00,26.02923041081558,26.13765909552136,25.515859603881836,585908400,25.515859603881836
2015-01-29 00:00:00,25.739352750639867,26.374428518206834,25.571179064885065,337745600,26.310256958007812
2015-01-30 00:00:00,26.19961358023362,26.553662070188867,25.856628103199135,334982000,25.92522621154785
2015-02-02 00:00:00,26.122175426924652,26.37000861770944,25.686252376114563,250956400,26.250516891479492
2015-02-03 00:00:00,26.221745704792397,26.35230042157659,26.0248061463723,207662800,26.25493812561035
2015-02-04 00:00:00,26.22174390407791,26.66651826072673,26.179700061379986,280598800,26.456300735473633
2015-02-05 00:00:00,26.662910718347398,26.709564529534767,26.491852958626215,168984800,26.645139694213867
2015-02-06 00:00:00,26.662913799380256,26.71400994878048,26.314132198822115,174826400,26.420766830444336
2015-02-09 00:00:00,26.336346130625422,26.622923176725912,26.309687051846403,155559200,26.59626579284668
2015-02-10 00:00:00,26.69623153945443,27.136096970685305,26.69401122096662,248034000,27.107215881347656
2015-02-11 00:00:00,27.27382989020448,27.751461049965634,27.213849091024947,294247200,27.74257469177246
2015-02-12 00:00:00,28.004725957772386,28.32018584997547,27.895870998542506,297898000,28.09358787536621
2015-02-13 00:00:00,28.275751442097746,28.275751442097746,27.91364115272803,217088800,28.231321334838867
2015-02-17 00:00:00,28.32239314213835,28.63118854509799,28.195765518652458,252609600,28.397926330566406
2015-02-18 00:00:00,28.353491635646243,28.608968869421037,28.313503879969325,179566800,28.595640182495117
2015-02-19 00:00:00,28.542318410607532,28.664503674867408,28.50899669753569,149449600,28.535654067993164
2015-02-20 00:00:00,28.57343012705251,28.7689266204834,28.446804181843213,195793600,28.7689266204834
2015-02-23 00:00:00,28.88445106110666,29.54646873474121,28.804475521420645,283896400,29.54646873474121
2015-02-24 00:00:00,29.533133311671225,29.679755665976195,29.139920048689255,276912400,29.36207389831543
2015-02-25 00:00:00,29.22656760722152,29.235455661833292,28.469021967049812,298846800,28.6112003326416
2015-02-26 00:00:00,28.61119665484146,29.07327713106697,28.126902824541162,365150000,28.973308563232422
2015-02-27 00:00:00,28.880008831472114,29.006638189606278,28.489019163004695,248059200,28.537893295288086
2015-03-02 00:00:00,28.713384708226034,28.94220289932046,28.502339231657224,192386800,28.677839279174805
2015-03-03 00:00:00,28.648970903986015,28.77337655633723,28.455694689269144,151265200,28.737831115722656
2015-03-04 00:00:00,28.680065445448587,28.782254325481713,28.506785701219396,126665200,28.55565643310547
2015-03-05 00:00:00,28.564547284367382,28.602313038496664,27.93807338891241,226068400,28.082473754882812
2015-03-06 00:00:00,28.524555513955516,28.740045038751425,28.049148063282413,291368400,28.124679565429688
2015-03-09 00:00:00,28.426808359176277,28.78447791228204,27.78256181176065,354114000,28.24464225769043
2015-03-10 00:00:00,28.08247211064381,28.26241620675902,27.502650362161962,275426400,27.66037940979004
2015-03-11 00:00:00,27.713694548877402,27.718136880404018,27.12720848319452,275756000,27.15608787536621
2015-03-12 00:00:00,27.171637920724486,27.74701729622156,27.020573228981956,193450800,27.64704704284668
2015-03-13 00:00:00,27.635939424321684,27.858093275490027,27.231619482991277,207309200,27.45599365234375
2015-03-16 00:00:00,27.520416950669613,27.758121490478516,27.29604279372521,143497200,27.758121490478516
2015-03-17 00:00:00,27.969172096263538,28.284630179522154,27.91363362970817,204092400,28.222427368164062
2015-03-18 00:00:00,28.213546926091023,28.6934001912993,28.073590571188532,261083600,28.54011344909668
2015-03-19 00:00:00,28.602311639224784,28.713388577629537,28.302404244511855,183238000,28.32461929321289
2015-03-20 00:00:00,28.491232760007673,28.52455448333958,27.80477814097911,274780400,27.96917152404785
2015-03-23 00:00:00,28.240201742859963,28.40237312558268,28.106908059378792,150838800,28.260194778442383
2015-03-24 00:00:00,28.264633763244095,28.444576136086017,28.115789402561358,131369200,28.144670486450195
2015-03-25 00:00:00,28.11135075836797,28.17355357044147,27.409343719482422,206620800,27.409343719482422
2015-03-26 00:00:00,27.27160843766041,27.74257353801557,27.23606300636597,190291600,27.60039520263672
2015-03-27 00:00:00,27.673707595254548,27.702586988271232,27.304933051374206,158184800,27.380464553833008
2015-03-30 00:00:00,27.55818859325754,28.080249855252642,27.54708022165996,188398800,28.073585510253906
2015-03-31 00:00:00,28.01138128639751,28.100243175381227,27.62705603177481,168362400,27.642606735229492
2015-04-01 00:00:00,27.729248729123714,27.79589557467753,27.347143763734493,162485600,27.60262107849121
2015-04-02 00:00:00,27.775901475674658,27.89364276992168,27.58929301571328,128880400,27.8403263092041
2015-04-06 00:00:00,27.651485990347012,28.32683380027669,27.620384591427147,148776000,28.291288375854492
2015-04-07 00:00:00,28.355724453744553,28.46235737958407,27.98694985077485,140049200,27.993614196777344
2015-04-08 00:00:00,27.958069147493138,28.080254475572733,27.762574317465607,149316800,27.902530670166016
2015-04-09 00:00:00,27.9580622872825,28.1202353470404,27.693700352605102,129936000,28.11579132080078
2015-04-10 00:00:00,27.98028052660932,28.26019489016697,27.826995501839317,160752000,28.23575782775879
2015-04-13 00:00:00,28.51789280584231,28.56232629417243,28.126903193051565,145460400,28.180219650268555
2015-04-14 00:00:00,28.21353617655832,28.27796099011317,27.971389317413493,102098400,28.058029174804688
2015-04-15 00:00:00,28.082473184828803,28.24242255699414,27.993611292581647,115881600,28.164669036865234
2015-04-16 00:00:00,28.053594703562297,28.235760836901022,28.015828946688366,113476000,28.029157638549805
2015-04-17 00:00:00,27.891417382065,28.022487343944757,27.64926879695406,207828000,27.713693618774414
2015-04-20 00:00:00,27.895856455518796,28.46234770691129,27.806994584251576,188217200,28.34682846069336
2015-04-21 00:00:00,28.457917623512692,28.48013098094247,28.140235765089624,129740400,28.193553924560547
2015-04-22 00:00:00,28.211322683269117,28.628971396175867,28.06247998022732,150618000,28.57343292236328
2015-04-23 00:00:00,28.50234240405872,28.973307527112027,28.46679697105117,183083600,28.806692123413086
2015-04-24 00:00:00,28.988861142932812,29.019962550671096,28.70894508348904,178103600,28.94220733642578
2015-04-27 00:00:00,29.393170832447517,29.57533858854581,29.13547159251256,387816800,29.46870231628418
2015-04-28 00:00:00,29.87080802009011,29.8885773449825,28.784475834361594,475696000,29.004405975341797
2015-04-29 00:00:00,28.915551915727747,29.233230359891007,28.502345533592692,253544400,28.577877044677734
2015-04-30 00:00:00,28.577873518344195,28.577873518344195,27.675929354283394,332781600,27.80255699157715
2015-05-01 00:00:00,28.013603654255334,28.90888520558984,27.835881568938238,234050400,28.64674186706543
2015-05-04 00:00:00,28.768927471606737,29.00663375040625,28.49345543996789,203953200,28.591203689575195
2015-05-05 00:00:00,28.46902006448425,28.535666910420105,27.942516422209852,197085600,27.94696044921875
2015-05-06 00:00:00,28.11580097034055,28.15801075960658,27.404909068965313,288564000,27.77146339416504
2015-05-07 00:00:00,27.83392405606505,28.12616246190413,27.666612654256106,175763600,27.943235397338867
2015-05-08 00:00:00,28.26000999669395,28.469707489013672,28.132853405005918,222201600,28.469707489013672
2015-05-11 00:00:00,28.41839260613247,28.456316106647098,28.025768130626794,168143200,28.17969512939453
2015-05-12 00:00:00,28.01907641863355,28.304620877619083,27.845072870312944,192640000,28.079309463500977
2015-05-13 00:00:00,28.141771708406623,28.373777003589282,28.079309071622678,138776800,28.11054039001465
2015-05-14 00:00:00,28.422853001376712,28.76639747619629,28.367082551285613,180814000,28.76639747619629
2015-05-15 00:00:00,28.793173016301076,28.886866975073346,28.601322509112556,152832000,28.726247787475586
2015-05-18 00:00:00,28.63924085196594,29.161251415641654,28.634778263125877,203531600,29.043018341064453
2015-05-19 00:00:00,29.154565982832896,29.196952076729875,28.92032937190029,178532800,29.01625633239746
2015-05-20 00:00:00,29.000636555253806,29.21925578540813,28.853401737330955,145819600,29.014020919799805
2015-05-21 00:00:00,29.016254208871537,29.364261306407442,28.96271334618968,158921600,29.310720443725586
2015-05-22 00:00:00,29.357574281479813,29.66319534191092,29.312955186093877,182384000,29.56726837158203
2015-05-26 00:00:00,29.58064732858694,29.64980214028677,28.804320232449268,282790400,28.915861129760742
2015-05-27 00:00:00,29.07648815099333,29.504804903930342,29.01179591081366,183332800,29.455726623535156
2015-05-28 00:00:00,29.41557110701242,29.43564765535413,29.246030136640115,122933200,29.397724151611328
2015-05-29 00:00:00,29.275024032017086,29.32410230095591,28.978324825780795,203538000,29.06309700012207
2015-06-01 00:00:00,29.063105134547904,29.310726141151616,29.01179725864526,128451200,29.121105194091797
2015-06-02 00:00:00,28.969408745984822,29.147874904120354,28.84894604651967,134670400,28.991718292236328
2015-06-03 00:00:00,29.147880448236847,29.210343104871264,28.978336033978163,123934000,29.027414321899414
2015-06-04 00:00:00,28.906942652613985,29.13002447267988,28.757478241644847,153800400,28.857864379882812
2015-06-05 00:00:00,28.889099080250205,28.931485175657727,28.63478591176388,142507200,28.699478149414062
2015-06-08 00:00:00,28.75524706027214,28.824405288183716,28.293469433641413,210699200,28.509859085083008
2015-06-09 00:00:00,28.26446398862062,28.57231796852488,28.02353693293006,224301600,28.42508316040039
2015-06-10 00:00:00,28.536623891216717,28.853399643667018,28.521008233053088,156349200,28.750783920288086
2015-06-11 00:00:00,28.81770601035133,29.040787815926894,28.66154942724008,141563600,28.68608856201172
2015-06-12 00:00:00,28.596858599647057,28.6280899177964,28.35592982936992,147544800,28.369314193725586
2015-06-15 00:00:00,28.130614405952066,28.384927519681423,28.043612640833025,175955600,28.313541412353516
2015-06-16 00:00:00,28.338083906573015,28.521010934665533,28.190850787366475,125976400,28.465240478515625
2015-06-17 00:00:00,28.492007468879212,28.52769967147499,28.273386558306026,131672400,28.398313522338867
2015-06-18 00:00:00,28.382696715821655,28.623623754034263,28.380465421381277,141628800,28.527698516845703
2015-06-19 00:00:00,28.48977023294314,28.514309361726053,28.197533683592244,218867600,28.242149353027344
2015-06-22 00:00:00,28.440697833356523,28.56785438961377,28.34923518158224,136157200,28.46746826171875
2015-06-23 00:00:00,28.438471107204354,28.467471131035477,28.304620653881102,121075600,28.338083267211914
2015-06-24 00:00:00,28.378239833926724,28.956022667693063,28.358163285862766,221123600,28.57901382446289
2015-06-25 00:00:00,28.746319685718866,28.82216667760684,28.442928314208984,127752400,28.442928314208984
2015-06-26 00:00:00,28.480850521823633,28.552236623539226,28.22207654134671,176267200,28.275615692138672
2015-06-29 00:00:00,27.98784642073102,28.213159547462322,27.769227178618095,196645600,27.780380249023438
2015-06-30 00:00:00,28.012380988668923,28.135076656967197,27.85399311812508,177482800,27.981149673461914
2015-07-01 00:00:00,28.309074559158688,28.317998033441445,28.10606934867799,120955200,28.242149353027344
2015-07-02 00:00:00,28.20423537998648,28.262237131404994,28.057000557611623,108844000,28.206466674804688
2015-07-06 00:00:00,27.871848285896704,28.159624091112555,27.851770033357234,112241600,28.108314514160156
2015-07-07 00:00:00,28.083769735230312,28.141771484058385,27.610835671669097,187787200,28.039154052734375
2015-07-08 00:00:00,27.769228694850813,27.80492090486777,27.336449372781665,243046400,27.343141555786133
2015-07-09 00:00:00,27.628685718469345,27.675532700928322,26.595817405444773,314380000,26.785436630249023
2015-07-10 00:00:00,27.202595177161108,27.628680529200455,27.039744714646353,245418000,27.501523971557617
2015-07-13 00:00:00,27.8919185362896,28.05476900706943,27.733530654834784,165762000,28.032461166381836
2015-07-14 00:00:00,28.117237981991295,28.190855404641713,27.89415612085393,127072400,28.021312713623047
2015-07-15 00:00:00,28.045837757188796,28.36484472634468,28.014606448486433,134596800,28.291227340698242
2015-07-16 00:00:00,28.496471156000958,28.681631176702723,28.40946938252491,144889600,28.668243408203125
2015-07-17 00:00:00,28.795398458405888,28.915861129760742,28.62362452343796,184658800,28.915861129760742
2015-07-20 00:00:00,29.217020564558172,29.66318411792523,29.156787531745444,235600800,29.462411880493164
2015-07-21 00:00:00,29.636419011620063,29.652032967835815,29.072022320033117,307025600,29.167945861816406
2015-07-22 00:00:00,27.21374832042403,27.996765915409135,27.21374832042403,461802400,27.934303283691406
2015-07-23 00:00:00,28.152928766451414,28.351471476632568,27.898615593815336,203998000,27.92092514038086
2015-07-24 00:00:00,27.956620151814057,28.05031412964884,27.63984430181288,168649200,27.773693084716797
2015-07-27 00:00:00,27.459140555013633,27.575144055147923,27.24275261810859,177822000,27.387754440307617
2015-07-28 00:00:00,27.52383804321289,27.642072853388193,27.33868140119759,134472400,27.52383804321289
2015-07-29 00:00:00,27.472530155609952,27.550608462679147,27.2762170384309,148046800,27.43683624267578
2015-07-30 00:00:00,27.287373897125367,27.343144363862624,27.151293822128096,134513200,27.29852867126465
2015-07-31 00:00:00,27.34983895801678,27.358762437718752,26.97283172699172,171540000,27.059833526611328
2015-08-03 00:00:00,27.104437988238725,27.343135439891377,26.216571698683264,279904000,26.42180824279785
2015-08-04 00:00:00,26.194267700722214,26.256730339924655,25.26401689121604,496554400,25.574100494384766
2015-08-05 00:00:00,25.19709691807112,26.198735754996182,25.00747766608959,397250400,25.743648529052734
2015-08-06 00:00:00,25.987901363976874,26.10666963037693,25.573332274014806,211612000,25.799663543701172
2015-08-07 00:00:00,25.676413337974065,26.05064586175011,25.6584856014657,154681600,25.88705825805664
2015-08-10 00:00:00,26.113390594310268,26.888747227754624,26.113390594310268,219806400,26.828243255615234
2015-08-11 00:00:00,26.400227308211978,26.48314180457779,25.396298032277432,388331200,25.432151794433594
2015-08-12 00:00:00,25.217037294201674,25.864662133618207,24.567171059201016,404870000,25.824325561523438
2015-08-13 00:00:00,26.003592948948665,26.084266072518957,25.667455503966934,194143200,25.80415153503418
2015-08-14 00:00:00,25.61815048241141,26.06409226748677,25.548682636658828,171718000,25.985660552978516
2015-08-17 00:00:00,26.00359060358621,26.364378232100474,25.882580929145096,163538800,26.254573822021484
2015-08-18 00:00:00,26.09098784904427,26.317320867981202,25.99686977729429,138242800,26.106674194335938
2015-08-19 00:00:00,26.017030824945476,26.1111488736232,25.698821207216227,193146000,25.77277183532715
2015-08-20 00:00:00,25.564374295756885,25.624878285335786,25.015348760661098,274006400,25.24392318725586
2015-08-21 00:00:00,24.746427687429772,25.07584250956175,23.675270449260967,513102000,23.699920654296875
2015-08-24 00:00:00,21.25957380369911,24.381170314711177,20.616430202546656,648825200,23.10832977294922
2015-08-25 00:00:00,24.898816679691027,24.898816679691027,23.19347954452205,414406400,23.24726104736328
2015-08-26 00:00:00,23.99796883503398,24.62542600444196,23.540823471522817,387098400,24.580608367919922
2015-08-27 00:00:00,25.149794654217438,25.37612588195541,24.654550839054817,338464400,25.30441665649414
2015-08-28 00:00:00,25.13635164326541,25.391815902863165,24.99517456601919,212657600,25.3873348236084
2015-08-31 00:00:00,25.104978531809078,25.66520746167961,25.09825605819991,224917200,25.268566131591797
2015-09-01 00:00:00,24.683691397569483,25.071368928809964,24.058475595083692,307383600,24.139148712158203
2015-09-02 00:00:00,24.70161446705182,25.17444610595703,24.455112372767545,247555200,25.17444610595703
2015-09-03 00:00:00,25.208063358035563,25.273050126560126,24.65903962729395,212935600,24.732990264892578
2015-09-04 00:00:00,24.41925998608582,24.75091457032204,24.316178063434936,199985200,24.486486434936523
2015-09-08 00:00:00,25.042233872637542,25.223747503944658,24.721782847311772,219374400,25.167724609375
2015-09-09 00:00:00,25.492657928736982,25.55092050698643,24.59853131779331,340043200,24.683687210083008
2015-09-10 00:00:00,24.710575216197196,25.385091280879728,24.62766243437784,251571200,25.22598648071289
2015-09-11 00:00:00,25.051198903061266,25.5935001373291,25.04447642895034,199662000,25.5935001373291
2015-09-14 00:00:00,26.124599351683436,26.194067201152144,25.73916152298625,233453600,25.840002059936523
2015-09-15 00:00:00,25.978943224181307,26.113397862780076,25.640564377789012,173364800,26.057374954223633
2015-09-16 00:00:00,26.050644696433867,26.11563145610736,25.869131074034687,148694000,26.08650016784668
2015-09-17 00:00:00,25.91842967064913,26.104424359060356,25.483691513581718,256450400,25.52850914001465
2015-09-18 00:00:00,25.14531230866613,25.61366453139606,25.06912200325826,297141200,25.423185348510742
2015-09-21 00:00:00,25.472485711608034,25.85344236693549,25.470246027111912,200888000,25.81758689880371
2015-09-22 00:00:00,25.407502608336912,25.58677655538758,25.21478371364652,201384800,25.411985397338867
2015-09-23 00:00:00,25.463528861425985,25.70778960375562,25.38957992997141,143026800,25.618152618408203
2015-09-24 00:00:00,25.378370450890582,25.88257648633874,25.181170483623408,200878000,25.770530700683594
2015-09-25 00:00:00,26.09322655456149,26.149249454783625,25.550923581051936,224607600,25.705547332763672
2015-09-28 00:00:00,25.51282568676956,25.674171895678256,25.196857452392578,208436000,25.196857452392578
2015-09-29 00:00:00,25.28425458365043,25.436636933681488,24.170519104557986,293461600,24.439428329467773
2015-09-30 00:00:00,24.68817503766251,24.995181193347733,24.365484245585396,265892000,24.717308044433594
2015-10-01 00:00:00,24.441666803205894,24.56491784720905,24.04726517207875,255716400,24.555953979492188
2015-10-02 00:00:00,24.204129776630648,24.876404453917548,24.101047864608606,232079200,24.735225677490234
2015-10-05 00:00:00,24.62317879043792,24.95707642944402,24.44166518283313,208258800,24.824861526489258
2015-10-06 00:00:00,24.791255476857412,25.03999731355526,24.598536545547667,192787200,24.94363784790039
2015-10-07 00:00:00,25.039989208383076,25.046711681304316,24.517857198533786,187062400,24.824861526489258
2015-10-08 00:00:00,24.692652458794942,24.692652458794942,24.24895036534952,247918400,24.538028717041016
2015-10-09 00:00:00,24.650072132888642,25.1610006271847,24.53578495610675,211064400,25.125146865844727
2015-10-12 00:00:00,25.261841954546423,25.266323033422697,24.972763641064162,121868800,25.008617401123047
2015-10-13 00:00:00,24.83382228110448,25.199090844735064,24.802449604948855,132197200,25.051191329956055
2015-10-14 00:00:00,24.939151420302792,24.99069152478597,24.551472245882195,177849600,24.697132110595703
2015-10-15 00:00:00,24.858475967760334,25.120662673656284,24.759875137638975,150694000,25.06688117980957
2015-10-16 00:00:00,25.048958329565178,25.098258754238888,24.768843834540192,156930400,24.88313102722168
2015-10-19 00:00:00,24.829346920645275,25.04223323067941,24.67472318849822,119036800,25.037752151489258
2015-10-20 00:00:00,24.950347778047092,25.584527158501185,24.833820945689826,195871200,25.494890213012695
2015-10-21 00:00:00,25.546443938336843,25.90050909798165,25.479215770415255,167180800,25.49266242980957
2015-10-22 00:00:00,25.62039681781059,25.882583618164062,25.568854989946587,166616400,25.882583618164062
2015-10-23 00:00:00,26.151490578266074,26.71844379583291,26.068577775574017,237467600,26.684829711914062
2015-10-26 00:00:00,26.46073580242905,26.47193935630753,25.752605545474786,265335200,25.83327865600586
2015-10-27 00:00:00,25.860166664731032,26.11563090930809,25.54419674083244,279537600,25.669689178466797
2015-10-28 00:00:00,26.203033871749046,26.734131640352047,26.008073541827667,342205600,26.727407455444336
2015-10-29 00:00:00,26.59967562704942,27.045619198870167,26.503316158378205,204909200,27.009763717651367
2015-10-30 00:00:00,27.112834200162197,27.16437600520498,26.76773303289212,197461200,26.77893829345703
2015-11-02 00:00:00,27.070264209002307,27.195754949768546,26.803594675190933,128813200,27.155418395996094
2015-11-03 00:00:00,27.068026604130726,27.67307328574472,27.047857469579135,182076000,27.466909408569336
2015-11-04 00:00:00,27.592395229520825,27.747018964575663,27.254018179602827,179544400,27.33917236328125
2015-11-05 00:00:00,27.42244163026454,27.611485208849075,27.046607179020967,158210800,27.213144302368164
2015-11-06 00:00:00,27.255905022265036,27.41343990989622,27.145630600923205,132169200,27.244651794433594
2015-11-09 00:00:00,27.22214811933713,27.413440980934922,27.01735275741527,135485600,27.13437843322754
2015-11-10 00:00:00,26.30843822890864,26.57174724647798,26.11939466862718,236511600,26.2791805267334
2015-11-11 00:00:00,26.18916134612279,26.425463648090126,25.928101602614554,180872000,26.130647659301758
2015-11-12 00:00:00,26.1644067438392,26.290434643627425,26.02712561714073,130102400,26.042879104614258
2015-11-13 00:00:00,25.925856862877318,26.009126294308526,25.266457813116027,183249600,25.282211303710938
2015-11-16 00:00:00,25.066159438063565,25.70980491355159,24.980640745523743,152426800,25.69630241394043
2015-11-17 00:00:00,25.86283868024117,25.892096384430133,25.502757727542303,110467600,25.586027145385742
2015-11-18 00:00:00,26.05187848720456,26.4412153708044,25.993364804287395,186698800,26.39620590209961
2015-11-19 00:00:00,26.47497528260345,26.949832595551136,26.27693120190066,173183200,26.73153305053711
2015-11-20 00:00:00,26.826059597565344,26.9880964780301,26.74729214650655,137148400,26.84856605529785
2015-11-23 00:00:00,26.841807516150237,26.94533239262618,26.407459413897218,129930000,26.499731063842773
2015-11-24 00:00:00,26.405212037935286,26.859813920179256,26.35795157371696,171212800,26.754039764404297
2015-11-25 00:00:00,26.828309917474165,26.83281189570902,26.53799413338403,85553200,26.5627498626709
2015-11-27 00:00:00,26.62126215040447,26.64826886737804,26.465976532559118,52185600,26.51323699951172
2015-11-30 00:00:00,26.553745347418406,26.873318811641276,26.499733632240492,156721200,26.623512268066406
2015-12-01 00:00:00,26.724789422787588,26.738291924844845,26.2994434379661,139409600,26.407466888427734
2015-12-02 00:00:00,26.407464317353075,26.580754422891076,26.12390149974809,133546400,26.16891098022461
2015-12-03 00:00:00,26.22967370928731,26.283685425226995,25.7053048875768,166278000,25.925853729248047
2015-12-04 00:00:00,25.946108370159006,26.837309381309492,25.90559915524301,231108000,26.787797927856445
2015-12-07 00:00:00,26.77654561210243,26.97458970295678,26.513234864567096,128336800,26.619009017944336
2015-12-08 00:00:00,26.447969985021057,26.691025267759507,26.29943734579293,137238000,26.607757568359375
2015-12-09 00:00:00,26.474980043173172,26.486233271703043,25.89885045607709,185445600,26.02037811279297
2015-12-10 00:00:00,26.114895700999856,26.31744176954201,25.99561904869208,116850800,26.14415168762207
2015-12-11 00:00:00,25.92360702162482,25.96861650319326,25.396987158865464,187544800,25.471254348754883
2015-12-14 00:00:00,25.246204760418422,25.35873018692822,24.708333359061726,257274800,25.313720703125
2015-12-15 00:00:00,25.192186576096002,25.385730397420048,24.834354918717334,213292400,24.865861892700195
2015-12-16 00:00:00,24.99640025862877,25.203446648575184,24.485535535195485,224954000,25.05716323852539
2015-12-17 00:00:00,25.210190144944047,25.261952585008626,24.526037216186523,179091200,24.526037216186523
2015-12-18 00:00:00,24.51028426520113,24.647563678113645,23.812625388457732,385813200,23.862136840820312
2015-12-21 00:00:00,24.14345563266869,24.163711102613128,23.758618873742133,190362400,24.154708862304688
2015-12-22 00:00:00,24.170450827009017,24.242466998131164,23.956651584895702,131157600,24.132192611694336
2015-12-23 00:00:00,24.141206660296216,24.49678745567982,24.12545316769071,130629600,24.44277572631836
2015-12-24 00:00:00,24.53054017780593,24.53054017780593,24.294236122320022,54281600,24.312240600585938
2015-12-28 00:00:00,24.21322257486078,24.235729035737158,23.895901737126245,106816800,24.039934158325195
2015-12-29 00:00:00,24.07143099304826,24.627306689063776,24.048926258663258,123724800,24.472021102905273
2015-12-30 00:00:00,24.43602082511842,24.46302582726484,24.12094930306407,100855200,24.152456283569336
2015-12-31 00:00:00,24.082685469836317,24.087185730146636,23.589823691295113,163649200,23.688846588134766
2016-01-04 00:00:00,23.09247131928628,23.713612239205943,22.955190142836607,270597600,23.709110260009766
2016-01-05 00:00:00,23.79912394460722,23.821628682951236,23.047455038507994,223164000,23.11496925354004
2016-01-06 00:00:00,22.631105943121526,23.03844902348601,22.475822072099724,273829600,22.662612915039062
2016-01-07 00:00:00,22.208012167974665,22.534335128762088,21.70164788723477,324377600,21.706148147583008
2016-01-08 00:00:00,22.178756413862704,22.304784308939336,21.775915286955563,283192000,21.820924758911133
2016-01-11 00:00:00,22.27328210570374,22.29353585732134,21.906448134391603,198957600,22.174259185791016
2016-01-12 00:00:00,22.628859360355968,22.660366336017216,22.244020968919553,196616800,22.496078491210938
2016-01-13 00:00:00,22.577096838183675,22.772891657948627,21.8974441580709,249758400,21.91769790649414
2016-01-14 00:00:00,22.045975976632942,22.61310494938619,21.546362930112668,252680400,22.39705467224121
2016-01-15 00:00:00,21.649886945952915,21.989714145273158,21.46084509223923,319335600,21.85918426513672
2016-01-19 00:00:00,22.14725699216228,22.201268720326865,21.49235813478439,212350800,21.75341796875
2016-01-20 00:00:00,21.402328884164366,22.097736688815445,21.024243504208727,289337600,21.782665252685547
2016-01-21 00:00:00,21.843436946251522,22.02797859142337,21.36633019956434,208646000,21.672399520874023
2016-01-22 00:00:00,22.196761635137154,22.833655864278438,22.13824965850337,263202000,22.82465362548828
2016-01-25 00:00:00,22.847155548897288,22.849406537567848,22.32728877108087,207178000,22.379051208496094
2016-01-26 00:00:00,22.48932800591499,22.703125593310077,22.07073335276125,300308000,22.502830505371094
2016-01-27 00:00:00,21.61388191579554,21.746661081313626,21.006243644691438,533478800,21.024248123168945
2016-01-28 00:00:00,21.10750983846529,21.271795922809677,20.792438448200883,222715200,21.175024032592773
2016-01-29 00:00:00,21.33256788400009,21.90644645690918,21.233544971670028,257666000,21.90644645690918
2016-02-01 00:00:00,21.71064904205831,21.76466074854957,21.469844775908342,163774000,21.70164680480957
2016-02-02 00:00:00,21.47434679989208,21.61387891320668,21.217789026733964,149428800,21.262800216674805
2016-02-03 00:00:00,21.379830758884445,21.793923498895694,21.17278438887882,183857200,21.68364906311035
2016-02-04 00:00:00,21.69042934170642,22.02304938559196,21.538827548987342,185886800,21.85787010192871
2016-02-05 00:00:00,21.83976777892845,21.930276903879193,21.199419474643552,185672400,21.27408790588379
2016-02-08 00:00:00,21.07271348257014,21.654232529241604,21.052349828551243,216085600,21.498106002807617
2016-02-09 00:00:00,21.335182559249382,21.70853162527818,21.253724518431536,177324800,21.493572235107422
2016-02-10 00:00:00,21.70400705661494,21.8013040732542,21.292192138208378,169374400,21.330657958984375
2016-02-11 00:00:00,21.22204651037848,21.432479494048906,20.95051913314548,200298800,21.20168113708496
2016-02-12 00:00:00,21.312556988350742,21.382700745252002,21.045555999939317,161405600,21.267301559448242
2016-02-16 00:00:00,21.500366802924592,21.91444501811858,21.407596171451875,196231600,21.866928100585938
2016-02-17 00:00:00,21.87371349855906,22.222172580506005,21.75605281989877,179452800,22.20180892944336
2016-02-18 00:00:00,22.36472335718932,22.376037647567838,21.742475365374155,156084000,21.780942916870117
2016-02-19 00:00:00,21.72211193777007,21.894079140646554,21.676858228427058,141496800,21.731163024902344
2016-02-22 00:00:00,21.792259139953092,21.92576053829812,21.70401318440241,137123200,21.921234130859375
2016-02-23 00:00:00,21.812620317469428,21.83524717134706,21.394017478619176,127770400,21.425695419311523
2016-02-24 00:00:00,21.265042117091483,21.808093505328504,21.11570177690352,145022800,21.74473762512207
2016-02-25 00:00:00,21.733422508789467,21.894075393676758,21.55240424976032,110330800,21.894075393676758
2016-02-26 00:00:00,21.993634012407416,22.17917695216546,21.853346500833084,115964400,21.928016662597656
2016-02-29 00:00:00,21.916704500929125,22.226697740378793,21.86918759146339,140865200,21.878238677978516
2016-03-01 00:00:00,22.095457279065084,22.80142469069322,22.043413968591395,201628400,22.747119903564453
2016-03-02 00:00:00,22.742600717332223,22.828583461581438,22.545743442752926,132678400,22.796905517578125
2016-03-03 00:00:00,22.7584438915525,23.014130694309955,22.729027419318925,147822800,22.96661376953125
2016-03-04 00:00:00,23.163459410116825,23.475714069763075,22.937187467275734,184220400,23.308273315429688
2016-03-07 00:00:00,23.167984137268743,23.26754434474629,22.844415189284636,143315600,23.050323486328125
2016-03-08 00:00:00,22.80369391208277,23.02544125138635,22.717711165909574,126247600,22.860261917114258
2016-03-09 00:00:00,22.923615276300346,22.98470968172931,22.688292194185372,108806800,22.880624771118164
2016-03-10 00:00:00,22.946236129963065,23.134040510695083,22.661133028709504,134054400,22.891929626464844
2016-03-11 00:00:00,23.134052007550462,23.14310309596492,22.966611187679444,109632800,23.138578414916992
2016-03-14 00:00:00,23.059376736586106,23.28564870114261,23.02996027635018,100304400,23.19740104675293
2016-03-15 00:00:00,23.523235375380143,23.799287473548514,23.498345318901467,160270800,23.663524627685547
2016-03-16 00:00:00,23.67032009534,24.05498190292259,23.665793687447238,153214000,23.978050231933594
2016-03-17 00:00:00,23.87622139799819,24.091180840249617,23.749509626611857,137682800,23.939579010009766
2016-03-18 00:00:00,24.061765859551475,24.097970211506816,23.80155441672617,176820800,23.966732025146484
2016-03-21 00:00:00,23.968996498091382,24.35818467062962,23.790241385061908,142010800,23.9644718170166
2016-03-22 00:00:00,23.81512693841094,24.276722004992966,23.8060758516562,129777600,24.147747039794922
2016-03-23 00:00:00,24.093444479153383,24.226944136945665,23.962206298520723,102814000,24.01424789428711
2016-03-24 00:00:00,23.864904454818873,24.04139631153027,23.733666300637235,104532000,23.910158157348633
2016-03-28 00:00:00,23.984829661205282,24.02782188943492,23.772133449523714,77645600,23.801549911499023
2016-03-29 00:00:00,23.733670160565346,24.389859311874833,23.731406957175352,124760400,24.36496925354004
2016-03-30 00:00:00,24.584452877002676,24.984953553052407,24.57313858659879,182404400,24.790359497070312
2016-03-31 00:00:00,24.826556220170115,24.867285236269062,24.63648690293577,103553600,24.661376953125
2016-04-01 00:00:00,24.613872021359132,24.88992418397419,24.4826338249817,103496000,24.88766098022461
2016-04-04 00:00:00,24.98495534110106,25.385457772131094,24.951014193778747,149424800,25.143346786499023
2016-04-05 00:00:00,24.77904137254055,25.055093423792876,24.75867599964724,106314800,24.846921920776367
2016-04-06 00:00:00,24.94195821325985,25.111662178516678,24.708896650866684,105616400,25.107135772705078
2016-04-07 00:00:00,24.87860916442339,24.98495729540314,24.46453265892157,127207600,24.559566497802734
2016-04-08 00:00:00,24.6432836967458,24.837876023385373,24.475841178225927,94326800,24.586715698242188
2016-04-11 00:00:00,24.65686027202324,25.027946216262748,24.62518232992853,117630000,24.66817283630371
2016-04-12 00:00:00,24.74057660716404,25.00305292350047,24.586713323361767,108929200,24.989477157592773
2016-04-13 00:00:00,25.070945567607744,25.41940302959068,25.070945567607744,133029200,25.35152244567871
2016-04-14 00:00:00,25.256479829400487,25.430708499941424,25.19086074596297,101895600,25.365089416503906
2016-04-15 00:00:00,25.367353198117787,25.410345429082167,24.828826477849184,187756000,24.85597801208496
2016-04-18 00:00:00,24.63875619218712,24.65233195880117,24.19752651404814,243286000,24.319713592529297
2016-04-19 00:00:00,24.41021912805927,24.437372385517694,24.03687176433501,129539600,24.190736770629883
2016-04-20 00:00:00,24.12964007821244,24.457733707955903,23.99840193578788,122444000,24.24051284790039
2016-04-21 00:00:00,24.195271200178695,24.195271200178695,23.87622677017199,126210000,23.978050231933594
2016-04-22 00:00:00,23.760820372553717,24.093440449136978,23.672574441172625,134732400,23.91242218017578
2016-04-25 00:00:00,23.758560651725116,23.90563780102329,23.647687852052886,112126400,23.776662826538086
2016-04-26 00:00:00,23.51192791373699,23.82644590332176,23.51192791373699,224064800,23.611486434936523
2016-04-27 00:00:00,21.722111431433373,22.33530832822501,21.649704462381326,458408400,22.133926391601562
2016-04-28 00:00:00,22.086406541695986,22.147499212389253,21.326132604634854,328970800,21.45737075805664
2016-04-29 00:00:00,21.267307141980485,21.43248647977647,20.93242551178816,274126000,21.210739135742188
2016-05-02 00:00:00,21.26278052732264,21.287670585909353,20.907533549506745,192640400,21.1881103515625
2016-05-03 00:00:00,21.31482038221623,21.66327944767617,21.19715970912294,227325200,21.53656768798828
2016-05-04 00:00:00,21.541090665212643,21.699482078619248,21.228835970816146,164102000,21.312557220458984
2016-05-05 00:00:00,21.39906938404257,21.415004791770283,21.098571883441945,143562000,21.226055145263672
2016-05-06 00:00:00,21.255653932476015,21.27386458918669,20.909625402531503,174799600,21.107681274414062
2016-05-09 00:00:00,21.17141384543927,21.34670328189043,21.07807667115257,131745600,21.123607635498047
2016-05-10 00:00:00,21.246541174809746,21.301176601729335,20.968808337989397,134747200,21.26702880859375
2016-05-11 00:00:00,21.280688278941234,21.301175912061915,21.048484682600442,114876400,21.05986785888672
2016-05-12 00:00:00,21.107675651787034,21.121334074889095,20.367814295389742,305258800,20.565868377685547
2016-05-13 00:00:00,20.488474489358588,20.868649099155384,20.488474489358588,177571200,20.60685157775879
2016-05-16 00:00:00,21.032552364137977,21.487851693136445,20.864092098720693,245039200,21.371749877929688
2016-05-17 00:00:00,21.52427450982309,21.5584205669201,21.173693850052576,187667600,21.2829647064209
2016-05-18 00:00:00,21.435489923385195,21.674520991995124,21.3740235508649,168249600,21.526548385620117
2016-05-19 00:00:00,21.544769399067057,21.544769399067057,21.301184267719503,121768400,21.444602966308594
2016-05-20 00:00:00,21.544762561407413,21.724605991860695,21.51744397837169,128104000,21.676799774169922
2016-05-23 00:00:00,21.824772004118582,22.125269464843562,21.779241033203313,152074400,21.952255249023438
2016-05-24 00:00:00,22.132101533906077,22.33015563826558,22.04559354641188,140560800,22.286903381347656
2016-05-25 00:00:00,22.46218339734215,22.705768375818476,22.334700189714447,152675200,22.678451538085938
2016-05-26 00:00:00,22.69211994844838,22.93115280482657,22.455364075159952,225324800,22.858304977416992
2016-05-27 00:00:00,22.637480465236077,22.871959313517372,22.59422647840904,145364800,22.844640731811523
2016-05-31 00:00:00,22.67390006405315,22.856020440804034,22.49633365197679,169228800,22.733089447021484
2016-06-01 00:00:00,22.541868093041938,22.660246886366746,22.38479101200226,116693200,22.414384841918945
2016-06-02 00:00:00,22.21860160279867,22.273237022921467,21.997781203065305,160766400,22.245920181274414
2016-06-03 00:00:00,22.261858579794595,22.371129434742336,22.184456798780094,114019600,22.291452407836914
2016-06-06 00:00:00,22.307389304787257,23.19522331053951,22.207224637192535,93170000,22.45308494567871
2016-06-07 00:00:00,22.594226875684704,22.735370278403316,22.52820827135643,89638000,22.544143676757812
2016-06-08 00:00:00,22.541865588145942,22.664796596709508,22.46446554765898,83392400,22.52365493774414
2016-06-09 00:00:00,22.42349003642433,22.762687521221583,22.41438384220326,106405600,22.685287475585938
2016-06-10 00:00:00,22.43032347846508,22.616996153132913,22.41894203616381,126851600,22.498619079589844
2016-06-13 00:00:00,22.46674268329849,22.56463209429389,22.104778866146614,152082000,22.159414291381836
2016-06-14 00:00:00,22.15486624507442,22.418940701079542,22.025106000128226,127727600,22.186737060546875
2016-06-15 00:00:00,22.268687704111798,22.403001894795192,22.0888442801829,117780800,22.1138858795166
2016-06-16 00:00:00,21.956806003712416,22.252751215893166,21.8702997700241,125307200,22.20722198486328
2016-06-17 00:00:00,21.995511541783003,22.002340753928593,21.69501404957316,244032800,21.70184326171875
2016-06-20 00:00:00,21.854365846882462,21.98412607462517,21.633545414078622,137647600,21.64948081970215
2016-06-21 00:00:00,21.613057137237522,21.934042222919945,21.553867745183094,142185600,21.833877563476562
2016-06-22 00:00:00,21.911278573299274,22.056974208762426,21.70639354317016,116876400,21.751924514770508
2016-06-23 00:00:00,21.840705564248605,21.92038258558164,21.68362676731434,128960800,21.87712860107422
2016-06-24 00:00:00,21.150926236743015,21.549313056841648,21.091736851444896,301245600,21.262474060058594
2016-06-27 00:00:00,21.17141667758771,21.182799854404006,20.82994221504597,181958400,20.95287322998047
2016-06-28 00:00:00,21.1486556288244,21.321669872013963,20.97564138563484,161779600,21.30573272705078
2016-06-29 00:00:00,21.39223434601581,21.524271537990504,21.314832574681827,146124000,21.490123748779297
2016-06-30 00:00:00,21.499229211216885,21.802001865302973,21.467358405523612,143345600,21.763301849365234
2016-07-01 00:00:00,21.738262615854342,21.961360016776208,21.70183957831682,104106000,21.829322814941406
2016-07-05 00:00:00,21.715495613884773,21.71777259623965,21.50378141242575,110820800,21.624435424804688
2016-07-06 00:00:00,21.53566119853652,21.77697106075022,21.48330274034112,123796400,21.74737548828125
2016-07-07 00:00:00,21.786072515485913,21.968192944472257,21.767861862050584,100558400,21.840709686279297
2016-07-08 00:00:00,21.96591653841968,22.05697675530456,21.86575186299257,115648400,22.009170532226562
2016-07-11 00:00:00,22.025099162261355,22.22998415299696,22.020546934391074,95179600,22.07745933532715
2016-07-12 00:00:00,22.120711348436405,22.241365359270755,22.109329910465,96670000,22.177623748779297
2016-07-13 00:00:00,22.1753545035962,22.234542165451483,22.04559252834731,103568800,22.05242347717285
2016-07-14 00:00:00,22.170790317174756,22.535029262650188,22.15485491758609,155676000,22.489500045776367
2016-07-15 00:00:00,22.519106840493237,22.605614833966396,22.423494387861187,120548000,22.48723602294922
2016-07-18 00:00:00,22.469015966282367,22.79455498028692,22.446251352492066,145975600,22.726261138916016
2016-07-19 00:00:00,22.664796163674534,22.764962554700436,22.614712968161584,95119600,22.735368728637695
2016-07-20 00:00:00,22.764959845311658,22.869678452180658,22.70577046340184,105104000,22.7558536529541
2016-07-21 00:00:00,22.72626835076937,22.992618063978416,22.566912530010583,130808000,22.635208129882812
2016-07-22 00:00:00,22.596508440802467,22.6056146367112,22.380240195836013,113254800,22.459918975830078
2016-07-25 00:00:00,22.366576289676537,22.500888738552472,22.063801863012984,161531600,22.159414291381836
2016-07-26 00:00:00,22.041035224862693,22.302832624371444,21.9499750332733,224959200,22.006887435913086
2016-07-27 00:00:00,23.737022743780013,23.75523512840097,23.39099612012484,369379200,23.436525344848633
2016-07-28 00:00:00,23.40920865416496,23.777999892535995,23.40693167186566,159479200,23.752958297729492
2016-07-29 00:00:00,23.718817369635584,23.800771381822965,23.602715562898634,110934800,23.723369598388672
2016-08-01 00:00:00,23.768908468079626,24.16501850072012,23.768908468079626,152671600,24.142253875732422
2016-08-02 00:00:00,24.1422456907347,24.146797919457065,23.675563220974293,135266400,23.784835815429688
2016-08-03 00:00:00,23.859956196315437,24.09443502780804,23.85085000306549,120810400,24.083053588867188
2016-08-04 00:00:00,24.165460060019107,24.261590471090418,24.096794482832074,109634800,24.231836318969727
2016-08-05 00:00:00,24.323382443715563,24.639241929922044,24.302783823087015,162213600,24.600332260131836
2016-08-08 00:00:00,24.609485258853,24.80403709411621,24.52708903271134,112148800,24.80403709411621
2016-08-09 00:00:00,24.771996258580785,24.93450290293659,24.72164174276166,105260800,24.904747009277344
2016-08-10 00:00:00,24.88185552870278,24.925343830947153,24.6644175099562,96034000,24.719348907470703
2016-08-11 00:00:00,24.83837106387141,24.932213889268045,24.68501994290599,109938000,24.703330993652344
2016-08-12 00:00:00,24.6689960458263,24.820059581873906,24.6689960458263,74641600,24.760549545288086
2016-08-15 00:00:00,24.75139199583661,25.07182834461946,24.73765958322399,103472800,25.058095932006836
2016-08-16 00:00:00,25.09242846604213,25.22975958534201,24.99629807952239,135177600,25.035207748413086
2016-08-17 00:00:00,24.97112198762436,25.032921343436463,24.797170508980045,101424000,24.99858856201172
2016-08-18 00:00:00,25.000868336556707,25.085553852675815,24.952801413167265,87938800,24.966535568237305
2016-08-19 00:00:00,24.895588314079816,25.10616187580563,24.801747248014788,101472400,25.030630111694336
2016-08-22 00:00:00,24.916193032880557,24.971124440813984,24.685020811230327,103280800,24.836084365844727
2016-08-23 00:00:00,24.854384631065013,25.02146985831504,24.840652220635842,85030800,24.913894653320312
2016-08-24 00:00:00,24.849816151643186,24.89101514310888,24.646110512239996,94700400,24.726219177246094
2016-08-25 00:00:00,24.579732636625383,24.691884760216265,24.417225999435953,100344800,24.62093162536621
2016-08-26 00:00:00,24.584309387410602,24.707904597919814,24.332536838720074,111065200,24.476734161376953
2016-08-29 00:00:00,24.403500080225015,24.591184024165532,24.327968289724517,99881200,24.449275970458984
2016-08-30 00:00:00,24.215813165674433,24.376030508077367,24.147147592508567,99455600,24.26158905029297
2016-08-31 00:00:00,24.18377183691662,24.392054400468783,24.17919320030682,118649600,24.28447914123535
2016-09-01 00:00:00,24.29362907409736,24.44469261514723,24.174610743222345,106806000,24.42867088317871
2016-09-02 00:00:00,24.650688579709424,24.719354150845867,24.449272248607475,107210000,24.657556533813477
2016-09-06 00:00:00,24.696458156569353,24.788011639486246,24.60719399094068,107521600,24.650680541992188
2016-09-07 00:00:00,24.680436836338693,24.89329794549112,24.506485390542494,169457200,24.80174446105957
2016-09-08 00:00:00,24.547688186556055,24.552265075682133,24.0876331218055,212008000,24.15172004699707
2016-09-09 00:00:00,23.950300315527222,24.19749420262541,23.604686737060547,186228000,23.604686737060547
2016-09-12 00:00:00,23.4948242494541,24.197494509596165,23.467357679571137,181171200,24.133407592773438
2016-09-13 00:00:00,24.607191842824417,24.900161565593354,24.54539250509945,248704800,24.70789909362793
2016-09-14 00:00:00,24.88644043196196,25.870635931202962,24.85668453504217,443554800,25.582242965698242
2016-09-15 00:00:00,26.060598795982852,26.488610310692344,25.975911521431673,359934400,26.451988220214844
2016-09-16 00:00:00,26.348992641681043,26.58016304815976,26.101798760335285,319547600,26.30321502685547
2016-09-19 00:00:00,26.365022616061893,26.5916162050447,25.920989217686817,188092000,25.99652099609375
2016-09-20 00:00:00,25.875210034920507,26.120114644327742,25.75161307135455,138057200,25.99422836303711
2016-09-21 00:00:00,26.058316452331603,26.090359916955993,25.735592488260867,144012800,25.989652633666992
2016-09-22 00:00:00,26.172758745803208,26.307800562164193,26.09265008164224,124296000,26.23455810546875
2016-09-23 00:00:00,26.188781447637243,26.273468750733986,25.53188863097393,209924800,25.797391891479492
2016-09-26 00:00:00,25.552481829874388,25.95302682671023,25.53188321108831,119477600,25.83629608154297
2016-09-27 00:00:00,25.863762648307365,25.904961632109924,25.712699125618776,98429600,25.884361267089844
2016-09-28 00:00:00,26.021698975216374,26.23913704438409,25.962188928804075,118564400,26.081207275390625
2016-09-29 00:00:00,25.9003847630911,26.046869650892393,25.58910393995395,143548000,25.67607879638672
2016-09-30 00:00:00,25.740169900974752,25.94845417150556,25.589108099851238,145516400,25.875211715698242
2016-10-03 00:00:00,25.7973926544789,25.87521375215775,25.698972933032078,86807200,25.753904342651367
2016-10-04 00:00:00,25.87749431398079,26.163597874842022,25.779074619195026,118947200,25.86376190185547
2016-10-05 00:00:00,25.955320378887826,26.01483041993061,25.792813734635274,85812400,25.875211715698242
2016-10-06 00:00:00,26.023982245396795,26.170467146015195,25.8935190762136,115117200,26.06747055053711
2016-10-07 00:00:00,26.163603093580928,26.220823817166742,25.98049782584907,97433600,26.106382369995117
2016-10-10 00:00:00,26.326104514930513,26.722072611914108,26.25744070799575,144944000,26.56185531616211
2016-10-11 00:00:00,26.939512293910834,27.166107585717516,26.596187999190285,256164000,26.619077682495117
2016-10-12 00:00:00,26.859406016999273,27.003603351129488,26.722076636210637,150347200,26.85711669921875
2016-10-13 00:00:00,26.73122712513595,26.880001320561476,26.48632255589239,140769600,26.774715423583984
2016-10-14 00:00:00,26.980707417191088,27.047083647551357,26.809045294402,142608800,26.923486709594727
2016-10-17 00:00:00,26.85482547052972,26.97155446787286,26.72893920331153,94499600,26.905179977416992
2016-10-18 00:00:00,27.049376049096928,27.05624225539342,26.882290795519253,98214000,26.886869430541992
2016-10-19 00:00:00,26.836518749601414,26.95324951200044,26.046873480624278,80138400,26.806764602661133
2016-10-20 00:00:00,26.747255811038844,26.866274150593316,26.625948153539685,96503200,26.793031692504883
2016-10-21 00:00:00,26.735805515536914,26.75869519784017,26.61449788277504,92770800,26.687740325927734
2016-10-24 00:00:00,26.80218189263496,26.948666779706272,26.779293956449614,94154800,26.928068161010742
2016-10-25 00:00:00,26.996731708443775,27.090574516004875,26.85024682278932,192516000,27.065397262573242
2016-10-26 00:00:00,26.163597996001634,26.481745017453612,25.934715146252724,264536800,26.456567764282227
2016-10-27 00:00:00,26.410787562774367,26.51836276391739,26.115528525457538,138248000,26.202505111694336
2016-10-28 00:00:00,26.06288959895097,26.3695917661158,25.966757479086073,151446800,26.02855682373047
2016-10-31 00:00:00,26.012539163976705,26.145291650936002,25.909540822203006,105677600,25.987361907958984
2016-11-01 00:00:00,25.969049856566283,26.040002986475454,25.29842298701894,175303200,25.518150329589844
2016-11-02 00:00:00,25.497546243212344,25.71498422155105,25.45863658329697,113326800,25.541032791137695
2016-11-03 00:00:00,25.531841952583203,25.642268828441438,25.20285888644949,107730400,25.267274856567383
2016-11-04 00:00:00,24.96819331187081,25.36389333452078,24.87156937755949,123348000,25.03951072692871
2016-11-07 00:00:00,25.324783872490706,25.423708878055244,25.18214728731297,130240000,25.40070343017578
2016-11-08 00:00:00,25.377690388736767,25.702072921380648,25.237354907193314,97016800,25.550233840942383
2016-11-09 00:00:00,25.27877301861398,25.61005710827959,24.8577682024011,236705600,25.508831024169922
2016-11-10 00:00:00,25.55713908639396,25.55713908639396,24.347035425970823,228538000,24.797948837280273
2016-11-11 00:00:00,24.643816878508083,25.04641843220124,24.512683871227594,136575600,24.945192337036133
2016-11-14 00:00:00,24.779543424410114,24.8025488700783,23.944433635754226,204702000,24.319427490234375
2016-11-15 00:00:00,24.517280389531447,24.77264490369558,24.422957524546458,129058000,24.641511917114258
2016-11-16 00:00:00,24.547189871652037,25.359296151320716,24.524184420842918,235362000,25.304080963134766
2016-11-17 00:00:00,25.262671929270162,25.386903477159905,25.037216040850755,110528000,25.294879913330078
2016-11-18 00:00:00,25.24196582461165,25.43061332773471,25.22816290530128,113715600,25.3201847076416
2016-11-21 00:00:00,25.333990290230282,25.76419767272217,25.30868376711859,117058400,25.704383850097656
2016-11-22 00:00:00,25.75499298387835,25.86312052717091,25.628462134121555,103862000,25.72048568725586
2016-11-23 00:00:00,25.61926047122181,25.653769524216692,25.382300998635436,109705600,25.589353561401367
2016-11-25 00:00:00,25.56634439798822,25.73658857833759,25.524933888606377,45903600,25.718183517456055
2016-11-28 00:00:00,25.635367850516595,25.874628426316654,25.62616531815464,108776000,25.66757583618164
2016-11-29 00:00:00,25.48582390871544,25.773396396862534,25.322482946072274,114115200,25.642263412475586
2016-11-30 00:00:00,25.67447127436906,25.812505717013426,25.368493727118555,144649200,25.426008224487305
2016-12-01 00:00:00,25.39149899840638,25.522631972222214,25.083220403258522,148347600,25.18904685974121
2016-12-02 00:00:00,25.115427883165925,25.32708079195349,25.041809403796204,106112000,25.283370971679688
2016-12-05 00:00:00,25.306380742795778,25.31328220216583,24.90377923097857,137298000,25.10162925720215
2016-12-06 00:00:00,25.191354501023707,25.38920454893661,25.12003707277725,104782000,25.294879913330078
2016-12-07 00:00:00,25.136138775763236,25.580150807244582,25.113133325701664,119994800,25.5433406829834
2016-12-08 00:00:00,25.504226278808364,25.86541721561157,25.444410716126722,108273200,25.794099807739258
2016-12-09 00:00:00,25.83782140465109,26.38766005418667,25.83782140465109,137610400,26.215116500854492
2016-12-12 00:00:00,26.063269759954103,26.45666871015022,25.879222666845706,105497600,26.065570831298828
2016-12-13 00:00:00,26.18979988188101,26.668320906667244,26.16909550595621,174935200,26.50037956237793
2016-12-14 00:00:00,26.465870513966813,26.73273686092633,26.452067596683612,136127200,26.50037956237793
2016-12-15 00:00:00,26.544092897640045,26.854672619230723,26.509585599866277,186098000,26.64531898498535
2016-12-16 00:00:00,26.79485573729359,26.801757196511677,26.606208246118552,177404400,26.679826736450195
2016-12-19 00:00:00,26.640719315305457,27.00420965154858,26.629215712268476,111117600,26.833967208862305
2016-12-20 00:00:00,26.856965292061474,27.0318098300788,26.843162376366365,85700000,26.905277252197266
2016-12-21 00:00:00,26.870775857967068,27.008810310809384,26.866173714923793,95132800,26.93058967590332
2016-12-22 00:00:00,26.76724568144791,26.804055800827204,26.603904725909267,104343600,26.753442764282227
2016-12-23 00:00:00,26.592406211739476,26.806360244750977,26.592406211739476,56998000,26.806360244750977
2016-12-27 00:00:00,26.806356469060564,27.10083217333965,26.799455010129595,73187600,26.976600646972656
2016-12-28 00:00:00,27.036411240360742,27.151440222715447,26.73273479715244,83623600,26.861568450927734
2016-12-29 00:00:00,26.79025566579623,26.942094801147437,26.778753817944512,60158000,26.854673385620117
2016-12-30 00:00:00,26.83626755694915,26.96279841092744,26.555596500366864,122345200,26.64531898498535
2017-01-03 00:00:00,26.64071913486251,26.762649603333717,26.401458585981693,115127600,26.72123908996582
2017-01-04 00:00:00,26.652226228667132,26.804065392637575,26.62922077342414,84472400,26.691335678100586
2017-01-05 00:00:00,26.668327718739967,26.88458283916623,26.643021193787806,88774400,26.827068328857422
2017-01-06 00:00:00,26.866177699975857,27.183658919328703,26.794860269056215,127007600,27.126144409179688
2017-01-09 00:00:00,27.13534082970417,27.47582744741152,27.133041513413918,134247600,27.374601364135742
2017-01-10 00:00:00,27.32399340180204,27.464328950538576,27.215867594352545,97848400,27.40221405029297
2017-01-11 00:00:00,27.31708513812776,27.590854706860362,27.284877160065474,110354400,27.5494441986084
2017-01-12 00:00:00,27.35390157555694,27.445925143500986,27.195160964733542,108344800,27.43442153930664
2017-01-13 00:00:00,27.402202848152676,27.519532895322232,27.33318476035814,104447600,27.386098861694336
2017-01-17 00:00:00,27.225059408102727,27.662169903440613,27.19745357495073,137759200,27.606956481933594
2017-01-18 00:00:00,27.606963013236385,27.721992025791536,27.540245975329984,94852000,27.60466194152832
2017-01-19 00:00:00,27.468929287987937,27.62766813604499,27.462027827881563,102389200,27.556350708007812
2017-01-20 00:00:00,27.710481866659634,27.710481866659634,27.544841602138572,130391600,27.606956481933594
2017-01-23 00:00:00,27.60695924284487,27.793305656069048,27.554045132006674,88200800,27.625364303588867
2017-01-24 00:00:00,27.503431765793188,27.629962599622765,27.491928164898198,92844000,27.600055694580078
2017-01-25 00:00:00,27.703593714107726,28.090091360693553,27.67138572315923,129510400,28.039478302001953
2017-01-26 00:00:00,27.991151799997468,28.168297413554335,27.975047812874386,105350400,28.053268432617188
2017-01-27 00:00:00,28.099280270964226,28.14759223396349,27.97504875673625,82251600,28.05556869506836
2017-01-30 00:00:00,27.82091277645912,27.981952667236328,27.7587978915031,121510000,27.981952667236328
2017-01-31 00:00:00,27.871530600128644,27.926744035702466,27.749600125434853,196804000,27.91754150390625
2017-02-01 00:00:00,29.224270243127602,30.020272543535167,29.21966985497879,447940000,29.619970321655273
2017-02-02 00:00:00,29.44282796012069,29.767208875316427,29.39681530020404,134841600,29.569358825683594
2017-02-03 00:00:00,29.51874665961697,29.721198858894002,29.48423935765253,98029200,29.695892333984375
2017-02-06 00:00:00,29.707390002003997,30.022568331657627,29.6544741356893,107383600,29.974254608154297
2017-02-07 00:00:00,30.031768532103786,30.38835911942221,30.01106415545851,152735200,30.2595272064209
2017-02-08 00:00:00,30.218126373322335,30.41827575416535,30.188217703391395,92016400,30.376863479614258
2017-02-09 00:00:00,30.4184436905168,30.603288725916276,30.29598460376013,113399600,30.596357345581055
2017-02-10 00:00:00,30.605598178091757,30.716503776911445,30.510864623071093,80262000,30.527036666870117
2017-02-13 00:00:00,30.74885315818081,30.91983542397936,30.672604452850063,92141600,30.797372817993164
2017-02-14 00:00:00,30.838974439440555,31.213283179637184,30.78814195304018,132904800,31.197111129760742
2017-02-15 00:00:00,31.31263652618138,31.485928118966612,31.104684499463215,142492400,31.31032371520996
2017-02-16 00:00:00,31.347287568405008,31.40042932640587,31.15551115186836,90338400,31.273351669311523
2017-02-17 00:00:00,31.215585815851153,31.384255269949772,31.215585815851153,88792800,31.35883903503418
2017-02-21 00:00:00,31.476671715894398,31.596821494125702,31.418907874040418,98028800,31.585268020629883
2017-02-22 00:00:00,31.52288652193506,31.68231531199589,31.44895062727859,83347600,31.68000602722168
2017-02-23 00:00:00,31.74239038798178,31.76549381144753,31.4928501454238,83152800,31.545991897583008
2017-02-24 00:00:00,31.40273918712252,31.57603073120117,31.257173161896297,87106400,31.576030731201172
2017-02-27 00:00:00,31.68694520954043,31.75626255171669,31.488237375635933,81029600,31.6384220123291
2017-02-28 00:00:00,31.673084490545357,31.756264601400375,31.585282283079867,93931600,31.65229034423828
2017-03-01 00:00:00,31.86023616336788,32.38242021612314,31.793231633504373,145658400,32.29924011230469
2017-03-02 00:00:00,32.34776377384007,32.41245901933764,32.06125373976054,104844000,32.10746765136719
2017-03-03 00:00:00,32.06586918347313,32.308478066569165,32.02196809193067,84432400,32.29692459106445
2017-03-06 00:00:00,32.202205736370985,32.29463005699836,32.024295529714536,87000000,32.195274353027344
2017-03-07 00:00:00,32.130571306357986,32.343141903855376,32.06818534575366,69785200,32.23685836791992
2017-03-08 00:00:00,32.10515337077174,32.301551909230334,32.075118560354035,74828800,32.11670684814453
2017-03-09 00:00:00,32.056632858903505,32.06818281034635,31.666148603102606,88623600,32.04276657104492
2017-03-10 00:00:00,32.17447553943943,32.19989178322456,32.03353155583584,78451200,32.1490592956543
2017-03-13 00:00:00,32.082050798304046,32.21605985740259,32.07511941682055,69686800,32.16291809082031
2017-03-14 00:00:00,32.18602176003566,32.26688904429549,32.07973471209646,61236400,32.11439514160156
2017-03-15 00:00:00,32.21144681568917,32.52106032718292,32.12364460099241,102767200,32.45405578613281
2017-03-16 00:00:00,32.51412590106739,32.58344324693821,32.407838833981906,76928000,32.50719451904297
2017-03-17 00:00:00,32.57881223101058,32.57881223101058,32.322340589443556,175540000,32.3454475402832
2017-03-20 00:00:00,32.44017506789506,32.69433740496831,32.40089607500655,86168000,32.685096740722656
2017-03-21 00:00:00,32.83529946737529,32.9947283372612,32.28538621197227,158119600,32.3108024597168
2017-03-22 00:00:00,32.313109907341975,32.71745699257551,32.292312234910746,103440800,32.675865173339844
2017-03-23 00:00:00,32.63888743408401,32.71282686095234,32.488702820993375,81385200,32.56032943725586
2017-03-24 00:00:00,32.69435147596562,32.74980606218235,32.428639075634344,89582400,32.495643615722656
2017-03-27 00:00:00,32.206827702191504,32.629659712562045,32.02891397063479,94300400,32.55110168457031
2017-03-28 00:00:00,32.55803025555578,33.28123154879322,32.49102218845944,133499200,33.22578048706055
2017-03-29 00:00:00,33.19803675493689,33.38519458243014,33.08482187019614,116760000,33.29970169067383
2017-03-30 00:00:00,33.315886458343975,33.38751308494501,33.15645763106996,84829200,33.25580978393555
2017-03-31 00:00:00,33.207286986680685,33.33436817947322,33.0432360785983,78646800,33.193424224853516
2017-04-03 00:00:00,33.204991492102394,33.29972157913953,33.05249399741692,79942800,33.20267868041992
2017-04-04 00:00:00,33.09870760105219,33.477638562754656,33.08022273394135,79565600,33.449913024902344
2017-04-05 00:00:00,33.322810259170346,33.60932022602162,33.228076698482546,110871600,33.2765998840332
2017-04-06 00:00:00,33.338986749664876,33.39213203750382,33.14490103283233,84596000,33.193424224853516
2017-04-07 00:00:00,33.209595422953385,33.313569659625706,33.10331190124426,66688800,33.119483947753906
2017-04-10 00:00:00,33.179555847635505,33.2442510756305,33.0178142520225,75733600,33.0802001953125
2017-04-11 00:00:00,33.02706253139465,33.12179610041175,32.36162178890998,121517600,32.72438049316406
2017-04-12 00:00:00,32.71745766901742,32.84453536364532,32.581132255129475,81400000,32.763668060302734
2017-04-13 00:00:00,32.78908567149333,32.89768203463652,32.59037780761719,71291600,32.59037780761719
2017-04-17 00:00:00,32.689724731172724,32.78214902839294,32.54878076283502,66328400,32.77059555053711
2017-04-18 00:00:00,32.67354989548555,32.81911242204733,32.60423255989005,58790000,32.62502670288086
2017-04-19 00:00:00,32.78214066369432,32.80986618297272,32.45172961458277,69313600,32.5048713684082
2017-04-20 00:00:00,32.62964547182509,33.022438965982026,32.61578271124467,93278400,32.91153335571289
2017-04-21 00:00:00,32.91153241369759,32.96698345443212,32.775210571057656,69283600,32.87225341796875
2017-04-24 00:00:00,33.15644557162086,33.26041978292252,33.082506160972926,68537200,33.18879318237305
2017-04-25 00:00:00,33.25118266618911,33.47992525032688,33.241938476059495,75486000,33.39443588256836
2017-04-26 00:00:00,33.380583430294884,33.4106217690531,33.12873381869219,80164800,33.19804763793945
2017-04-27 00:00:00,33.25349566926757,33.30895023936952,33.11255172184781,56985200,33.22345733642578
2017-04-28 00:00:00,33.2927774759267,33.341300669562116,33.103313848608956,83441600,33.19111251831055
2017-05-01 00:00:00,33.52615333013811,34.01136774840602,33.493805702253574,134411600,33.86811447143555
2017-05-02 00:00:00,34.08992012058126,34.217001325364414,33.928182007960174,181408800,34.08298873901367
2017-05-03 00:00:00,33.63935976585729,34.07836720551908,33.33436842652095,182788000,33.97901153564453
2017-05-04 00:00:00,33.854242838931896,33.99749607838162,33.690191931153905,93487600,33.85655212402344
2017-05-05 00:00:00,33.909686058779336,34.42262928078691,33.909686058779336,109310800,34.41801071166992
2017-05-08 00:00:00,34.43419065356473,35.51321909494186,34.43419065356473,195009600,35.353790283203125
2017-05-09 00:00:00,35.55249784919626,35.78586608965602,35.455454991771575,156521600,35.58022689819336
2017-05-10 00:00:00,35.497049156002355,35.568675779877275,35.145843892303795,103222800,35.411556243896484
2017-05-11 00:00:00,35.36979026885097,35.74564745729754,35.3373091330769,109020400,35.717803955078125
2017-05-12 00:00:00,35.89181032003133,36.29086629146974,35.884850329613776,130108000,36.21662521362305
2017-05-15 00:00:00,36.19573970097141,36.344225388633426,35.973012939567404,104038800,36.123817443847656
2017-05-16 00:00:00,36.17950202596057,36.20734198695468,35.89645062192659,80194000,36.070457458496094
2017-05-17 00:00:00,35.63660707330941,35.86165623339559,34.7340916159149,203070800,34.859375
2017-05-18 00:00:00,35.09602929903596,35.57628645594224,35.063548155767805,134272800,35.39067840576172
2017-05-19 00:00:00,35.58555900779195,35.72476235196621,35.41155217244053,107843200,35.511314392089844
2017-05-22 00:00:00,35.72941156011525,35.8639773012021,35.4765224188457,91865600,35.72709274291992
2017-05-23 00:00:00,35.93821037343643,35.93821037343643,35.56931673150193,79675600,35.68300247192383
2017-05-24 00:00:00,35.69227176862205,35.76883518072898,35.42082160215776,76712000,35.57626724243164
2017-05-25 00:00:00,35.666764314693346,35.8106123896768,35.50435862375579,76942400,35.69924545288086
2017-05-26 00:00:00,35.72940324238091,35.78508670371627,35.56931638869759,87710400,35.638919830322266
2017-05-30 00:00:00,35.59484880837146,35.82917681122101,35.57396883132312,80507600,35.65285110473633
2017-05-31 00:00:00,35.722455549669306,35.76885667999995,35.35356178429862,97804800,35.44172286987305
2017-06-01 00:00:00,35.536839050528435,35.57396136205059,35.31643107865565,65616400,35.53915786743164
2017-06-02 00:00:00,35.631959074729174,36.06581497192383,35.471872224484855,111082800,36.06581497192383
2017-06-05 00:00:00,35.808289880411884,35.83381102746354,35.604124244177186,101326800,35.713165283203125
2017-06-06 00:00:00,35.706203171247324,36.149341452740536,35.6783632089096,106499600,35.83380889892578
2017-06-07 00:00:00,35.96605159431426,36.1887783473258,35.84076469808959,84278400,36.0472526550293
2017-06-08 00:00:00,36.01941991941855,36.08670101408541,35.822210729231124,85003200,35.95909881591797
2017-06-09 00:00:00,36.00549447499846,36.00549447499846,33.87797135357596,259530800,34.56471633911133
2017-06-12 00:00:00,33.81301798022594,33.89421906626686,33.06362580621396,289229200,33.738773345947266
2017-06-13 00:00:00,34.14245882629742,34.20973990529512,33.67611828569184,136661600,34.01021194458008
2017-06-14 00:00:00,34.221356015522005,34.221356015522005,33.372201518307364,126124800,33.6784553527832
2017-06-15 00:00:00,33.25155501532048,33.52068295447054,32.994024702203426,128661600,33.476600646972656
2017-06-16 00:00:00,33.35826702540767,33.52531385516667,32.991692234557526,201444400,33.0079345703125
2017-06-19 00:00:00,33.33042680906225,34.045015233013565,33.33042680906225,130165600,33.95220947265625
2017-06-20 00:00:00,34.075183409476445,34.075183409476445,33.627407440302356,99600400,33.643646240234375
2017-06-21 00:00:00,33.76196529026394,33.8895710035528,33.55083615920216,85063200,33.84316635131836
2017-06-22 00:00:00,33.81997198142515,34.03573877374179,33.66916392232728,76425200,33.78749084472656
2017-06-23 00:00:00,33.67149195713857,34.14247028877501,33.66685078249091,141757600,33.93830108642578
2017-06-26 00:00:00,34.14477984187781,34.40231009217581,33.729485098153745,102769600,33.83156967163086
2017-06-27 00:00:00,33.64364731703564,33.910459977521306,33.32115472336808,99047600,33.346675872802734
2017-06-28 00:00:00,33.5230165473793,33.89887038539939,33.21444383165191,88329600,33.83390808105469
2017-06-29 00:00:00,33.57405576121656,33.671499208729216,33.01027151610365,125997600,33.3350830078125
2017-06-30 00:00:00,33.51371791447777,33.63204483576465,33.3582722231546,92096400,33.41395568847656
2017-07-03 00:00:00,33.613489674835854,33.71093310139228,33.20051363554381,57111200,33.29331588745117
2017-07-05 00:00:00,33.33738881424841,33.592596705261684,33.11233969951921,86278400,33.43019104003906
2017-07-06 00:00:00,33.18195062313297,33.29331402723533,33.04042489576544,96515200,33.11466598510742
2017-07-07 00:00:00,33.154101307185634,33.58331958846352,33.154101307185634,76806800,33.451072692871094
2017-07-10 00:00:00,33.434846329571144,33.86174241272838,33.263158245175966,84362400,33.65525436401367
2017-07-11 00:00:00,33.57867424849451,33.83852683386078,33.49747319196195,79127200,33.7642822265625
2017-07-12 00:00:00,33.84317758457734,33.91509986316414,33.59957078037794,99538000,33.813018798828125
2017-07-13 00:00:00,33.75733101049074,34.45103963699194,33.74341102804902,100797600,34.283992767333984
2017-07-14 00:00:00,34.330384475511416,34.64591697166014,34.181898803216576,80528400,34.57863235473633
2017-07-17 00:00:00,34.5276029117045,35.01017882149063,34.46960062502861,95174000,34.69928741455078
2017-07-18 00:00:00,34.615754276158185,34.83152456299761,34.49278974609074,71475200,34.819923400878906
2017-07-19 00:00:00,34.912730369299176,35.13081950217448,34.78976582249554,83692000,35.03801727294922
2017-07-20 00:00:00,35.14939197520025,35.20507545477402,34.84546050540773,68974800,34.8802604675293
2017-07-21 00:00:00,34.799062820124,34.903466257001384,34.54153245439733,105010400,34.8640251159668
2017-07-24 00:00:00,34.93594138266693,35.36747858219408,34.77817330554504,85972800,35.28627395629883
2017-07-25 00:00:00,35.21899120640794,35.69228833526864,35.21899120640794,75415600,35.43708038330078
2017-07-26 00:00:00,35.57859720434331,35.71315936813375,35.51131258227014,63124000,35.60411834716797
2017-07-27 00:00:00,35.671414853401714,35.727098336417974,34.174956206611974,129905200,34.931304931640625
2017-07-28 00:00:00,34.7758510102324,34.85473327081453,34.61344531486372,68854800,34.685367584228516
2017-07-31 00:00:00,34.77816025579489,34.87792600275066,34.36750672627583,79383600,34.506710052490234
2017-08-01 00:00:00,34.59256883261376,34.85241797143003,34.432481938100516,141474400,34.8129768371582
2017-08-02 00:00:00,36.95440794639433,37.06345250301335,36.230540711117264,279747200,36.457908630371094
2017-08-03 00:00:00,36.43703093410931,36.47415324084323,35.96605273047904,108389200,36.093658447265625
2017-08-04 00:00:00,36.20966014716039,36.51822911955738,36.12149556065968,82239600,36.28390121459961
2017-08-07 00:00:00,36.439355248149226,36.87089239354546,36.34887182444575,87481200,36.84537124633789
2017-08-08 00:00:00,36.796642194841226,37.54603054605949,36.72007877218262,144823600,37.1400146484375
2017-08-09 00:00:00,36.94978385570976,37.4161246126443,36.91498389183977,104526000,37.367401123046875
2017-08-10 00:00:00,37.24393733857864,37.26723077944783,36.01645048371824,163217200,36.17716598510742
2017-08-11 00:00:00,36.47531896830066,36.934172225596136,36.35187149847819,105028400,36.6802864074707
2017-08-14 00:00:00,37.10884476428348,37.31614358221261,36.97607855579409,88490800,37.23229217529297
2017-08-15 00:00:00,37.420962268073296,37.779657832245334,37.29984276218854,117862000,37.63990783691406
2017-08-16 00:00:00,37.71909092343878,37.85185356526571,37.302161850684996,110686400,37.48849868774414
2017-08-17 00:00:00,37.38835604433153,37.43261145636436,36.76412798432432,111762400,36.7687873840332
2017-08-18 00:00:00,36.76878412566628,37.15077312408931,36.503255231080516,109712400,36.684932708740234
2017-08-21 00:00:00,36.68493880130041,36.775777555216585,36.128259554669306,105474000,36.617393493652344
2017-08-22 00:00:00,36.85497248223008,37.26724234582348,36.806061216936655,86418400,37.215999603271484
2017-08-23 00:00:00,37.05060338564552,37.37669011609524,37.00634799635332,77596400,37.26255798339844
2017-08-24 00:00:00,37.36739856702638,37.43960683877667,36.92951086030106,79275600,37.09721374511719
2017-08-25 00:00:00,37.185723388742105,37.397681708539366,37.09721609409924,101920400,37.23463821411133
2017-08-28 00:00:00,37.29985759587696,37.73308950644759,37.25094276790593,103864000,37.609642028808594
2017-08-29 00:00:00,37.29052877524253,37.99394528318715,37.26723533152812,118067600,37.94503402709961
2017-08-30 00:00:00,38.15232924771166,38.17329121260983,37.87515364267968,109078400,38.047515869140625
2017-08-31 00:00:00,38.115069771003085,38.320040729401555,38.077801677825,107140400,38.19892120361328
2017-09-01 00:00:00,38.385246164315454,38.41785484717344,38.112729981699495,66364400,38.21055603027344
2017-09-05 00:00:00,38.14069688008228,38.25715702322757,37.39768059816229,117874000,37.7517204284668
2017-09-06 00:00:00,37.898453140961124,37.963670522676125,37.38835725576962,86606800,37.71211624145508
2017-09-07 00:00:00,37.75403510325225,37.78897526638358,37.35108414451552,87714000,37.56071090698242
2017-09-08 00:00:00,37.46755420442734,37.53509951790412,36.92484955709291,114446000,36.948143005371094
2017-09-11 00:00:00,37.38368749470902,37.7447144710502,37.24160604804881,126323200,37.616607666015625
2017-09-12 00:00:00,37.87515877319203,38.18960250557941,36.98074594224573,286856000,37.46754837036133
2017-09-13 00:00:00,37.23694981866018,37.25791533696274,36.78042823433006,179629600,37.185707092285156
2017-09-14 00:00:00,37.03198256595404,37.127477143471076,36.82235226093013,95042800,36.866607666015625
2017-09-15 00:00:00,36.91086238345394,37.493162851983115,36.80138961104405,196458400,37.239280700683594
2017-09-18 00:00:00,37.29285270270575,37.38369143693135,36.80139094725952,113077600,36.95744705200195
2017-09-19 00:00:00,37.153113083393784,37.21367463162102,36.9038902285617,83242400,36.971435546875
2017-09-20 00:00:00,36.778097057338464,36.86194846899141,35.830113719840035,211805600,36.35185623168945
2017-09-21 00:00:00,36.28896917031502,36.28896917031502,35.57856182405946,150046800,35.727630615234375
2017-09-22 00:00:00,35.29673804565591,35.46677241081668,35.068477163952586,186581600,35.37826156616211
2017-09-25 00:00:00,34.93570446891562,35.36427681327334,34.74238026319241,177549200,35.066139221191406
2017-09-26 00:00:00,35.352631428347586,35.851080567151044,35.33166946109935,146640000,35.669403076171875
2017-09-27 00:00:00,35.82313244404268,36.03741863130181,35.76257090902376,102016800,35.92328643798828
2017-09-28 00:00:00,35.84408875516629,35.934927489278074,35.56691315377695,88022000,35.70200729370117
2017-09-29 00:00:00,35.685708417667065,35.89999459326319,35.40387338808492,105199200,35.89766311645508
2017-10-02 00:00:00,35.93028721839339,35.974542647766036,35.57159149004175,74795200,35.82547378540039
2017-10-03 00:00:00,35.87204119119061,36.12359545099182,35.84875130203596,64921200,35.98151397705078
2017-10-04 00:00:00,35.78354017706002,35.837110840962715,35.51102390318841,80655200,35.748600006103516
2017-10-05 00:00:00,35.91165391832185,36.20513580174614,35.88137669291869,85135200,36.19348907470703
2017-10-06 00:00:00,36.09564414626003,36.21676364697264,36.00014601004277,69630400,36.172508239746094
2017-10-09 00:00:00,36.29129148774914,36.505577619836615,36.21675888071339,65051600,36.29827880859375
2017-10-10 00:00:00,36.34952012379289,36.80138580934519,36.12591875726122,62468000,36.312252044677734
2017-10-11 00:00:00,36.32857844129487,36.56382665812951,36.277335692426874,67622400,36.46367263793945
2017-10-12 00:00:00,36.41708335599889,36.654659457585346,36.27267038086556,64500400,36.3355598449707
2017-10-13 00:00:00,36.50558531838799,36.6336921510215,36.431052695634285,65576800,36.56614685058594
2017-10-16 00:00:00,36.77809617067088,37.26722998586739,36.71986612381796,96486000,37.239280700683594
2017-10-17 00:00:00,37.21599345963665,37.469875653227085,37.08788662440458,75989200,37.376708984375
2017-10-18 00:00:00,37.36505860103378,37.43260745030128,37.17406588237725,65496800,37.21133041381836
2017-10-19 00:00:00,36.510244032534736,36.58710813067184,36.107293052070986,170336800,36.330894470214844
2017-10-20 00:00:00,36.47764263581559,36.74317159423828,36.326245886061336,95896400,36.39379119873047
2017-10-23 00:00:00,36.542851608738154,36.729188487574625,36.21909265896591,87937200,36.37514877319336
2017-10-24 00:00:00,36.403105592236166,36.66630662132224,36.3821436219765,71028800,36.591773986816406
2017-10-25 00:00:00,36.54752092763744,36.696589760350115,36.16553182168114,84828400,36.431060791015625
2017-10-26 00:00:00,36.62205108219874,36.76180465829536,36.51723767716681,68002000,36.663978576660156
2017-10-27 00:00:00,37.10186349629206,38.10575271694487,36.96444140755853,177816800,37.97764587402344
2017-10-30 00:00:00,38.17329011177043,39.146898362121874,38.13369410563347,178803200,38.832454681396484
2017-10-31 00:00:00,39.107292970826165,39.51490324591135,38.883691610206846,144187200,39.37282180786133
2017-11-01 00:00:00,39.566148542830426,39.582454660854474,38.573909888011876,134551200,38.872047424316406
2017-11-02 00:00:00,38.80452634103878,39.24707352292862,38.49706981579001,165573600,39.15623474121094
2017-11-03 00:00:00,40.52812951129416,40.588687505807215,39.8573179544908,237594400,40.178749084472656
2017-11-06 00:00:00,40.14846209750659,40.75871556536482,39.997065357610694,140105200,40.58635330200195
2017-11-07 00:00:00,40.50716623260138,40.81927855085233,40.43496151537272,97446000,40.716793060302734
2017-11-08 00:00:00,40.681839963408436,41.04985427856445,40.60497587662775,97638000,41.04985427856445
2017-11-09 00:00:00,40.78666147574387,41.01725378211168,40.327808339911776,117930400,40.96601104736328
2017-11-10 00:00:00,40.93328296542886,40.99639849993857,40.736927487906414,100582000,40.83042907714844
2017-11-13 00:00:00,40.556938922656,40.79069649569724,40.533561738608874,67928400,40.666805267333984
2017-11-14 00:00:00,40.44940432809518,40.55225821938238,40.01461514838106,99130000,40.05201721191406
2017-11-15 00:00:00,39.731771496107484,39.81358806625075,39.360097843562826,116632400,39.52372741699219
2017-11-16 00:00:00,40.01461955559179,40.175912851342744,39.808915317218215,94550000,39.99592208862305
2017-11-17 00:00:00,39.98188591460903,40.0637024759367,39.65462680301197,87598000,39.773841857910156
2017-11-20 00:00:00,39.80657988543512,39.8696954357603,39.63593783722337,65049600,39.73411560058594
2017-11-21 00:00:00,39.921110410671325,40.60368196550586,39.921110410671325,100525200,40.4727783203125
2017-11-22 00:00:00,40.52420657796541,40.9075687942775,40.45174231251265,102355600,40.89822006225586
2017-11-24 00:00:00,40.930955729386724,41.02445733931441,40.825761959645845,56106800,40.90056610107422
2017-11-27 00:00:00,40.91925973848651,40.92627217962039,40.51953275956953,82867200,40.69485092163086
2017-11-28 00:00:00,40.74394168627326,40.87718163503339,40.1735726934655,105715200,40.4564208984375
2017-11-29 00:00:00,40.35356012956205,40.42134823810711,39.07490626334532,166665600,39.61722183227539
2017-11-30 00:00:00,39.83930285607974,40.239029889391794,39.37412755223093,166108800,40.171241760253906
2017-12-01 00:00:00,39.727102887515244,40.12916623961013,39.38815508531585,159037200,39.98423767089844
2017-12-04 00:00:00,40.31850036895455,40.3512262825852,39.652293505718426,130169600,39.69203186035156
2017-12-05 00:00:00,39.51904515143161,40.09409021118591,39.364764334563795,109400800,39.654624938964844
2017-12-06 00:00:00,39.154382186949924,39.7855267386817,38.91127595054929,114240000,39.507354736328125
2017-12-07 00:00:00,39.512046098907895,39.84164516474968,39.483996328830415,102693200,39.579837799072266
2017-12-08 00:00:00,39.85332162553846,39.97253667893352,39.46294698774947,93420800,39.59151077270508
2017-12-11 00:00:00,39.5517760691087,40.41434198453013,39.45593461920474,141095200,40.3629150390625
2017-12-12 00:00:00,40.241374913388476,40.297478029125415,40.08008514350427,77636800,40.13618469238281
2017-12-13 00:00:00,40.3231800504292,40.566286349142075,40.206301267674334,95273600,40.26941680908203
2017-12-14 00:00:00,40.299803226735804,40.470448819217914,40.124485051039116,81906000,40.257728576660156
2017-12-15 00:00:00,40.58732854854576,40.71355606857073,40.3138326161104,160677200,40.666805267333984
2017-12-18 00:00:00,40.87952071700584,41.421836368046534,40.874844567373735,117684400,41.239505767822266
2017-12-19 00:00:00,40.914591333087564,40.99874420947974,40.69485862434924,109745600,40.800048828125
2017-12-20 00:00:00,40.87717419954598,41.00574154205617,40.49848817874916,93902400,40.75562286376953
2017-12-21 00:00:00,40.713552805108094,41.146005707313414,40.69719163107256,83799600,40.909908294677734
2017-12-22 00:00:00,40.83276787373455,41.00574974798811,40.79069322605128,65397600,40.909908294677734
2017-12-26 00:00:00,39.92578013088755,40.08239722165717,39.66396931580225,132742000,39.87201690673828
2017-12-27 00:00:00,39.762153381468536,39.92110677419349,39.67098809638064,85992800,39.879032135009766
2017-12-28 00:00:00,39.97252898460823,40.171224268876486,39.85097409657861,65920800,39.99123001098633
2017-12-29 00:00:00,39.860325998401855,39.8766871670356,39.55644056476565,103999600,39.55877685546875
2018-01-02 00:00:00,39.776189634537445,40.27643070005527,39.565805677893536,102223600,40.2670783996582
2018-01-03 00:00:00,40.33019497342311,40.80238628352514,40.19695500765061,118071600,40.260066986083984
2018-01-04 00:00:00,40.33252478094121,40.5499211500562,40.224998308918046,89738400,40.44706726074219
2018-01-05 00:00:00,40.54290490942475,40.994055211711675,40.451739619141776,94640000,40.90756607055664
2018-01-08 00:00:00,40.75562286376953,41.05015603918301,40.65744157177521,82271200,40.75562286376953
2018-01-09 00:00:00,40.802376800591794,40.921591854561065,40.53589336412295,86336000,40.75094985961914
2018-01-10 00:00:00,40.47746402207704,40.74394752463994,40.44006195266457,95839600,40.741607666015625
2018-01-11 00:00:00,40.8117253834916,41.02210929584681,40.788351771134415,74670800,40.973018646240234
2018-01-12 00:00:00,41.18339417073276,41.45922987236905,41.05950298248666,101672400,41.396114349365234
2018-01-16 00:00:00,41.58545711592752,41.93375706907156,41.174045206993554,118263600,41.185733795166016
2018-01-17 00:00:00,41.176394373281866,41.90104426428869,40.923939337469655,137547200,41.86598205566406
2018-01-18 00:00:00,41.929094823419305,42.09974042023661,41.6672874824555,124773600,41.90338134765625
2018-01-19 00:00:00,41.75143564894141,41.97818075507873,41.47092730566695,129700400,41.716373443603516
2018-01-22 00:00:00,41.44521953992409,41.55742217931307,41.28158994771982,108434400,41.375091552734375
2018-01-23 00:00:00,41.44521681046371,41.94545785474811,41.33301417846406,130756400,41.384437561035156
2018-01-24 00:00:00,41.433527740131495,41.44521633156787,40.48680890350173,204420400,40.725242614746094
2018-01-25 00:00:00,40.793030969529916,40.89588486778186,39.862676869004524,166116000,39.99825668334961
2018-01-26 00:00:00,40.206297393461384,40.206297393461384,39.75280718937289,156572000,40.09175491333008
2018-01-29 00:00:00,39.7761868421077,39.7761868421077,39.05387684544463,202561600,39.26192092895508
2018-01-30 00:00:00,38.6938757157211,39.12398862661799,38.49985657761024,184192800,39.030487060546875
2018-01-31 00:00:00,39.00711212032881,39.37411310023853,38.92062298841524,129915600,39.13801574707031
2018-02-01 00:00:00,39.077256358536815,39.416204154709504,38.9814148894474,188923200,39.2198486328125
2018-02-02 00:00:00,38.80374406951238,38.99075077839937,37.42457627932645,346375200,37.5180778503418
2018-02-05 00:00:00,37.19083019912959,38.30819107991556,36.46618031736213,290954000,36.58072280883789
2018-02-06 00:00:00,36.19268205071455,38.27078653650845,35.99866285535439,272975200,38.109493255615234
2018-02-07 00:00:00,38.12352220639921,38.195986484247946,37.18381931919892,206434400,37.29368209838867
2018-02-08 00:00:00,37.46900037296808,37.634969821723445,36.23943680447615,217562000,36.267486572265625
2018-02-09 00:00:00,36.86601145387924,37.05847236599864,35.262936939379905,282690400,36.71110153198242
2018-02-12 00:00:00,37.20163266035302,38.46672273816519,36.96926786105699,243278000,38.18976593017578
2018-02-13 00:00:00,38.011376169411854,38.66856648297439,37.9409622819946,130196800,38.57233428955078
2018-02-14 00:00:00,38.267225932124475,39.32342394356788,38.22967494691538,162579600,39.28352355957031
2018-02-15 00:00:00,39.85151934431027,40.62606519891659,39.666099508224036,204588800,40.602596282958984
2018-02-16 00:00:00,40.454721563931344,41.03211125006785,40.31624316123592,160704400,40.47114944458008
2018-02-20 00:00:00,40.38196338095014,40.900671851907454,40.234094542494496,135722000,40.33502197265625
2018-02-21 00:00:00,40.56502485680735,40.86779989101839,40.13784993599311,149886400,40.15193557739258
2018-02-22 00:00:00,40.32328643776861,40.827912853294784,40.302163340873086,123967600,40.48758316040039
2018-02-23 00:00:00,40.76219058627438,41.226916584183606,40.73167706139258,135249600,41.19171142578125
2018-02-26 00:00:00,41.391216287340875,42.10473494491624,41.35835694616437,152648800,42.00615692138672
2018-02-27 00:00:00,42.03667174392078,42.360569950834076,41.81604319718002,155712400,41.870025634765625
2018-02-28 00:00:00,42.07422201715211,42.39342858513631,41.790224188970356,151128400,41.8066520690918
2018-03-01 00:00:00,41.9052339409774,42.19627640895745,40.52513788389774,195208000,41.07435989379883
2018-03-02 00:00:00,40.55800743236392,41.379494836914226,40.475857259348544,153816000,41.35837173461914
2018-03-05 00:00:00,41.12364548723818,41.71746301418378,40.96169460145311,113605600,41.501529693603516
2018-03-06 00:00:00,41.75736630395347,41.837167053383304,41.33958169646813,95154000,41.46632385253906
2018-03-07 00:00:00,41.06028635297987,41.27387392830294,40.90303062936639,126814000,41.0814094543457
2018-03-08 00:00:00,41.18701833932262,41.57194361047891,41.09078970758341,95096400,41.52969741821289
2018-03-09 00:00:00,41.76910835419292,42.24791649869535,41.63532156620826,128740800,42.243221282958984
2018-03-12 00:00:00,42.315984655461044,42.80887848962803,42.297210953699,128828400,42.6516227722168
2018-03-13 00:00:00,42.855815990569,43.06940353794993,42.069537475364825,126774000,42.240875244140625
2018-03-14 00:00:00,42.32301285856895,42.3699542575725,41.73388701966704,117473600,41.88175582885742
2018-03-15 00:00:00,41.89584799922378,42.30424579003283,41.79492414608478,90975200,41.931053161621094
2018-03-16 00:00:00,41.931041644975714,42.04135589872213,41.6892900458461,157618800,41.78317642211914
2018-03-19 00:00:00,41.61888030428851,41.654085457493494,40.75983875209598,133787200,41.1447639465332
2018-03-20 00:00:00,41.13069152832031,41.49683953309172,41.06027762400275,78597600,41.13069152832031
2018-03-21 00:00:00,41.08374718435731,41.09548343216158,40.196541287634304,148219600,40.198890686035156
2018-03-22 00:00:00,39.90081719691221,40.52984012541462,39.57222366432153,165963200,39.63090133666992
2018-03-23 00:00:00,39.52291999681884,39.88202694835137,38.71316909790039,164115200,38.71316909790039
2018-03-26 00:00:00,39.44782489835316,40.62841930804972,39.065245351744295,150164800,40.55096435546875
2018-03-27 00:00:00,40.76455034381911,41.10957533975339,39.177907391154584,163690400,39.51119613647461
2018-03-28 00:00:00,39.25535128853273,39.90550071027378,38.77184798320467,166674000,39.074623107910156
2018-03-29 00:00:00,39.386786515119255,40.31154688271614,39.173199002522075,153594000,39.37974548339844
2018-04-02 00:00:00,39.11217610913106,39.65201123119887,38.60285451256873,150347200,39.12156295776367
2018-04-03 00:00:00,39.34688574711688,39.60741466237426,38.69908576549835,121112000,39.522918701171875
2018-04-04 00:00:00,38.69908517590817,40.37256933160999,38.6732668664508,138422000,40.2786865234375
2018-04-05 00:00:00,40.50635822090288,40.89362930170126,40.38900291382461,107732800,40.5579948425293
2018-04-06 00:00:00,40.12847614077942,40.482887897857516,39.478326701909054,140021200,39.52057647705078
2018-04-09 00:00:00,39.872643872253846,40.62606300601005,39.8656028397066,116070800,39.91254425048828
2018-04-10 00:00:00,40.60493471440127,40.839645319686824,40.259909838119526,113634400,40.663612365722656
2018-04-11 00:00:00,40.42419706264097,40.8208584655468,40.29980075753307,89726400,40.473487854003906
2018-04-12 00:00:00,40.70117124541933,41.07436028792793,40.61432587688714,91557200,40.87250900268555
2018-04-13 00:00:00,41.02271875981588,41.271511425086416,40.8044396188746,100497200,41.010982513427734
2018-04-16 00:00:00,41.08140701517665,41.35367224350645,41.03446559890611,86313600,41.26683044433594
2018-04-17 00:00:00,41.42407623230813,41.99911650197846,41.40529895401935,106421600,41.83481979370117
2018-04-18 00:00:00,41.733887619020656,41.9709475967017,41.515608498889755,83018000,41.740928649902344
2018-04-19 00:00:00,40.78331502653571,41.16589447365878,40.525135499803376,139235200,40.5579948425293
2018-04-20 00:00:00,40.04162908827687,40.18714851166951,38.8281721559885,261964400,38.896240234375
2018-04-23 00:00:00,39.156769773980784,39.17789286841588,38.513661441560345,146062000,38.7835807800293
2018-04-24 00:00:00,38.88451055807703,39.03942043706122,37.84004894625956,134768000,38.243751525878906
2018-04-25 00:00:00,38.16865247345965,38.825843142603105,38.119365232579476,113528400,38.410404205322266
2018-04-26 00:00:00,38.52071313940064,38.89859745277348,38.344680140899015,111852000,38.544185638427734
2018-04-27 00:00:00,38.49254056570322,38.56999549782901,37.70156694524858,142623200,38.098228454589844
2018-04-30 00:00:00,38.053638592508214,39.25770178412414,37.98557049884984,169709600,38.78828048706055
2018-05-01 00:00:00,39.05819542045914,39.71303647925035,38.79062545495093,214277600,39.68956756591797
2018-05-02 00:00:00,41.12832952549235,41.71980112653362,40.79269515111264,266157600,41.44284439086914
2018-05-03 00:00:00,41.28090696121748,41.66113703771084,40.94292307926782,136272800,41.51796340942383
2018-05-04 00:00:00,41.83716129232139,43.24542478603207,41.81838401597067,224805200,43.146846771240234
2018-05-07 00:00:00,43.4637027107898,44.048133333878766,43.36277888225993,169805600,43.45901107788086
2018-05-08 00:00:00,43.41911884558,43.70781190513855,43.109299108375836,113611200,43.667911529541016
2018-05-09 00:00:00,43.7852611249509,43.98476297690126,43.473095611593955,92844800,43.97537612915039
2018-05-10 00:00:00,44.064580428056125,44.68186702612727,44.04345374687312,111957200,44.60441207885742
2018-05-11 00:00:00,44.646824986202176,44.781124079827364,44.1661668942968,104848800,44.43476867675781
2018-05-14 00:00:00,44.53371864959899,44.65623981059255,44.26276205405801,83115200,44.33108901977539
2018-05-15 00:00:00,44.00829297134428,44.0766235265029,43.61246038568903,94780800,43.928184509277344
2018-05-16 00:00:00,43.84101578429413,44.404137173242404,43.82452095930741,76732400,44.33816146850586
2018-05-17 00:00:00,44.29574027728579,44.510151372329275,43.90933077186677,69176000,44.057769775390625
2018-05-18 00:00:00,44.10489158619236,44.25097213040349,43.85513958665361,73190800,43.89754867553711
2018-05-21 00:00:00,44.295752863411764,44.59498581760541,44.03893260593715,73603200,44.20857620239258
2018-05-22 00:00:00,44.385283144558365,44.503090985077776,44.00829661681228,60962800,44.09783172607422
2018-05-23 00:00:00,43.90697568932282,44.4135478742075,43.767959730195656,80233600,44.38056182861328
2018-05-24 00:00:00,44.47717318699425,44.49366441518397,43.873997617810524,92936000,44.33108901977539
2018-05-25 00:00:00,44.34994044932966,44.6845142986647,44.21328291731223,69844000,44.43240737915039
2018-05-29 00:00:00,44.20151206637124,44.47246871582709,44.02950999616362,90056400,44.272193908691406
2018-05-30 00:00:00,44.2297722871285,44.29574438476563,44.00829298997112,74762000,44.17793655395508
2018-05-31 00:00:00,44.11196979829037,44.349940351070494,43.8575044214986,109931200,44.029502868652344
2018-06-01 00:00:00,44.293393009412675,44.82823801484715,44.23684395189632,93770000,44.82352828979492
2018-06-04 00:00:00,45.15338689688778,45.57278250226014,45.0850599344167,105064800,45.19815444946289
2018-06-05 00:00:00,45.49032190729074,45.69530640222667,45.32303318949462,86264000,45.54686737060547
2018-06-06 00:00:00,45.622267652366574,45.72829399486384,45.219363236624766,83734400,45.70473098754883
2018-06-07 00:00:00,45.74243130384017,45.756567670436446,45.318322329900795,85388800,45.58221435546875
2018-06-08 00:00:00,45.04266163172219,45.23822313189476,44.71280102613651,106627200,45.167537689208984
2018-06-11 00:00:00,45.08506572699524,45.23114631083224,44.81646397224416,73234000,45.05678939819336
2018-06-12 00:00:00,45.094482345524824,45.381933746768155,45.03793329119162,67644400,45.30418014526367
2018-06-13 00:00:00,45.337159196554886,45.44554396849408,44.870641254749685,86553600,44.93190002441406
2018-06-14 00:00:00,45.132190452604284,45.13690377351365,44.818821123524955,86440400,44.95547866821289
2018-06-15 00:00:00,44.774043181267466,44.80467436726028,44.35700246014303,246876800,44.49365997314453
2018-06-18 00:00:00,44.26747838860552,44.58320256034685,44.10725784482574,73939600,44.47010803222656
2018-06-19 00:00:00,43.621875534328076,43.902258696020326,43.22368456319936,134314000,43.75146484375
2018-06-20 00:00:00,43.90698086547268,44.10725202475832,43.76089670758285,82514800,43.94232177734375
2018-06-21 00:00:00,44.11904287817479,44.37822160419487,43.57477114874314,102847600,43.69729232788086
2018-06-22 00:00:00,43.852795049886204,43.8598632336105,43.51822117116477,108801600,43.5700569152832
2018-06-25 00:00:00,43.21192165517229,43.570058556606334,42.5828281135387,126652400,42.922115325927734
2018-06-26 00:00:00,43.115317704014764,43.94939568980616,43.00928776415795,98276800,43.4546012878418
2018-06-27 00:00:00,43.64309432120707,44.126107216581914,43.360356205322596,101141200,43.390987396240234
2018-06-28 00:00:00,43.37685028509541,43.87399953844859,43.30616485853516,69460800,43.70671081542969
2018-06-29 00:00:00,43.89284718810203,44.104903475310294,43.09646856653667,90950800,43.61482238769531
2018-07-02 00:00:00,43.310881360931305,44.13082302172207,43.21663292019015,70925200,44.10254669189453
2018-07-03 00:00:00,44.24626602094871,44.283965391794474,43.244899402321124,55819200,43.334434509277344
2018-07-05 00:00:00,43.65015756585503,43.92111774246245,43.41925521678168,66416800,43.683143615722656
2018-07-06 00:00:00,43.687867834498626,44.39706988118077,43.63603208674531,69940800,44.28868865966797
2018-07-09 00:00:00,44.649171565377365,44.92719634335544,44.6020491482026,79026400,44.90363693237305
2018-07-10 00:00:00,44.93426330823316,45.06856236255624,44.809383703042094,63756400,44.84944152832031
2018-07-11 00:00:00,44.41355569937035,44.715143482285086,44.203857887887295,75326000,44.26747512817383
2018-07-12 00:00:00,44.65624289633007,45.09920155846209,44.60440715522057,72164400,45.009666442871094
2018-07-13 00:00:00,45.02145266730081,45.20051932204773,44.97903996775959,50055600,45.08035659790039
2018-07-16 00:00:00,45.12510996660727,45.391353204429265,44.86593131540765,60172400,44.98138427734375
2018-07-17 00:00:00,44.708073766542675,45.207577840766284,44.57848442788754,62138000,45.108619689941406
2018-07-18 00:00:00,45.18637592497211,45.19108924534587,44.75048546825586,65573600,44.86122512817383
2018-07-19 00:00:00,44.693935361208126,45.36779629624371,44.693935361208126,81147200,45.20993423461914
2018-07-20 00:00:00,45.18637831095939,45.33952707669777,44.80703689306761,82704800,45.10626983642578
2018-07-23 00:00:00,44.92719589230041,45.22878726865295,44.66330748260312,63957600,45.14632034301758
2018-07-24 00:00:00,45.344238015820956,45.62933457754806,45.24999317957946,74791600,45.47382736206055
2018-07-25 00:00:00,45.487955463759825,45.909709478060186,45.339516458198204,66839600,45.90264129638672
2018-07-26 00:00:00,45.85317123292575,46.17125386401282,45.617555534405035,76304000,45.75892639160156
2018-07-27 00:00:00,45.94271183728596,45.98983426357745,44.79055107768745,96096000,44.99789047241211
2018-07-30 00:00:00,45.21465391303347,45.28533934601686,44.547864608639095,84118000,44.74578094482422
2018-07-31 00:00:00,44.837670347683925,45.27120239138466,44.61147768411243,157492000,44.83531188964844
2018-08-01 00:00:00,46.918139374498324,47.53780600789209,46.48931722210318,271742800,47.47654724121094
2018-08-02 00:00:00,47.259788264801436,49.097591083256724,47.2055976710928,249616000,48.86433029174805
2018-08-03 00:00:00,48.7795065572694,49.182410890959616,48.414301589521656,133789600,49.005699157714844
2018-08-06 00:00:00,49.008059489642534,49.302579077921635,48.78893864166359,101701600,49.260169982910156
2018-08-07 00:00:00,49.31907881246056,49.36148791169574,48.715899615615555,102349600,48.79836654663086
2018-08-08 00:00:00,48.548610329531655,48.9632926213491,48.18811863605624,90102000,48.83134841918945
2018-08-09 00:00:00,49.36856091792828,49.427464847205165,48.81957586564242,93970400,49.21541213989258
2018-08-10 00:00:00,49.02860336623843,49.44001366199611,48.86545784192387,98444800,49.06879806518555
2018-08-13 00:00:00,49.489685715714145,49.87745053972807,49.10901386469039,103563600,49.385650634765625
2018-08-14 00:00:00,49.69064629919543,49.785221646005944,49.24140438229996,82992000,49.59370422363281
2018-08-15 00:00:00,49.46840376274341,49.82779667275431,49.257970492029095,115230400,49.70957565307617
2018-08-16 00:00:00,50.066597106681336,50.55366708451775,50.00039363053768,114001600,50.43781280517578
2018-08-17 00:00:00,50.466183320989956,51.532535490008144,50.399979846645785,141708000,51.44505310058594
2018-08-20 00:00:00,51.56800483956419,51.82335904051192,50.86104191692848,121150800,50.94379806518555
2018-08-21 00:00:00,51.26061877491701,51.352830997028676,50.60567352114959,104639200,50.844478607177734
2018-08-22 00:00:00,50.622235974791955,51.15659362058982,50.5607587429564,76072400,50.84685516357422
2018-08-23 00:00:00,50.75227555879988,51.31973854252035,50.74045634465841,75532800,50.950889587402344
2018-08-24 00:00:00,51.213349043221534,51.28427877137062,50.861049092863915,73905600,51.10931396484375
2018-08-27 00:00:00,51.34337923890554,51.719324763645,51.1494986735286,82100400,51.53017044067383
2018-08-28 00:00:00,51.783162574157686,52.14491855568263,51.761883659437096,91107200,51.94630813598633
2018-08-29 00:00:00,52.0527085641898,52.8424276423776,51.8777437807323,109019200,52.721839904785156
2018-08-30 00:00:00,52.78567649739625,53.97024961852312,52.58469935427872,195175200,53.20654296875
2018-08-31 00:00:00,53.556475387508385,54.11447864417697,53.43589126797498,173360400,53.821292877197266
2018-09-04 00:00:00,54.00571549067332,54.18777322429528,53.58484903952322,109560400,53.993892669677734
2018-09-05 00:00:00,54.14286111353829,54.303639960299556,53.223101771937806,133332000,53.6416015625
2018-09-06 00:00:00,53.49026692107618,53.75508438603124,52.324609717669404,137160000,52.750205993652344
2018-09-07 00:00:00,52.454655476291386,53.28692866048203,52.18511175944655,150479200,52.32461166381836
2018-09-10 00:00:00,52.24185615259656,52.45465610496239,51.18259706413789,158066000,51.622379302978516
2018-09-11 00:00:00,51.54671960522813,53.033941819572114,51.20387942357245,142996000,52.92754364013672
2018-09-12 00:00:00,53.185258631754344,53.19944457305624,51.97940311163777,197114800,52.27022933959961
2018-09-13 00:00:00,52.84952340827975,53.99153884293053,52.6249042019705,166825600,53.532840728759766
2018-09-14 00:00:00,53.376787478992235,53.63450842198434,52.61308074363496,127997200,52.9251823425293
2018-09-17 00:00:00,52.525599981840585,52.71475434346737,51.37176523077403,148780400,51.515995025634766
2018-09-18 00:00:00,51.494699140442705,52.454656645298286,51.33628344092451,126286800,51.60110092163086
2018-09-19 00:00:00,51.662586001449505,51.9273999330875,50.90597219118434,108495200,51.6318473815918
2018-09-20 00:00:00,52.073992180573526,52.55633231761007,51.81626763486653,106435200,52.02433776855469
2018-09-21 00:00:00,52.201660382649074,52.338797164845985,51.37647656846738,384986800,51.46396255493164
2018-09-24 00:00:00,51.265357635641195,52.31515711505072,51.220433077107394,110773600,52.20402908325195
2018-09-25 00:00:00,51.95813414435409,52.68401288099076,51.94631132173357,98217600,52.53505325317383
2018-09-26 00:00:00,52.25367577807399,52.903891200651834,51.9604864341698,95938800,52.116539001464844
2018-09-27 00:00:00,52.92045647589352,53.53993343518666,52.8542493888135,120724800,53.1876335144043
2018-09-28 00:00:00,53.14979737223942,53.398062202116094,52.96773962377275,91717600,53.374420166015625
2018-10-01 00:00:00,53.896959816847335,54.24452988828253,53.518654734943205,94403200,53.73381423950195
2018-10-02 00:00:00,53.731441209871306,54.38165667005677,53.584848333349555,99152800,54.21141815185547
2018-10-03 00:00:00,54.39348370673561,55.20211492695663,54.3296433555075,114619200,54.871097564697266
2018-10-04 00:00:00,54.566089500033,54.93730520599613,53.60849859022037,128168000,53.90641784667969
2018-10-05 00:00:00,53.89932343564714,54.00572162104816,52.15438020692258,134322000,53.031578063964844
2018-10-08 00:00:00,52.53977383107797,53.15215769186115,52.06452314346974,118655600,52.90862274169922
2018-10-09 00:00:00,52.87789482474594,53.73618053808223,52.54924055121309,107564000,53.6416015625
2018-10-10 00:00:00,53.308221027600226,53.5186542874467,51.0833006862872,167962400,51.15659713745117
2018-10-11 00:00:00,50.72154687603227,51.89902721215979,50.20137511528744,212497600,50.704994201660156
2018-10-12 00:00:00,52.116552371945346,52.69820135934952,51.27008946263702,161351600,52.51613998413086
2018-10-15 00:00:00,52.29150849334037,52.44992418497444,51.37174934722611,123164000,51.393028259277344
2018-10-16 00:00:00,51.764252977522055,52.72421066994395,51.251174194641926,116736000,52.525596618652344
2018-10-17 00:00:00,52.561061472294256,52.64145089276612,51.86119150958556,91541600,52.29861068725586
2018-10-18 00:00:00,51.51125096413181,51.95576305015513,50.362142773439196,130325200,51.07619857788086
2018-10-19 00:00:00,51.55853916023749,52.31515279784084,51.409579553774584,132314800,51.85409164428711
2018-10-22 00:00:00,51.967592478519066,52.81169226211933,51.766618916580256,115168400,52.17093276977539
2018-10-23 00:00:00,51.03127894622945,52.785678210129554,50.76409832307149,155071200,52.66272735595703
2018-10-24 00:00:00,52.63198967990546,53.01738767953561,50.726264164214655,163702000,50.85630798339844
2018-10-25 00:00:00,51.47580005736859,52.34354194395916,51.24881410296684,119423200,51.96996307373047
2018-10-26 00:00:00,51.0478236891772,52.062161836547574,50.28411707927676,189033600,51.14240264892578
2018-10-29 00:00:00,51.825720452520564,51.94394144771941,48.72832893518345,183742000,50.18244934082031
2018-10-30 00:00:00,49.92473008302534,50.87759111597405,49.480221547617695,146640000,50.433082580566406
2018-10-31 00:00:00,51.27954933650239,52.123645519315744,51.21807209884028,153435600,51.747703552246094
2018-11-01 00:00:00,51.79263154257351,52.57525414732443,51.26300005412576,233292800,52.542152404785156
2018-11-02 00:00:00,49.54642446027015,50.51583454720711,48.57228091507329,365314800,49.05698776245117
2018-11-05 00:00:00,48.305108099645274,48.32638701675462,46.85571728176754,264654800,47.66434860229492
2018-11-06 00:00:00,47.74236754506671,48.40440585745062,47.68798689600997,127531600,48.179786682128906
2018-11-07 00:00:00,48.699960659016895,49.66700760551551,48.264908230328544,133697600,49.64099884033203
2018-11-08 00:00:00,49.82131414178584,49.85453137063265,49.05494289170183,101450400,49.46778869628906
2018-11-09 00:00:00,48.7702258096886,48.879366587122874,47.98724409420614,137463200,48.51397705078125
2018-11-12 00:00:00,47.21612935039931,47.41780773297329,45.97996678297015,204542000,46.07012939453125
2018-11-13 00:00:00,45.467489952175,46.784319299258804,45.42477999680349,187531600,45.60984802246094
2018-11-14 00:00:00,46.00606949744506,46.14368479083384,44.11505123237931,243204000,44.321475982666016
2018-11-15 00:00:00,44.698732002376936,45.54814833515879,44.34520285307609,185915200,45.415279388427734
2018-11-16 00:00:00,45.19936284522291,46.259946609491415,44.95260676177665,147713200,45.91828155517578
2018-11-19 00:00:00,45.08073505230195,45.24682124683419,43.892028552427426,167701200,44.09844970703125
2018-11-20 00:00:00,42.32131328103685,43.056842423109295,41.642729521839435,271300800,41.991512298583984
2018-11-21 00:00:00,42.64399822705807,42.772124438484425,41.889490881307914,124496800,41.944061279296875
2018-11-23 00:00:00,41.507486637209176,41.901350698379524,40.83364927354388,94496000,40.878726959228516
2018-11-26 00:00:00,41.34140152229291,41.50985905728153,40.39707629811021,179994000,41.43156051635742
2018-11-27 00:00:00,40.693662435434945,41.467155183306716,40.54418668522253,165549600,41.34140396118164
2018-11-28 00:00:00,41.932195651447095,43.014132585864616,41.505114329859374,184250000,42.93109130859375
2018-11-29 00:00:00,43.33919219005899,43.37240942608668,42.16234624717858,167080000,42.60129165649414
2018-11-30 00:00:00,42.77687560568357,42.78636831527933,42.003386312393665,158126000,42.371150970458984
2018-12-03 00:00:00,43.76627592803061,43.88016308346337,42.995158116098935,163210000,43.85169219970703
2018-12-04 00:00:00,42.93345880903892,43.27512383554187,41.82305109331107,165377200,41.92270278930664
2018-12-06 00:00:00,40.752991064638586,41.469538637221746,40.43505405642255,172393600,41.45530319213867
2018-12-07 00:00:00,41.16345841264806,41.400725443078066,39.93204194545113,169126400,39.97712326049805
2018-12-10 00:00:00,39.149052745025465,40.356740836565265,38.75281731229737,248104000,40.240482330322266
2018-12-11 00:00:00,40.729256594178395,40.76009884419869,39.62359143727057,189126800,40.010337829589844
2018-12-12 00:00:00,40.43028940365676,40.79093620431171,40.10286345370511,142510800,40.12184524536133
2018-12-13 00:00:00,40.45165022819319,40.9451659993989,40.22861867943218,127594400,40.560791015625
2018-12-14 00:00:00,40.098108562026916,40.11709034964107,39.21547535020072,162814800,39.2629280090332
2018-12-17 00:00:00,39.255824356252,39.943900827275144,38.61045782776475,177151600,38.897552490234375
2018-12-18 00:00:00,39.239208811464295,39.74933129880673,39.004313230839,135366000,39.402923583984375
2018-12-19 00:00:00,39.38631585646059,39.73035222871584,37.746800273297104,196189200,38.17388153076172
2018-12-20 00:00:00,38.05762401069301,38.463352159374345,36.847564525579564,259092000,37.2105827331543
2018-12-21 00:00:00,37.217700060216195,37.52614787017046,35.50226074249866,382978400,35.76325225830078
2018-12-24 00:00:00,35.15109636781357,35.95780615108884,34.780960513781764,148676800,34.83790588378906
2018-12-26 00:00:00,35.18669870684758,37.30549139242431,34.811816392339566,234330000,37.291255950927734
2018-12-27 00:00:00,36.97569172966579,37.196351942081705,35.60666362348881,212468400,37.04924392700195
2018-12-28 00:00:00,37.369544455349704,37.611557756964785,36.66960768010855,169165600,37.068214416503906
2018-12-31 00:00:00,37.61394158656188,37.81087365387044,37.12754345601977,140014000,37.4265022277832
2019-01-02 00:00:00,36.750300199549955,37.68987948872502,36.59370304795268,148158800,37.46921920776367
2019-01-03 00:00:00,34.16170203892372,34.574547927015324,33.69191438723821,365248800,33.736995697021484
2019-01-04 00:00:00,34.29219923540596,35.24601358953824,34.11899533904399,234428400,35.17720413208008
2019-01-07 00:00:00,35.28160791885267,35.31245379240385,34.61725948663249,219111200,35.09891128540039
2019-01-08 00:00:00,35.48565702140331,36.02188283523813,35.238900899053064,164101200,35.76800537109375
2019-01-09 00:00:00,35.896131517687564,36.664878086938074,35.502270953950706,180396400,36.37541198730469
2019-01-10 00:00:00,36.18322463099874,36.53200747936951,35.794106819127585,143122800,36.49167251586914
2019-01-11 00:00:00,36.27338262516767,36.467939696000656,35.948324350827995,108092800,36.133392333984375
2019-01-14 00:00:00,35.79172814036254,35.891379845195914,35.404981774617916,129756800,35.590049743652344
2019-01-15 00:00:00,35.65411403047625,36.39438593118797,35.601914999486866,114843600,36.31846237182617
2019-01-16 00:00:00,36.32083304295525,36.98518137158213,36.30185124837653,122278800,36.762149810791016
2019-01-17 00:00:00,36.586577880660485,37.40752345530275,36.36354627747528,119284800,36.98044204711914
2019-01-18 00:00:00,37.369553633249645,37.45971625451414,37.00890676859886,135004000,37.208213806152344
2019-01-22 00:00:00,37.11093601889627,37.18685958381331,36.21169197229735,121576000,36.3730354309082
2019-01-23 00:00:00,36.57470818551413,36.80960382903162,35.99340473442524,92522400,36.520137786865234
2019-01-24 00:00:00,36.565218274806185,36.65300590810053,36.00289663164888,101766000,36.23067092895508
2019-01-25 00:00:00,36.89026785958372,37.519027508765205,36.615040923074886,134142000,37.431236267089844
2019-01-28 00:00:00,36.963826558158345,37.091952773285364,36.458450279667375,104768400,37.084835052490234
2019-01-29 00:00:00,37.07296946155649,37.51903258864824,36.5652182166273,166348800,36.70045852661133
2019-01-30 00:00:00,38.73382869033698,39.42190138123713,38.01728150422006,244439200,39.2083625793457
2019-01-31 00:00:00,39.41241268525057,40.098114016816574,39.04464819355946,162958400,39.4907112121582
2019-02-01 00:00:00,39.61410648111566,40.09338329388807,39.36971809982081,130672400,39.509708404541016
2019-02-04 00:00:00,39.72087632465673,40.729261252002615,39.69003045070155,125982000,40.631980895996094
2019-02-05 00:00:00,41.013969357855885,41.54070233089087,40.89296450420444,144406400,41.3271598815918
2019-02-06 00:00:00,41.43868068103189,41.6569695100412,41.01160297138825,112958400,41.34140396118164
2019-02-07 00:00:00,40.904829885716296,41.27022309791329,40.41606043860214,126966800,40.55842208862305
2019-02-08 00:00:00,40.26771540968325,40.665650250891964,40.131891443963546,95280000,40.6060791015625
2019-02-11 00:00:00,40.75858212354943,40.79670853270349,40.32966911040256,83973600,40.37255859375
2019-02-12 00:00:00,40.53220813832866,40.74666280397595,40.43689212564779,89134000,40.72045135498047
2019-02-13 00:00:00,40.83960316682641,41.09933254456883,40.48932446490647,89960800,40.55127716064453
2019-02-14 00:00:00,40.43927581927432,40.808613992609324,40.3606414751641,87342800,40.699005126953125
2019-02-15 00:00:00,40.80623611906368,40.91346345759115,40.44880923334926,98507200,40.60845947265625
2019-02-19 00:00:00,40.4392766336708,40.851507928428646,40.38685373654159,75891200,40.72998046875
2019-02-20 00:00:00,40.791941569049854,41.29948893444707,40.74428537587072,104457600,40.99209976196289
2019-02-21 00:00:00,40.93730301677255,41.07312337466057,40.5798760468402,68998800,40.76097106933594
2019-02-22 00:00:00,40.884875678488214,41.223239403756004,40.83721948150898,75652800,41.21609115600586
2019-02-25 00:00:00,41.49965268531831,41.907117372895385,41.44961131242088,87493600,41.51633071899414
2019-02-26 00:00:00,41.39242582162674,41.7712975211783,41.26375008174526,68280800,41.5401611328125
2019-02-27 00:00:00,41.273273603636405,41.69980140101289,41.158894387635335,111341600,41.6688232421875
2019-02-28 00:00:00,41.537772157173244,41.67835919496109,41.20417154412631,112861600,41.258975982666016
2019-03-01 00:00:00,41.52823291281517,41.73553931695009,41.197017519159516,103544800,41.692649841308594
2019-03-04 00:00:00,41.86422115680062,42.35508684168328,41.45437136174755,109744800,41.902347564697266
2019-03-05 00:00:00,41.923789316150554,41.93808580910875,41.590188724744905,78949600,41.82609176635742
2019-03-06 00:00:00,41.62116756354591,41.81656266632499,41.447220836488704,83241600,41.585426330566406
2019-03-07 00:00:00,41.43054036805001,41.56636432916655,40.98971605951243,99185600,41.10409164428711
2019-03-08 00:00:00,40.584633632595896,41.2399162634684,40.38923852105088,95997600,41.20178985595703
2019-03-11 00:00:00,41.816560802649775,42.681531325611424,41.78320110804429,128044000,42.62910842895508
2019-03-12 00:00:00,42.89122670675174,43.52744613325643,42.74110624977912,129870400,43.10806655883789
2019-03-13 00:00:00,43.42736668986569,43.677566237487994,43.11044774766869,124130000,43.2986946105957
2019-03-14 00:00:00,43.82053342503637,43.86819325045519,43.501232955961775,94318000,43.780025482177734
2019-03-15 00:00:00,44.04690286026948,44.63784755758058,43.782406850290364,156171600,44.34952163696289
2019-03-18 00:00:00,44.273273139252964,44.89042929325558,44.270887966592596,104879200,44.80226516723633
2019-03-19 00:00:00,44.88090335634377,45.03340534638429,44.30186992001534,126585600,44.44722366333008
2019-03-20 00:00:00,44.375737368520994,45.152547444755115,44.018310490038075,124140800,44.835628509521484
2019-03-21 00:00:00,45.27883381453322,46.78240882980378,45.22879245634288,204136800,46.486934661865234
2019-03-22 00:00:00,46.54651613890854,47.106486442351226,45.45993886884796,169630800,45.52427673339844
2019-03-25 00:00:00,45.633888431682614,45.745882499269285,44.46391365530103,175381200,44.97384262084961
2019-03-26 00:00:00,45.66962270436676,45.96033017793337,43.98256747013785,199202000,44.50917434692383
2019-03-27 00:00:00,44.97621570071659,45.216881824139065,44.45199033761694,119393600,44.90949630737305
2019-03-28 00:00:00,45.023874875034785,45.16922862786753,44.68551117609868,83121600,44.96907043457031
2019-03-29 00:00:00,45.23357588955932,45.293147052512026,44.92618665259963,94256000,45.262168884277344
2019-04-01 00:00:00,45.66485430363971,45.67438408651486,44.88804792365926,111448000,45.569541931152344
2019-04-02 00:00:00,45.533811111682674,46.33683282315308,45.52428132586758,91062800,46.23198699951172
2019-04-03 00:00:00,46.0485090099495,46.82293412913364,46.02467909036973,93087200,46.54890823364258
2019-04-04 00:00:00,46.41545880854789,46.79194893860823,46.02229064603285,76457200,46.62991714477539
2019-04-05 00:00:00,46.81100893546065,46.96589610699699,46.687099925418465,74106400,46.94206619262695
2019-04-08 00:00:00,46.8038588026213,47.7117225101516,46.78479559908021,103526800,47.680747985839844
2019-04-09 00:00:00,47.733160570044454,48.336020162490136,47.473427659375616,143072800,47.53776550292969
2019-04-10 00:00:00,47.34238048248308,47.833249790891394,47.22323818776864,86781200,47.80465316772461
2019-04-11 00:00:00,47.85946211752939,47.89520335222447,47.28519537386603,83603200,47.40671920776367
2019-04-12 00:00:00,47.4662953407457,47.690283464181285,46.753826657487316,111042800,47.38766098022461
2019-04-15 00:00:00,47.31855093020654,47.62117335589848,47.182726978383926,70146400,47.47343444824219
2019-04-16 00:00:00,47.52824036298592,47.98336111335143,47.31378207550533,102785600,47.47819900512695
2019-04-17 00:00:00,47.54731494054126,48.46233071134388,47.3257119730381,115627200,48.40275955200195
2019-04-18 00:00:00,48.40036639173176,48.64579923684503,48.25739781446443,96783200,48.576698303222656
2019-04-22 00:00:00,48.331267903197975,48.83404857594951,48.214507135311784,77758000,48.736351013183594
2019-04-23 00:00:00,48.71252783391583,49.50363459409804,48.58623726397296,93292000,49.43929672241211
2019-04-24 00:00:00,49.4106933007407,49.6775708811361,49.33682565873371,70162400,49.363037109375
2019-04-25 00:00:00,49.28439996099873,49.5060028744457,48.87693173068337,74172800,48.91505813598633
2019-04-26 00:00:00,48.82451383821142,48.848343752952516,48.162082930875414,74596400,48.68154525756836
2019-04-29 00:00:00,48.70536025633508,49.07946874270756,48.576688199963,88818800,48.755401611328125
2019-04-30 00:00:00,48.38607033097731,48.46708622241454,47.44484688744978,186139600,47.81657028198242
2019-05-01 00:00:00,50.01116380100785,51.305047195466486,49.85627665797254,259309200,50.163665771484375
2019-05-02 00:00:00,50.00163618282265,50.671215281428715,49.594171580722325,127985200,49.83721923828125
2019-05-03 00:00:00,50.25183551985448,50.478205146321336,50.094566822586664,83569600,50.45676040649414
2019-05-06 00:00:00,48.679157328406795,49.763352940920356,48.490914101974354,129772400,49.67757034301758
2019-05-07 00:00:00,49.05803373574075,49.42499041337888,47.854695800035216,155054800,48.33841323852539
2019-05-08 00:00:00,48.10965396395561,48.92935347903369,48.07391273228292,105358000,48.347938537597656
2019-05-09 00:00:00,47.752234575494825,48.05723858660724,46.86105245762417,139634400,47.828487396240234
2019-05-10 00:00:00,47.22330340337194,47.56536448730354,46.11101450339134,164834800,47.1658935546875
2019-05-13 00:00:00,44.90065057528068,45.32403587911326,43.73812763352999,229722400,44.42463684082031
2019-05-14 00:00:00,44.589690316645736,45.37666407819567,44.35048807727735,146118800,45.12789535522461
2019-05-15 00:00:00,44.556206125860285,45.86703349261073,44.49640556068087,106178800,45.668495178222656
2019-05-16 00:00:00,45.426903496365576,46.03926071716833,45.17095531817391,132125600,45.467567443847656
2019-05-17 00:00:00,44.7140667516376,45.663699804341405,44.67340281448622,131516400,45.2092170715332
2019-05-20 00:00:00,43.89840254691123,44.096940873230245,43.123385861635015,154449200,43.7955436706543
2019-05-21 00:00:00,44.30503541950881,44.97001729820006,44.18064924329761,113459200,44.635135650634766
2019-05-22 00:00:00,44.17108348949689,44.42224655428425,43.66636665166303,118994400,43.72138214111328
2019-05-23 00:00:00,43.008562935243226,43.18557025463366,42.53254916971738,146118800,42.975074768066406
2019-05-24 00:00:00,43.10422662468957,43.568279378868276,42.72628679035779,94858800,42.81000900268555
2019-05-28 00:00:00,42.7980571514169,43.19752438710172,42.55646424358909,111792800,42.63300704956055
2019-05-29 00:00:00,42.200059369611644,42.900923841188686,42.099594865311815,113924800,42.42969512939453
2019-05-30 00:00:00,42.56602753223366,42.87220603302129,42.25984903144603,84873600,42.649749755859375
2019-05-31 00:00:00,42.15460804379681,42.575606305283934,41.8579996140433,108174400,41.87713623046875
2019-06-03 00:00:00,42.00390878409617,42.55885600339575,40.728960589625665,161584400,41.45374298095703
2019-06-04 00:00:00,41.96563498785348,43.01573251076257,41.74556939956014,123872000,42.97028350830078
2019-06-05 00:00:00,44.0801918196271,44.250027028807736,43.329096875378795,119093600,43.663978576660156
2019-06-06 00:00:00,43.793138271764924,44.364831371467275,43.57067833258456,90105200,44.305030822753906
2019-06-07 00:00:00,44.61360655057878,45.90769148933359,44.43659923654732,122737600,45.48430252075195
2019-06-10 00:00:00,45.88137267413092,46.732931908705964,45.835923672858236,104883600,46.06555938720703
2019-06-11 00:00:00,46.610948421278835,46.88363882764626,46.30955491422111,107731600,46.5989875793457
2019-06-12 00:00:00,46.393273742142995,46.87646328917654,46.259321071663166,73012800,46.45068359375
2019-06-13 00:00:00,46.57266682669041,47.07259854029726,46.30954660107747,86698400,46.441104888916016
2019-06-14 00:00:00,45.81918484080178,46.307155751593456,45.52018207317705,75046000,46.10383605957031
2019-06-17 00:00:00,46.142094799698384,46.63485431092616,45.96747824641038,58676400,46.37890625
2019-06-18 00:00:00,46.89560444365913,47.90981970395543,46.694675418498946,106204000,47.469688415527344
2019-06-19 00:00:00,47.76389566380698,47.811739025879014,47.19698759262692,84496800,47.33094024658203
2019-06-20 00:00:00,47.92894825704651,47.986358104546575,47.36921593118183,86056000,47.71127700805664
2019-06-21 00:00:00,47.553407198246234,48.04377253215675,47.39792354850374,191202400,47.548622131347656
2019-06-24 00:00:00,47.491204251365325,47.87871430604713,47.402700603352024,72881600,47.50077438354492
2019-06-25 00:00:00,47.46488790932587,47.663426161251905,46.7137931929715,84281200,46.7807731628418
2019-06-26 00:00:00,47.30702989408513,48.07726142928263,47.206565387311976,104270000,47.79261016845703
2019-06-27 00:00:00,47.90982142160545,48.21600368750745,47.73759914382003,83598800,47.778263092041016
2019-06-28 00:00:00,47.52469168182497,47.72083923918838,47.1347945750101,124442400,47.342899322509766
2019-07-01 00:00:00,48.59870708259573,48.91445571612795,47.995916559447814,109012000,48.21120071411133
2019-07-02 00:00:00,48.17771659878482,48.589144680081205,48.16575575864351,67740800,48.49346160888672
2019-07-03 00:00:00,48.625032628500364,48.902508111863035,48.483904178318824,45448000,48.89533233642578
2019-07-05 00:00:00,48.64178034451634,49.055599226493996,48.534136409086,69062000,48.85227584838867
2019-07-08 00:00:00,48.034190594932134,48.17531900929946,47.46010680601736,101354400,47.84522247314453
2019-07-09 00:00:00,47.649087439105884,48.201644052257606,47.55579870766386,82312000,48.137062072753906
2019-07-10 00:00:00,48.28297482406582,48.73267256467266,48.21360412874839,71588400,48.61307144165039
2019-07-11 00:00:00,48.63221103397268,48.89054991349479,48.24948960685378,80767200,48.259056091308594
2019-07-12 00:00:00,48.426486993480296,48.797251151333036,48.36668644059876,70380800,48.62981033325195
2019-07-15 00:00:00,48.81878382184684,49.2445635130071,48.79725649643611,67789600,49.086692810058594
2019-07-16 00:00:00,48.93838218259591,49.30197058543267,48.67765263415199,67467200,48.91685485839844
2019-07-17 00:00:00,48.80921787684371,49.05798660085317,48.622640421352486,56430000,48.64177703857422
2019-07-18 00:00:00,48.79725175606653,49.246953087288276,48.72549036173215,74162400,49.19432830810547
2019-07-19 00:00:00,49.22543030950413,49.39526551603992,48.40496832917344,83717200,48.459983825683594
2019-07-22 00:00:00,48.71353210630533,49.56987651762095,48.7039656231899,89111600,49.56748580932617
2019-07-23 00:00:00,49.864099833734244,49.971740110187,49.58423000504602,73420800,49.954994201660156
2019-07-24 00:00:00,49.67512349936027,50.02914175520972,49.55552239198474,59966400,49.91432571411133
2019-07-25 00:00:00,49.96694883497979,50.05067106733842,49.45027119228103,55638400,49.5196418762207
2019-07-26 00:00:00,49.62968434831801,50.16788943836609,49.54835645514004,70475600,49.69187927246094
2019-07-29 00:00:00,49.864094780283324,50.385553851109734,49.859309714055385,86693600,50.15591812133789
2019-07-30 00:00:00,49.935858243770845,50.27074356929918,49.5890157262072,135742800,49.940643310546875
2019-07-31 00:00:00,51.76814519291497,52.95219547888276,50.54343096661381,277125600,50.95964050292969
2019-08-01 00:00:00,51.165354806371035,52.15326117014312,49.452669637980264,216071600,49.85691833496094
2019-08-02 00:00:00,49.16322646839944,49.37850698227008,48.2303393750456,163448400,48.802032470703125
2019-08-05 00:00:00,47.35965283602837,47.517523540558116,46.065567840975476,209572000,46.24736022949219
2019-08-06 00:00:00,46.957790753154114,47.3787890279519,46.4148006509655,143299200,47.122840881347656
2019-08-07 00:00:00,46.74251147526255,47.73519932999547,46.36218078247986,133457600,47.61081314086914
2019-08-08 00:00:00,47.888289320978814,48.68483324483393,47.69453608408315,108038000,48.660911560058594
2019-08-09 00:00:00,48.33435204748465,48.6849121066314,47.85172652260763,98478800,48.259918212890625
2019-08-12 00:00:00,47.93097076329877,48.51444257030938,47.81811826695935,89927600,48.13746643066406
2019-08-13 00:00:00,48.267120536421295,50.93715403198438,48.137458527792965,188874000,50.176002502441406
2019-08-14 00:00:00,48.78095677565512,49.568520645476625,48.64409173261856,146189600,48.68251037597656
2019-08-15 00:00:00,48.85298602812595,49.256370752440425,47.94296327976374,108909600,48.43999481201172
2019-08-16 00:00:00,49.04989601880567,49.74141717055693,48.944246546865365,110481600,49.582942962646484
2019-08-19 00:00:00,50.57219353284465,51.07882804853604,50.43052887765902,97654400,50.50736618041992
2019-08-20 00:00:00,50.634616760971866,51.227691316707656,50.50015516617898,107537200,50.50975799560547
2019-08-21 00:00:00,51.14125698244228,51.29972750063154,50.807502749106995,86141600,51.05721664428711
2019-08-22 00:00:00,51.189276167751544,51.48941498513007,50.60340461002002,89014800,51.01399612426758
2019-08-23 00:00:00,50.28645358396467,50.91554700309597,48.2623192659155,187272000,48.65610122680664
2019-08-26 00:00:00,49.429257136875236,49.748605248722136,49.237167578736795,104174400,49.580528259277344
2019-08-27 00:00:00,49.90949029926712,50.07516753420753,48.86980886104783,103493200,49.021080017089844
2019-08-28 00:00:00,49.00667191279658,49.395650682194926,48.819385567248915,63755200,49.35002899169922
2019-08-29 00:00:00,50.0631602076527,50.260053051987526,49.621356699521705,83962000,50.18561553955078
2019-08-30 00:00:00,50.461749711640046,50.531380318643734,49.75101924277267,84573600,50.120792388916016
2019-09-03 00:00:00,49.56612630727239,49.69818812822895,49.03548289552534,80092000,49.390846252441406
2019-09-04 00:00:00,50.036742667870506,50.29846283883695,49.77982574387522,76752400,50.22883224487305
2019-09-05 00:00:00,50.90354224548307,51.376561303793046,50.78588651283309,95654800,51.21088409423828
2019-09-06 00:00:00,51.395778829958495,51.484618759601176,51.02600570478871,77449200,51.20608901977539
2019-09-09 00:00:00,51.58545739982879,51.96963654756328,50.68024137405337,109237600,51.424583435058594
2019-09-10 00:00:00,51.3501518092004,52.05127566981013,50.833914491991756,127111600,52.032066345214844
2019-09-11 00:00:00,52.361014009265396,53.715240070323695,52.27937347467052,177158400,53.686424255371094
2019-09-12 00:00:00,53.97696341496987,54.365942133767874,53.511147403478866,128906800,53.56637191772461
2019-09-13 00:00:00,52.8244384765625,53.01412462083623,52.10890847215429,159053200,52.52429962158203
2019-09-16 00:00:00,52.27937453367597,52.85564321495497,52.23855609745347,84632400,52.8004150390625
2019-09-17 00:00:00,52.81482810263167,53.02132375192014,52.61313203639829,73274800,52.99250793457031
2019-09-18 00:00:00,53.07895615977941,53.50875705605579,52.68997737232846,101360000,53.48954772949219
2019-09-19 00:00:00,53.307052941713785,53.72724727960935,52.91327096589523,88242400,53.05493927001953
2019-09-20 00:00:00,53.155788377866706,53.43911767399923,52.2169532408371,221652400,52.279380798339844
2019-09-23 00:00:00,52.57232199753262,52.78602071935204,52.26017685029636,76662000,52.51709747314453
2019-09-24 00:00:00,53.07174949586762,53.42231327005474,52.149723866608696,124763200,52.26737594604492
2019-09-25 00:00:00,52.476268656643114,53.18459549366252,52.13771121007937,87613600,53.07174301147461
2019-09-26 00:00:00,52.824431771617654,53.05013674812319,52.543502278670516,75334000,52.79801940917969
2019-09-27 00:00:00,52.954102545300756,53.05495243556893,52.17134164629169,101408000,52.541114807128906
2019-09-30 00:00:00,53.04053289901251,53.92414352515708,53.01412053525755,103909600,53.77767562866211
2019-10-01 00:00:00,54.04180014068749,54.79814854366671,53.832901018952796,139223200,53.926544189453125
2019-10-02 00:00:00,53.559175493563515,53.68403427770665,52.32740451351937,138449200,52.57472229003906
2019-10-03 00:00:00,52.44746277412271,53.05494719260859,51.6550991210978,114426000,53.021331787109375
2019-10-04 00:00:00,54.17865934180888,54.622866267592265,53.7584649875072,138478800,54.50761032104492
2019-10-07 00:00:00,54.3299328547412,55.20873658677315,54.22668318942507,122306000,54.51961898803711
2019-10-08 00:00:00,54.22187750074084,54.75972389234403,53.86411072762326,111820000,53.880916595458984
2019-10-09 00:00:00,54.51240921020508,54.69489228194408,54.17865501059328,74770400,54.51240921020508
2019-10-10 00:00:00,54.728517233423744,55.33119839486909,54.577249742952276,113013600,55.24715805053711
2019-10-11 00:00:00,55.933864711609424,57.05998604876927,55.78019379619807,166795600,56.71662902832031
2019-10-14 00:00:00,56.402082686698684,57.17764399561088,56.34685817252537,96427600,56.63499069213867
2019-10-15 00:00:00,56.75985808213798,57.062396724114954,56.39729167013194,87360000,56.5029411315918
2019-10-16 00:00:00,56.034714997954104,56.48372515630135,55.99389655879597,73903200,56.27482604980469
2019-10-17 00:00:00,56.44770259671815,56.70221970877233,56.07073017522385,67585200,56.493324279785156
2019-10-18 00:00:00,56.327652182971896,57.04558556492881,56.255618132854494,97433600,56.76465606689453
2019-10-21 00:00:00,57.03117766562347,57.864363302867055,56.983156188347394,87247200,57.749107360839844
2019-10-22 00:00:00,57.905178869368726,58.15489273709962,57.535405818697356,82293600,57.61704635620117
2019-10-23 00:00:00,58.1308924623088,58.40461894002899,57.9195935448391,75828800,58.39020919799805
2019-10-24 00:00:00,58.7095571851868,58.77919144814045,58.06125802035155,69275200,58.48625564575195
2019-10-25 00:00:00,58.38541307794069,59.24260775751769,58.318182266358356,73477200,59.20659255981445
2019-10-28 00:00:00,59.408277532037836,59.84768120784419,59.24020052419486,96572800,59.799659729003906
2019-10-29 00:00:00,59.780451077157984,59.9677374114046,58.24374175415912,142839600,58.41661834716797
2019-10-30 00:00:00,58.769590471718864,58.8992525151432,57.91719901292371,124522000,58.409423828125
2019-10-31 00:00:00,59.365060070154456,59.82847265948915,56.96874904224295,139162000,59.73002624511719
2019-11-01 00:00:00,59.91730459707598,61.45161392666581,59.82606489739292,151125200,61.42520523071289
2019-11-04 00:00:00,61.78777973024419,61.91264217896342,61.31956753037255,103272000,61.8286018371582
2019-11-05 00:00:00,61.720540736224365,61.99427084278033,61.54526436432109,79897600,61.73975372314453
2019-11-06 00:00:00,61.65331419578515,61.826194451970366,61.31716017753835,75864400,61.76616668701172
2019-11-07 00:00:00,62.3128483676645,62.7005915790344,62.16112308276353,94940400,62.47902297973633
2019-11-08 00:00:00,62.30081516113781,62.72227105623637,61.85768527338709,69986400,62.6500244140625
2019-11-11 00:00:00,62.20689431328376,63.21116685235938,62.202080319789076,81821200,63.14614486694336
2019-11-12 00:00:00,62.989594960966514,63.28823158323448,62.83787700281728,87388800,63.08833694458008
2019-11-13 00:00:00,62.88845879591601,63.7674940904905,62.87400946446836,102734400,63.69283676147461
2019-11-14 00:00:00,63.519410321387355,63.79155153017044,63.12203917697569,89182800,63.25209045410156
2019-11-15 00:00:00,63.50256731633181,64.00831588526924,63.341214024330995,100206400,64.00350189208984
2019-11-18 00:00:00,64.01313169523063,64.40568896392628,63.635031105699284,86703200,64.32621765136719
2019-11-19 00:00:00,64.51886989658281,64.54295455850364,63.914386775129536,76167200,64.13113403320312
2019-11-20 00:00:00,63.95052001576698,64.0805639810246,62.71264022711498,106234400,63.38456344604492
2019-11-21 00:00:00,63.504975845506166,63.58204383142426,62.90048531472307,121395200,63.100379943847656
2019-11-22 00:00:00,63.240052360746795,63.38214231017823,62.81859650494602,65325200,63.044979095458984
2019-11-25 00:00:00,63.26893748374765,64.16724299013734,63.223178841221305,84020400,64.15038299560547
2019-11-26 00:00:00,64.2876744119495,64.34065772923968,63.21838008089831,105207600,63.649471282958984
2019-11-27 00:00:00,63.960142519969104,64.53814504778033,63.89512054291369,65235600,64.50442504882812
2019-11-29 00:00:00,64.20580352668654,64.54296680875088,64.0372182108502,46617600,64.36234283447266
2019-12-02 00:00:00,64.36714012426806,64.6031580352692,63.44716783971832,94487200,63.61815643310547
2019-12-03 00:00:00,62.20929283970755,62.503108076906436,61.72281500581728,114430400,62.48384475708008
2019-12-04 00:00:00,62.873997512530956,63.413458716319425,62.78006952636724,67181600,63.03535079956055
2019-12-05 00:00:00,63.52906394668115,64.03481252591874,63.273782660423635,74424400,63.960147857666016
2019-12-06 00:00:00,64.41773515061479,65.26546100190234,64.37437981221761,106075600,65.19561767578125
2019-12-09 00:00:00,65.02463432244109,65.2172969657752,63.798800431426635,128042400,64.28287506103516
2019-12-10 00:00:00,64.68746036332061,65.04148360806178,64.02757585193183,90420400,64.65856170654297
2019-12-11 00:00:00,64.73804673524272,65.28955405101115,64.66338940620615,78756800,65.21007537841797
2019-12-12 00:00:00,64.48996114027678,65.64113724354316,64.3791805323222,137310400,65.376220703125
2019-12-13 00:00:00,65.37623737672222,66.30103115854632,65.2485967405498,133587600,66.26490783691406
2019-12-16 00:00:00,66.7104248514686,67.62317965371567,66.70561086015303,128186000,67.39920043945312
2019-12-17 00:00:00,67.32938692874545,67.85921278461262,67.14394163202556,114158400,67.53168487548828
2019-12-18 00:00:00,67.38477250929151,67.89052104298418,67.22100855730946,116028400,67.37032318115234
2019-12-19 00:00:00,67.31253704760239,67.71713300190731,67.18008240112675,98369200,67.4377670288086
2019-12-20 00:00:00,67.97000364021376,68.07114894305518,67.08614715319112,275978000,67.29808044433594
2019-12-23 00:00:00,67.5605836287108,68.45647873677,67.52204963647512,98572000,68.39627075195312
2019-12-24 00:00:00,68.5624563754821,68.61062571090498,68.13618642046343,48478800,68.4613037109375
2019-12-26 00:00:00,68.59376902155901,69.8364629694818,68.56487035875298,93121200,69.8196029663086
2019-12-27 00:00:00,70.11099839799601,70.79737094783557,69.38850252439819,146266000,69.79309844970703
2019-12-30 00:00:00,69.71120798213394,70.4890977572307,68.69008295692782,144114400,70.20732116699219
2019-12-31 00:00:00,69.82440364292783,70.72752343141342,69.72566166410049,100805600,70.72029876708984
2020-01-02 00:00:00,71.34404690340438,72.39407791515757,71.09117632272992,135480400,72.33386993408203
2020-01-03 00:00:00,71.56322834377139,72.38928035156616,71.40668901147588,146322800,71.63066101074219
2020-01-06 00:00:00,70.75404341628553,72.23997291016137,70.5035760497976,118387200,72.2014389038086
2020-01-07 00:00:00,72.21104883104543,72.46633010238772,71.64268897397623,108872000,71.86184692382812
2020-01-08 00:00:00,71.56562867701548,73.31888511458335,71.56562867701548,132079200,73.0178451538086
2020-01-09 00:00:00,73.99319481949146,74.76144921222713,73.7427349209394,170108400,74.56878662109375
2020-01-10 00:00:00,74.80241031619431,75.3009342510977,74.23645372460896,140644800,74.73738098144531
2020-01-13 00:00:00,75.05285582286368,76.36057125816924,74.9348431957367,121532000,76.33407592773438
2020-01-14 00:00:00,76.27147084582813,76.48099343710987,75.18050255877637,161954400,75.3033218383789
2020-01-15 00:00:00,75.10343270524221,75.98246770801262,74.54951490172726,121923600,74.98060607910156
2020-01-16 00:00:00,75.52248200660513,76.03064118697364,75.16123412136378,108829200,75.91985321044922
2020-01-17 00:00:00,76.16790133072386,76.76275640961391,75.86204746774389,137816400,76.7603530883789
2020-01-21 00:00:00,76.38945739784091,76.83017646283267,76.10286689971221,110843200,76.24014282226562
2020-01-22 00:00:00,76.72423213565071,77.06380603496487,76.4183782339569,101832400,76.5123062133789
2020-01-23 00:00:00,76.56529382668359,76.96025438766408,76.01860061750638,104472000,76.88078308105469
2020-01-24 00:00:00,77.12644008388187,77.86819933392093,76.46896614550444,146537600,76.65922546386719
2020-01-27 00:00:00,74.67237218746828,75.08419286532549,73.4248641436704,161940000,74.4050521850586
2020-01-28 00:00:00,75.28405419350632,76.68087628820244,75.18531223152581,162234000,76.5098876953125
2020-01-29 00:00:00,78.13793790519387,78.95676515736241,77.39858197163568,216229200,78.11144256591797
2020-01-30 00:00:00,77.19627050016777,78.05122092954578,76.76517927864235,126743200,77.99823760986328
2020-01-31 00:00:00,77.29019066933044,77.71164655303768,74.24607885109228,199588400,74.5398941040039
2020-02-03 00:00:00,73.28516622775322,75.49841264105945,72.7842389592195,173788400,74.33519744873047
2020-02-04 00:00:00,75.9367288800473,76.97953543976107,75.53213292898627,136616400,76.78927612304688
2020-02-05 00:00:00,77.91393700101683,78.21257356762338,76.81334075627086,118826800,77.41542053222656
2020-02-06 00:00:00,77.68518356993593,78.32338692930988,77.12886221236752,105425600,78.32097625732422
2020-02-07 00:00:00,77.82125391424971,78.06989925267796,76.76632167871378,117684000,77.2563705444336
2020-02-10 00:00:00,75.84415588740227,77.62329864501953,75.7644959675757,109348800,77.62329864501953
2020-02-11 00:00:00,78.11816550122239,78.19058359645562,76.93769897957516,94323200,77.15496063232422
2020-02-12 00:00:00,77.60396869052254,78.99203855171046,77.60396869052254,113730400,78.98721313476562
2020-02-13 00:00:00,78.26061390209061,78.75066279160559,78.0578358133656,94747600,78.42476654052734
2020-02-14 00:00:00,78.39337649475979,78.6927218682662,77.93712767417983,80113600,78.44407653808594
2020-02-18 00:00:00,76.12899353565957,77.18875828805763,75.94794093607852,152531200,77.00770568847656
2020-02-19 00:00:00,77.24911404532844,78.3523297233802,77.24911404532844,93984000,78.12299346923828
2020-02-20 00:00:00,77.88401513292217,78.37164756799683,76.81700838375629,100566000,77.32154083251953
2020-02-21 00:00:00,76.91598466630131,77.35775721221363,74.95578935685651,129554000,75.57136535644531
2020-02-24 00:00:00,71.75959476642028,73.43010258149737,69.82112528029087,222195200,71.98168182373047
2020-02-25 00:00:00,72.65037140517215,73.03178561562022,69.07277049917455,230673600,69.54350280761719
2020-02-26 00:00:00,69.16934783382864,71.90927916190874,69.16210602316792,198054800,70.64673614501953
2020-02-27 00:00:00,67.85852144500781,69.04139705399142,65.8934935311334,320605600,66.02867889404297
2020-02-28 00:00:00,62.10348270400579,67.20916656577968,61.88862999768775,426510000,65.99007415771484
2020-03-02 00:00:00,68.14336733709636,72.76865844299596,67.04256816593558,341397200,72.1337661743164
2020-03-03 00:00:00,73.30699080209732,73.38665070115958,68.99310485052062,319475600,69.84284973144531
2020-03-04 00:00:00,71.5616724101691,73.24183913660247,70.76262721041282,219178400,73.08251190185547
2020-03-05 00:00:00,71.33954955045269,72.31240522279981,70.34738484234605,187572800,70.71190643310547
2020-03-06 00:00:00,68.0757689182747,70.20494899083147,67.88989092478414,226176800,69.77283477783203
2020-03-09 00:00:00,63.670179502443226,67.1319051551366,63.48912685930832,286744800,64.25437927246094
2020-03-10 00:00:00,66.90257561810807,69.14762542571471,65.0268655374001,285290000,68.882080078125
2020-03-11 00:00:00,66.96293286366341,67.8875051992336,65.62796418784407,255598800,66.48977661132812
2020-03-12 00:00:00,61.784814276675704,65.17894700154001,59.86806983845157,418474000,59.92359161376953
2020-03-13 00:00:00,63.94538830639056,67.5736832780311,61.06302571813862,370732000,67.10294342041016
2020-03-16 00:00:00,58.40758489593045,62.54282496971143,57.9368487366503,322423600,58.47035217285156
2020-03-17 00:00:00,59.749787528944104,62.187961018540406,57.55060118117008,324056000,61.041297912597656
2020-03-18 00:00:00,57.88131079294163,60.350867249400196,57.241589389983226,300233600,59.546993255615234
2020-03-19 00:00:00,59.72080725380135,61.03645549375763,58.56689890473273,271857200,59.09074401855469
2020-03-20 00:00:00,59.67011594836406,60.79264444451166,55.03999854094989,401693200,55.33934020996094
2020-03-23 00:00:00,55.059304798459365,55.1606938155284,51.3247927605554,336752800,54.1636962890625
2020-03-24 00:00:00,57.05813231967632,59.79323446043245,56.56084169108887,287531200,59.59769821166992
2020-03-25 00:00:00,60.53192941719469,62.34245572079971,58.974877532799404,303602000,59.26939010620117
2020-03-26 00:00:00,59.51078437689467,62.44624776872447,59.47215893769996,252087200,62.38831329345703
2020-03-27 00:00:00,61.01473571142301,61.767913466106,59.638736473627105,204216800,59.80530548095703
2020-03-30 00:00:00,60.529513617295876,61.683422027854625,60.206030134757754,167976400,61.51202392578125
2020-03-31 00:00:00,61.70274302705608,63.3660094986333,60.8336888557072,197002000,61.38650131225586
2020-04-01 00:00:00,59.505973395261975,60.04188955581618,57.726830460711994,176218400,58.15652847290039
2020-04-02 00:00:00,58.018923255417455,59.18007364013517,57.1884945265853,165934000,59.1269645690918
2020-04-03 00:00:00,58.61276473473643,59.3128333420279,57.688188979235456,129880000,58.27721405029297
2020-04-06 00:00:00,60.568142628925735,63.51567759082076,60.20121192500367,201820400,63.361183166503906
2020-04-07 00:00:00,65.37206051111131,65.58932954032026,62.52350234713508,202887200,62.62730407714844
2020-04-08 00:00:00,63.42635444288139,64.54405384793799,63.06184016051964,168895200,64.23023223876953
2020-04-09 00:00:00,64.86511208653789,65.19583364514321,63.899498254908295,161834800,64.69371032714844
2020-04-13 00:00:00,64.77098217772529,66.07215077341053,64.17229875609489,131022800,65.96351623535156
2020-04-14 00:00:00,67.59299170512948,69.58457092501276,67.12225185179103,194994800,69.29488372802734
2020-04-15 00:00:00,68.17234288135833,69.1210568119712,67.74506136385055,131154400,68.66239166259766
2020-04-16 00:00:00,69.37454631683273,69.57249897577765,68.16028687860133,157125200,69.20797729492188
2020-04-17 00:00:00,68.72516946310567,69.27074378183441,66.83497575491855,215250000,68.26891326904297
2020-04-20 00:00:00,67.09810395402242,67.99853426971617,66.83255863780644,130015200,66.85186767578125
2020-04-21 00:00:00,66.69497200558625,66.92913374203486,64.07574203406564,180991600,64.78546905517578
2020-04-22 00:00:00,66.0504275035955,67.08605088562258,65.7100549516025,116862400,66.65152740478516
2020-04-23 00:00:00,66.59597413685326,68.01542772017612,66.35457066668404,124814400,66.39319610595703
2020-04-24 00:00:00,66.91703375483024,68.31958709401815,66.86875012200237,126161200,68.30992889404297
2020-04-27 00:00:00,68.02750161594408,68.68895219864656,67.58091104598891,117087600,68.35823059082031
2020-04-28 00:00:00,68.81932145434843,69.00037411858965,67.15847120269908,112004800,67.25019836425781
2020-04-29 00:00:00,68.73481211774124,69.92734583940624,68.53203408860236,137280800,69.45902252197266
2020-04-30 00:00:00,69.99737340670072,71.1005894315717,69.6087172156617,183064000,70.92436218261719
2020-05-01 00:00:00,69.1017567929507,72.17965163700352,69.00519685948858,240616800,69.78251647949219
2020-05-04 00:00:00,69.80666159250394,70.89780288941466,69.11866006272429,133568000,70.76985931396484
2020-05-05 00:00:00,71.2285148811078,72.66245223551824,71.08367131021836,147751200,71.83202362060547
2020-05-06 00:00:00,72.53209353947886,73.20319497472518,72.14826285856589,142333600,72.57313537597656
2020-05-07 00:00:00,73.19838637752463,73.66912625746833,72.89663193321505,115215200,73.32391357421875
2020-05-08 00:00:00,73.98229650289032,75.1223827731926,73.65551811313698,133838400,75.06912994384766
2020-05-11 00:00:00,74.57775171164975,76.74415709638575,74.36957888241814,145946400,76.2503662109375
2020-05-12 00:00:00,76.93295343320654,77.38318317958411,75.25792355724299,162301200,75.37895202636719
2020-05-13 00:00:00,75.55809815483286,76.47791927324582,73.39410778103768,200622400,74.46884155273438
2020-05-14 00:00:00,73.7087840752181,74.98684482021679,72.98745151047878,158929200,74.92633056640625
2020-05-15 00:00:00,72.70183914100667,74.52936698148157,72.66794760699226,166348400,74.4833755493164
2020-05-18 00:00:00,75.80499689236754,76.61104348348049,75.11513293810333,135178400,76.23827362060547
2020-05-19 00:00:00,76.25521336264156,77.0999898949941,75.76626090152799,101729600,75.7977294921875
2020-05-20 00:00:00,76.65460843756124,77.34204942619355,76.6158784313997,111504800,77.27185821533203
2020-05-21 00:00:00,77.1338698714014,77.67365953830173,76.45852890117943,102688800,76.69574737548828
2020-05-22 00:00:00,76.43434344951643,77.27186606725144,76.3326836366315,81803200,77.18956756591797
2020-05-26 00:00:00,78.30544857938091,78.48456841631166,76.61104938291827,125522000,76.6667251586914
2020-05-27 00:00:00,76.52391007078806,77.14599099987917,75.78563172544763,112945200,77.0007553100586
2020-05-28 00:00:00,76.6763980387844,78.29092158030248,76.40045688271769,133560800,77.0346450805664
2020-05-29 00:00:00,77.27669643163954,77.73660324937043,76.60377827424547,153532400,76.95960235595703
2020-06-01 00:00:00,76.91357873734127,78.02704193682199,76.78286594508734,80791200,77.90601348876953
2020-06-02 00:00:00,77.63976650286615,78.2909002875674,77.19922108217762,87642800,78.26669311523438
2020-06-03 00:00:00,78.58621141173712,78.95898118849432,78.01495316022684,104491200,78.69755554199219
2020-06-04 00:00:00,78.52085026224736,78.81857555541607,77.6470209126839,87560400,78.01979064941406
2020-06-05 00:00:00,78.26911957554665,80.30239656428226,78.24007392223491,137250400,80.24188232421875
2020-06-08 00:00:00,79.93931540745123,80.75020774515244,79.23009024878114,95654400,80.71631622314453
2020-06-09 00:00:00,80.3968056767083,83.65730597576551,80.36533708864444,147712400,83.26517486572266
2020-06-10 00:00:00,84.2116096226659,85.87453965160508,83.77348714351568,166651600,85.4073715209961
2020-06-11 00:00:00,84.5529390302518,84.97653882509627,81.20529361612985,201662400,81.30695343017578
2020-06-12 00:00:00,83.44187634114364,84.18740853476542,80.90027823694467,200146000,82.00889587402344
2020-06-15 00:00:00,80.66547714891838,83.67424321088224,80.5032957450343,138808800,83.02310943603516
2020-06-16 00:00:00,85.07333742619001,85.49452156139306,83.44187587324252,165428800,85.2234115600586
2020-06-17 00:00:00,85.96651946571197,86.02703369979835,84.9837688951085,114406400,85.10479736328125
2020-06-18 00:00:00,85.06122714286937,85.55502535124322,84.53112187218672,96820400,85.13868713378906
2020-06-19 00:00:00,85.8430918789263,86.30783714893171,83.54596609025744,264476000,84.65216827392578
2020-06-22 00:00:00,85.04428539322777,87.00978658675993,84.99829398313842,135445200,86.86697387695312
2020-06-23 00:00:00,88.1087341820106,90.1371727058119,87.6899729783668,212155600,88.72113800048828
2020-06-24 00:00:00,88.35079128217394,89.26818923809188,86.78225950639512,192623200,87.155029296875
2020-06-25 00:00:00,87.30996064055707,88.35080275936323,86.55232106785238,137522400,88.31207275390625
2020-06-26 00:00:00,88.20797597788908,88.42824869367755,85.4509437109353,205256800,85.59860229492188
2020-06-29 00:00:00,85.50662726415537,87.6657787527797,85.02977472321102,130646000,87.57137298583984
2020-06-30 00:00:00,87.15987418081895,88.58801627360432,87.14051287267962,140223200,88.30238342285156
2020-07-01 00:00:00,88.37984827441205,88.9220535759505,88.08696138066959,110737200,88.13536834716797
2020-07-02 00:00:00,89.04066652590694,89.67485466688348,88.02160865174983,114041600,88.13536834716797
2020-07-06 00:00:00,89.56107543992535,90.96016437699369,89.5296068531223,118655600,90.49299621582031
2020-07-07 00:00:00,90.87061453958542,91.6476154008952,90.10087509241899,112424400,90.21221923828125
2020-07-08 00:00:00,91.1877146099101,92.34474679060094,91.10057024745561,117092000,92.31327819824219
2020-07-09 00:00:00,93.20402645939578,93.25727928434208,91.66454778966232,125642800,92.71023559570312
2020-07-10 00:00:00,92.30599364635842,92.93050469526396,91.69601281004776,90257200,92.87240600585938
2020-07-13 00:00:00,94.17468319640058,96.77921853086478,92.23096604261153,191649200,92.44397735595703
2020-07-14 00:00:00,91.82672629574613,94.16499745387678,90.89481289415856,170989200,93.9737777709961
2020-07-15 00:00:00,95.84489458759741,96.09421302015997,93.42432441242931,153198000,94.62008666992188
2020-07-16 00:00:00,93.49450240060445,94.31023318785083,92.85789140298706,110577600,93.45577239990234
2020-07-17 00:00:00,93.90599401950857,94.06090662183887,92.79494615025625,92186800,93.26696014404297
2020-07-20 00:00:00,93.35411067179673,95.37044189094031,93.01038653957822,90318000,95.23246765136719
2020-07-21 00:00:00,96.02158957813295,96.09662665534265,93.66879530005893,103433200,93.9181137084961
2020-07-22 00:00:00,93.620364272229,94.86211761268852,93.53322731563136,89001600,94.18193817138672
2020-07-23 00:00:00,93.91568143989768,93.99314144318696,89.08664931990235,197004400,89.8951187133789
2020-07-24 00:00:00,88.0966309470678,90.016140810345,86.31266499943915,185438800,89.67241668701172
2020-07-27 00:00:00,90.7326345162056,91.88966654711753,90.50994623863684,121214000,91.79768371582031
2020-07-28 00:00:00,91.36924487069622,91.54594911832494,90.2848269844815,103625600,90.2896728515625
2020-07-29 00:00:00,90.7713632677891,92.20434377285328,90.73505619988047,90329200,92.02037811279297
2020-07-30 00:00:00,91.19496376791191,93.23792519284922,90.78830982976133,158130000,93.13384246826172
2020-07-31 00:00:00,99.61613418906329,103.03397765297315,97.62157959922047,374336800,102.88390350341797
2020-08-03 00:00:00,104.7622549635953,108.09053834247213,104.4645296144692,308151200,105.47632598876953
2020-08-04 00:00:00,105.6651273181697,107.26996618839969,104.94379489849536,173071600,106.18070983886719
2020-08-05 00:00:00,105.90234853375506,106.8850992523654,105.43759589570149,121776800,106.56558227539062
2020-08-06 00:00:00,106.89719478834881,110.77736760867772,106.30899814130089,202428800,110.2835693359375
2020-08-07 00:00:00,109.80586023116359,110.26174899503663,106.98081367668276,198045600,107.77619171142578
2020-08-10 00:00:00,109.21903076531765,110.35875275642206,106.69710077257369,212403600,109.34270477294922
2020-08-11 00:00:00,108.60794885006547,109.10505737675727,105.83139636601508,187902400,106.09086608886719
2020-08-12 00:00:00,107.17967383850515,109.8737798216829,106.98568204543375,165598000,109.61673736572266
2020-08-13 00:00:00,110.9940770606822,112.55816241863091,110.5066629686095,210082000,111.5566635131836
2020-08-14 00:00:00,111.38208775805406,111.54698151987802,109.65068105796512,165565200,111.45726013183594
2020-08-17 00:00:00,112.57757328432733,112.60182410704658,110.54062998121614,119561600,111.166259765625
2020-08-18 00:00:00,110.91891544512356,112.51694618501556,110.58427334354063,105633600,112.09258270263672
2020-08-19 00:00:00,112.49995954797271,113.64452867430332,112.13864675565405,145538000,112.23321533203125
2020-08-20 00:00:00,112.27446284451047,114.83762028422797,112.25748652761663,126907200,114.72364807128906
2020-08-21 00:00:00,115.68148161330981,121.1181872782855,115.66935990258521,338054800,120.63562774658203
2020-08-24 00:00:00,124.83319019483912,124.91807177754512,120.21612051624737,345937600,122.0784683227539
2020-08-25 00:00:00,120.95329109467639,121.42130160395935,119.35768029886763,211495600,121.07695770263672
2020-08-26 00:00:00,122.39126546065715,123.17936898693925,121.32671591454528,163022400,122.72348022460938
2020-08-27 00:00:00,123.32488497435537,123.65709978806709,120.11426694187719,155552400,121.25641632080078
2020-08-28 00:00:00,122.22880256231407,122.64589153107447,120.83689273182479,187630000,121.05998992919922
2020-08-31 00:00:00,123.74922926791106,127.06653708598974,122.2166692582802,225702700,125.1653823852539
2020-09-01 00:00:00,128.77371625173845,130.75247109042868,126.61067882372832,151948100,130.1510772705078
2020-09-02 00:00:00,133.45865994566697,133.8369490459464,123.18664339139957,200119000,127.45452117919922
2020-09-03 00:00:00,123.09935930505591,124.97140134269283,116.8818246649217,257599600,117.25041198730469
2020-09-04 00:00:00,116.46473461185484,119.98573625952378,107.56037630423063,332607200,117.32801055908203
2020-09-08 00:00:00,110.52849400857393,115.41716207276087,109.29663073421304,231366600,109.43242645263672
2020-09-09 00:00:00,113.7391214492864,115.56266939432574,111.799173992742,176940500,113.79731750488281
2020-09-10 00:00:00,116.74604363595516,116.88183937183103,109.12204920606632,182274400,110.08232116699219
2020-09-11 00:00:00,111.1298709484181,111.77005705290503,106.69709205627441,180860300,108.63703918457031
2020-09-14 00:00:00,111.27538896641066,112.4490563072492,109.41304115616997,140150100,111.89617156982422
2020-09-15 00:00:00,114.77699015613865,115.26197700807842,110.19871308977739,184642000,112.07076263427734
2020-09-16 00:00:00,111.77006975767836,112.51694623083202,108.6758513682307,154679000,108.76314544677734
2020-09-17 00:00:00,106.42552224944927,108.83105303274593,105.44584667867372,178011000,107.02690124511719
2020-09-18 00:00:00,107.08507634439113,107.55065948223604,102.90448550905262,287104900,103.63196563720703
2020-09-21 00:00:00,101.4010416835348,106.88139403880808,100.00427732246104,195713800,106.77469635009766
2020-09-22 00:00:00,109.29661551959238,109.47121104759135,105.88231201688097,183055400,108.4527359008789
2020-09-23 00:00:00,108.26846907252015,108.74375412227577,103.56409061974239,150718700,103.9035873413086
2020-09-24 00:00:00,102.01212791770884,106.93959588038079,101.84723417179123,167743300,104.97055053710938
2020-09-25 00:00:00,105.17424837255975,109.06384497371614,104.4370662899755,149981400,108.90864562988281
2020-09-28 00:00:00,111.55667272467461,111.85736219121794,109.39362820642745,137672400,111.50817108154297
2020-09-29 00:00:00,111.11049343812664,111.84766814275456,110.1599159291002,99382200,110.66429901123047
2020-09-30 00:00:00,110.37330565840851,113.73911550361659,110.20841190929694,142675200,112.33264923095703
2020-10-01 00:00:00,114.10769446919807,114.18529413378772,112.35204460964711,116120400,113.28321838378906
2020-10-02 00:00:00,109.5003403977725,111.90587864952262,108.85045973551675,144712000,109.62643432617188
2020-10-05 00:00:00,110.4896945754234,113.14742012517607,110.1405034929378,106243800,113.00192260742188
2020-10-06 00:00:00,112.22594105943094,112.63333559022071,108.87953514429641,161498200,109.76221466064453
2020-10-07 00:00:00,111.17837055181317,112.0804462459722,110.70307818585619,96849000,111.62455749511719
2020-10-08 00:00:00,112.7594330889432,112.90493061170089,111.1492733309645,83477200,111.51786804199219
2020-10-09 00:00:00,111.81855175000258,113.48690747123634,111.46936067345082,100506900,113.45780944824219
2020-10-12 00:00:00,116.45502931013961,121.42129686008033,115.69845107798898,240226800,120.66471862792969
2020-10-13 00:00:00,121.50860234126793,121.62500184957032,116.05735487456657,262330500,117.46381378173828
2020-10-14 00:00:00,117.36682718675729,119.33587277286527,116.02826603667377,150712000,117.5511245727539
2020-10-15 00:00:00,115.15527240046332,117.56080289760202,114.60238771843201,112559200,117.08551788330078
2020-10-16 00:00:00,117.63839325335097,117.90029026113083,115.24255735409358,115393800,115.44625091552734
2020-10-19 00:00:00,116.35803418573154,116.80422116143153,112.18715207359088,120639300,112.49754333496094
2020-10-20 00:00:00,112.71094256212962,115.4074757022461,112.15805784138063,124423700,113.98161315917969
2020-10-21 00:00:00,113.16682541230045,115.14557257156684,112.9534300225298,89946000,113.36082458496094
2020-10-22 00:00:00,113.92340448698165,114.49569279996962,111.14927920105526,101988000,112.27445220947266
2020-10-23 00:00:00,112.89524032049677,113.05043966735408,110.84859518576691,82572600,111.58577728271484
2020-10-26 00:00:00,110.58669317293085,113.05042702646372,109.49061825916863,111850700,111.59546661376953
2020-10-27 00:00:00,112.02225897491293,113.75851276167866,111.10078693291935,92276800,113.09893035888672
2020-10-28 00:00:00,111.59547326085323,111.96406058991157,107.76407283902445,143937800,107.86106872558594
2020-10-29 00:00:00,108.99593410290058,113.41901126991604,108.83103296967955,146129200,111.85735321044922
2020-10-30 00:00:00,107.72526275511105,108.62733847489969,104.48555457025763,190272600,105.59132385253906
2020-11-02 00:00:00,105.8338155489353,107.35667373960923,104.09756199136386,122866900,105.50402069091797
2020-11-03 00:00:00,106.36730788899447,108.14235394209176,105.46523215040254,107624400,107.12388610839844
2020-11-04 00:00:00,110.71279779031768,112.119256698551,108.97654397513469,138235500,111.49847412109375
2020-11-05 00:00:00,114.40838224963099,116.02824377297978,113.3608163942021,126387100,115.4559555053711
2020-11-06 00:00:00,114.96527887670223,115.8203256136095,112.83736946099638,114457900,115.32479095458984
2020-11-09 00:00:00,117.083465097586,118.53121707167843,112.75963885381937,154515300,113.02198028564453
2020-11-10 00:00:00,112.27383288243148,114.25598657554706,110.8940882741732,138023400,112.68192291259766
2020-11-11 00:00:00,113.86732789743012,116.23814181960135,113.13859256042241,112295000,116.10211181640625
2020-11-12 00:00:00,116.22841881317535,117.1126137436234,115.20818648034917,103162300,115.83003997802734
2020-11-13 00:00:00,116.05352071993178,116.27699537989376,114.52803521767761,81581900,115.87862396240234
2020-11-16 00:00:00,115.54828982886944,117.55959935095183,114.80012470399369,91183000,116.88916778564453
2020-11-17 00:00:00,116.16041093814378,117.24865091924097,115.5871353083196,74271000,116.00494384765625
2020-11-18 00:00:00,115.24707460935673,116.42276682795455,114.65436922624248,76322100,114.68351745605469
2020-11-19 00:00:00,114.25598215062608,115.68430461397098,113.49809857736044,74113000,115.27621459960938
2020-11-20 00:00:00,115.27621337018954,115.40252482669361,113.96449124482857,73604300,114.01306915283203
2020-11-23 00:00:00,113.85759556092404,114.28512261237464,110.52484606012634,127959300,110.62200927734375
2020-11-24 00:00:00,110.68031687022992,112.56530706965945,109.39773567263003,113874200,111.90458679199219
2020-11-25 00:00:00,112.27384022721371,113.43981393627315,111.90460953598352,76499200,112.74022674560547
2020-11-27 00:00:00,113.26491785124114,114.15883152801634,112.92484280171581,46691300,113.28434753417969
2020-11-30 00:00:00,113.65354831037159,117.54013622605181,113.49808123546687,169410200,115.67457580566406
2020-12-01 00:00:00,117.57902381222483,119.9692749139944,116.60737666127397,127728200,119.24053955078125
2020-12-02 00:00:00,118.56037345602128,119.87210294466338,117.4624149241799,89004200,119.59032440185547
2020-12-03 00:00:00,120.01784962535093,120.27047995352808,118.74499426371094,78967600,119.45429992675781
2020-12-04 00:00:00,119.12393425897255,119.3765645833526,118.07455360054387,78260400,118.78385925292969
2020-12-07 00:00:00,118.84215122001115,121.03807568238211,118.78385476777048,86712000,120.24132537841797
2020-12-08 00:00:00,120.84375108576852,121.43645640289948,119.6000365852931,82225500,120.85346221923828
2020-12-09 00:00:00,120.99920839659741,122.37894545635208,117.5692954268489,115089200,118.32717895507812
2020-12-10 00:00:00,117.08347009062476,120.35792333365181,116.7433951040976,81312200,119.74578094482422
2020-12-11 00:00:00,118.95875310526962,119.27939842297663,117.13205925122674,86939800,118.93932342529297
2020-12-14 00:00:00,119.12392925566253,119.85266455789507,118.09398573402578,79184500,118.32717895507812
2020-12-15 00:00:00,120.81457285609459,124.27364088584986,120.6105278951973,157243700,124.25420379638672
2020-12-16 00:00:00,123.79755773169585,124.73033062366706,122.9716517851633,98208600,124.18621063232422
2020-12-17 00:00:00,125.24530607028412,125.90603381216341,124.40968896582861,94359800,125.05097961425781
2020-12-18 00:00:00,125.3036238225863,125.43965383144652,122.54414204339464,192541500,123.06883239746094
2020-12-21 00:00:00,121.47533543446605,124.67205576340992,119.94984955475292,121251600,124.59432220458984
2020-12-22 00:00:00,127.87850495293172,130.59912042639044,125.97406967366213,168904800,128.14085388183594
2020-12-23 00:00:00,128.4128836440795,128.67521768491736,127.07200590849821,88223700,127.24691009521484
2020-12-24 00:00:00,127.59673715473882,129.67606189128196,127.38297355158525,54930100,128.22830200195312
2020-12-28 00:00:00,130.19097883452193,133.44598718799116,129.7245776284665,124486200,132.81442260742188
2020-12-29 00:00:00,134.13588116304936,134.85489050709643,130.53106400488656,121047300,131.04603576660156
2020-12-30 00:00:00,131.735898609551,132.13427742745725,129.6177004950943,96452100,129.9286346435547
2020-12-31 00:00:00,130.27846074381847,130.91975146585497,127.9853727167279,99116600,128.92787170410156
2021-01-04 00:00:00,129.7343224533574,129.82176713240116,123.16598610776015,143301900,125.74085235595703
2021-01-05 00:00:00,125.23559175221487,128.00479186519019,124.78862757117713,97664900,127.29547882080078
2021-01-06 00:00:00,124.09877604874403,127.33436285992687,122.79676500387103,155088000,123.01052856445312
2021-01-07 00:00:00,124.72063157172194,127.89792197499627,124.2348079857969,109578200,127.20804595947266
2021-01-08 00:00:00,128.67523086681507,128.8695721666665,126.53761000388556,105158200,128.30601501464844
2021-01-11 00:00:00,125.5271038877366,126.47931399049689,124.85666494889938,100384500,125.32305145263672
2021-01-12 00:00:00,124.85662765724163,126.01288984975423,123.26312732143278,91951100,125.14812469482422
2021-01-13 00:00:00,125.1092658720847,127.72299874717103,124.84693184960055,88636800,127.17887878417969
2021-01-14 00:00:00,127.09144788764522,127.28577434890036,125.1092794348303,90221800,125.25503540039062
2021-01-15 00:00:00,125.12871028033413,126.52788445335536,123.39917965706009,111598500,123.53520965576172
2021-01-19 00:00:00,124.15708026227341,125.06071988412404,123.34090015787666,90757300,124.2056655883789
2021-01-20 00:00:00,125.01214395162096,128.7335548533042,124.90526215662156,104319500,128.28659057617188
2021-01-21 00:00:00,130.00635537983658,135.70991781539036,129.80230301173157,120150900,132.9893035888672
2021-01-22 00:00:00,132.4160646907934,135.88485193048166,131.19179469063414,114459400,135.12696838378906
2021-01-25 00:00:00,139.0135690829673,140.97628571065687,132.6686993609781,157611700,138.86781311035156
2021-01-26 00:00:00,139.52854031294,140.20869037046396,137.3617564370404,98390600,139.10101318359375
2021-01-27 00:00:00,139.363363343346,140.20870656534407,136.42899920964183,140843800,138.03221130371094
2021-01-28 00:00:00,135.56422012291074,137.9641898687069,132.82416793009364,142621100,133.20310974121094
2021-01-29 00:00:00,131.9788209864335,132.86302336292994,126.51816929301403,177523800,128.2185516357422
2021-02-01 00:00:00,129.95777399701672,131.54156320206033,127.2177225988055,106239800,130.3367156982422
2021-02-02 00:00:00,131.8816374338767,132.44519444855226,130.7933975854858,83305400,131.16262817382812
2021-02-03 00:00:00,131.9108466256723,131.92057258848567,129.82181063126527,89880900,130.1424560546875
2021-02-04 00:00:00,132.43549143917588,133.5042942626405,130.7739685158837,84183100,133.4945831298828
2021-02-05 00:00:00,133.6551945582066,133.72330378796144,132.20527125837398,75693800,133.0810546875
2021-02-08 00:00:00,132.3706427004726,133.2756324021585,131.29050232328603,71297200,133.2269744873047
2021-02-09 00:00:00,132.94477197557092,134.1708861386868,132.19549648512387,76774200,132.35118103027344
2021-02-10 00:00:00,132.80855342312873,133.3048434386966,130.78450562896475,73046600,131.7478790283203
2021-02-11 00:00:00,132.24413324277845,132.72095704438246,130.17144270344224,64280000,131.49485778808594
2021-02-12 00:00:00,130.7358433658653,131.88409294253404,130.09359452723146,60145100,131.7283935546875
2021-02-16 00:00:00,131.84518629017936,132.35118706954955,129.2178071626484,80576300,129.6070556640625
2021-02-17 00:00:00,127.7192867880388,128.6631943239758,125.98717117222641,97918500,127.3203125
2021-02-18 00:00:00,125.72437503561389,126.50285712605177,123.98253453613503,96856700,126.22066497802734
2021-02-19 00:00:00,126.73646830461514,127.19382620002692,125.33520282491251,87668800,126.37641143798828
2021-02-22 00:00:00,124.56639727156255,126.23040308983671,122.22123254914695,103916400,122.6104736328125
2021-02-23 00:00:00,120.43074421044315,123.30138352656303,115.20519947854247,158273000,122.47425079345703
2021-02-24 00:00:00,121.57899194807914,122.18230857916163,118.94189453786483,111039900,121.97795867919922
2021-02-25 00:00:00,121.32597453863157,123.05808944115938,117.29734557401017,148199500,117.73523712158203
2021-02-26 00:00:00,119.2921941436735,121.49139980199843,117.93958722628282,164560400,117.99797821044922
2021-03-01 00:00:00,120.42100448300808,124.48855870917815,119.48683030882653,116307900,124.35232543945312
2021-03-02 00:00:00,124.95564701355688,125.25730532990295,121.64710890595583,102260900,121.754150390625
2021-03-03 00:00:00,121.45248092660913,122.32827149061751,118.56237577745944,112966300,118.77645874023438
2021-03-04 00:00:00,118.47479946720621,120.2750310748952,115.42900236715201,178155000,116.89837646484375
2021-03-05 00:00:00,117.72552038212189,118.65969453198089,114.40724922583529,153766600,118.15367889404297
2021-03-08 00:00:00,117.6768435254983,117.74496014762576,113.0838157930319,154376600,113.22978210449219
2021-03-09 00:00:00,115.8279835568737,118.77647261328785,115.59444185391254,129525800,117.83256530761719
2021-03-10 00:00:00,118.41642461584055,118.88350799775948,116.23667741969722,111943300,116.75242614746094
2021-03-11 00:00:00,119.24356031125248,119.89553490297892,117.99799469596714,103026500,118.67916107177734
2021-03-12 00:00:00,117.16112022904915,117.91040318694742,115.95447955662657,88105100,117.774169921875
2021-03-15 00:00:00,118.14396621912681,120.66428934425417,117.18059275719496,92403800,120.65455627441406
2021-03-16 00:00:00,122.3185625972274,123.79767749192085,121.36492956895167,115227900,122.19206237792969
2021-03-17 00:00:00,120.71293209328559,122.47423888090718,119.04892629520441,111932600,121.4038314819336
2021-03-18 00:00:00,119.57440947336566,119.86634216018179,117.08327826271949,121229700,117.28762817382812
2021-03-19 00:00:00,116.67454777937338,118.1633877577359,116.46046485518836,185549500,116.76212310791016
2021-03-22 00:00:00,117.09302062360135,120.53779245026008,117.02490398115997,111912300,120.0707015991211
2021-03-23 00:00:00,120.0123099463268,120.89782623844285,118.8543196786337,95467100,119.24356079101562
2021-03-24 00:00:00,119.51602254128295,119.59387224546333,116.84000020937296,88530500,116.85945892333984
2021-03-25 00:00:00,116.32425121223295,118.3872236915313,115.7987768800299,98844700,117.34600067138672
2021-03-26 00:00:00,117.1124598512715,118.2120664416162,115.72092802368101,94071200,117.94932556152344
2021-03-29 00:00:00,118.37748136174508,119.28246362571115,117.48223216543501,80819200,118.12447357177734
2021-03-30 00:00:00,116.87891806940085,117.16111766205535,115.66254435493632,85671900,116.67456817626953
2021-03-31 00:00:00,118.37750228821312,120.19719278132602,117.89095275757859,118323800,118.86405181884766
2021-04-01 00:00:00,120.33344161440051,120.83944989383653,119.19490999339443,75089100,119.69119262695312
2021-04-05 00:00:00,120.53778601486208,122.76618380455446,119.75930377924526,88651200,122.51317596435547
2021-04-06 00:00:00,123.09703422020135,123.71008397089403,122.26990148299974,80171300,122.81483459472656
2021-04-07 00:00:00,122.44505868103397,124.47883218903853,121.77361794195266,83466700,124.4593734741211
2021-04-08 00:00:00,125.48109175246618,126.88235645002487,125.06266638077538,88844600,126.85316467285156
2021-04-09 00:00:00,126.30823624511144,129.46106707973098,125.98711183634272,106686700,129.42214965820312
2021-04-12 00:00:00,128.95510707935833,129.27623158953074,127.1159502289636,91420000,127.70954132080078
2021-04-13 00:00:00,128.87726276289945,131.03754421397457,128.38097265896974,91266500,130.813720703125
2021-04-14 00:00:00,131.31000899099288,131.36839256751463,128.11824478906962,87222800,128.47828674316406
2021-04-15 00:00:00,130.22010527807376,131.36835488244947,130.04493975044198,89347100,130.88180541992188
2021-04-16 00:00:00,130.6871976204425,131.04723949609195,129.69463249088383,84922400,130.55096435546875
2021-04-19 00:00:00,129.91845343765638,131.82573417670255,129.75302837507442,94264200,131.21267700195312
2021-04-20 00:00:00,131.38784340823202,131.88411859918818,128.2641887932471,94812300,129.5292205810547
2021-04-21 00:00:00,128.7993896114448,130.15199668398512,127.76790700410929,68847100,129.90872192382812
2021-04-22 00:00:00,129.46113219751052,130.54127308001176,127.87499033908138,84566500,128.39073181152344
2021-04-23 00:00:00,128.60476763173878,131.4851323617936,128.60476763173878,78657500,130.7066650390625
2021-04-26 00:00:00,131.20294297565732,131.426751593288,129.9671030596472,66905100,131.0959014892578
2021-04-27 00:00:00,131.37806627247733,131.76731470925472,130.50228327427,66015800,130.77474975585938
2021-04-28 00:00:00,130.69693041123548,131.3878372667235,129.50002274292763,107760100,129.986572265625
2021-04-29 00:00:00,132.79882309453924,133.38268843991688,128.886960916459,151101000,129.88925170898438
2021-04-30 00:00:00,128.23496790165584,129.96708270240345,127.54407601900469,109839500,127.923583984375
2021-05-03 00:00:00,128.48798358801744,130.46338819019584,128.28364111599663,75135100,128.9745330810547
2021-05-04 00:00:00,127.66087574180307,127.9528084470389,123.29165535400072,137564700,124.41072082519531
2021-05-05 00:00:00,125.72440711319194,126.94078104975206,124.52749931714487,84000900,124.65400695800781
2021-05-06 00:00:00,124.44962368045476,126.25958831497178,123.71006640231249,78128300,126.24986267089844
2021-05-07 00:00:00,127.54631080549646,127.94594783933177,126.2108903922729,78973300,126.92247009277344
2021-05-10 00:00:00,126.14263998590019,126.26934761190338,123.6082792363769,88071200,123.64727020263672
2021-05-11 00:00:00,120.38185488141869,123.0819142652862,119.67028275042819,126142800,122.73101043701172
2021-05-12 00:00:00,120.28439421406758,121.49308457084182,119.16342796467423,112172300,119.67029571533203
2021-05-13 00:00:00,121.43460561674969,122.96496595514449,121.1226852750631,105861300,121.81475830078125
2021-05-14 00:00:00,123.06241748790161,124.66100988052594,122.67251527187383,81918000,124.23211669921875
2021-05-17 00:00:00,123.61804098125864,123.72526428981506,122.00969878967952,74244600,123.08192443847656
2021-05-18 00:00:00,123.36458623209384,123.78372980629568,121.62952920667057,63342900,121.69776153564453
2021-05-19 00:00:00,120.0504324237247,121.76599019675551,119.75800391592138,92612000,121.54180145263672
2021-05-20 00:00:00,122.06819413421118,124.49532449020155,121.94147161685788,76857100,124.09567260742188
2021-05-21 00:00:00,124.59279439116175,124.76825004025154,122.04869119774337,79295400,122.26313781738281
2021-05-24 00:00:00,122.82846960103217,124.70974076836363,122.76023727627985,63092900,123.89094543457031
2021-05-25 00:00:00,124.59279971373591,125.08018314804377,123.13067172111496,72009500,123.69602966308594
2021-05-26 00:00:00,123.75449350065962,124.17363709199465,123.22812661130169,56575900,123.64727020263672
2021-05-27 00:00:00,123.24762857840483,124.41732784538095,121.92196544288971,94625600,122.11691284179688
2021-05-28 00:00:00,122.39957455098539,122.62377072126802,121.40533105764956,71311100,121.46381378173828
2021-06-01 00:00:00,121.92199367561527,122.18517346875952,120.81077688364034,67637100,121.1421890258789
2021-06-02 00:00:00,121.14218330115489,122.07794437455699,120.91799449476859,59278900,121.9024887084961
2021-06-03 00:00:00,121.5320538514475,121.69775987143738,120.02118559755706,76229200,120.42083740234375
2021-06-04 00:00:00,120.93747667465416,122.97471215998662,120.72303005127523,75169300,122.7115249633789
2021-06-07 00:00:00,122.98443979955707,123.13065406520676,121.67827588309044,71057600,122.72126007080078
2021-06-08 00:00:00,123.40358202860334,125.21662849111421,123.0234294041827,74403800,123.54004669189453
2021-06-09 00:00:00,123.99819373222839,124.52456067367201,123.32561251203367,56877900,123.92021179199219
2021-06-10 00:00:00,123.81300009816206,124.95346562999302,122.76027355328648,71186400,122.92597961425781
2021-06-11 00:00:00,123.33536251537065,124.22239035571975,122.91621888119515,53522400,124.13465881347656
2021-06-14 00:00:00,124.59279446771667,127.24411353581664,123.86173050218788,96906500,127.18563079833984
2021-06-15 00:00:00,126.65927274152149,127.30261260822043,126.12315618593904,62746300,126.3668441772461
2021-06-16 00:00:00,127.07836103111988,127.58523602650602,125.21659678341692,91815000,126.8639144897461
2021-06-17 00:00:00,126.52279301183641,129.20336059736883,126.37657131032402,96721700,128.46253967285156
2021-06-18 00:00:00,127.40982566701065,128.18961527761795,126.95169109033546,108953300,127.1661376953125
2021-06-21 00:00:00,127.01016734634604,129.066894317528,125.94769141357571,79663300,128.9596710205078
2021-06-22 00:00:00,128.7939322293707,130.6946948534403,128.29679939986326,74783600,130.5972137451172
2021-06-23 00:00:00,130.39256533356104,130.92868185123652,129.8661909803765,60214200,130.32432556152344
2021-06-24 00:00:00,131.0554073186903,131.240612583958,129.57378007008424,68711000,130.0416717529297
2021-06-25 00:00:00,130.09037560621056,130.50951172104854,129.45677804212312,70783700,129.74920654296875
2021-06-28 00:00:00,130.04163948891443,131.83517920756188,129.9831567614525,62111300,131.37704467773438
2021-06-29 00:00:00,131.3965550234282,133.0438880631515,130.9579196567259,64556100,132.88792419433594
2021-06-30 00:00:00,132.7319822442512,133.94068011687085,132.439553660315,63261400,133.50204467773438
2021-07-01 00:00:00,133.15110203776288,133.86266668828733,132.33229922059724,52485800,133.80418395996094
2021-07-02 00:00:00,134.41829838230024,136.4652835854969,134.27209152787285,78852600,136.42630004882812
2021-07-06 00:00:00,136.53353205806397,139.5357553993497,136.53353205806397,108181800,138.43429565429688
2021-07-07 00:00:00,139.91588320227135,141.23180423568894,139.0581116318865,104911600,140.91989135742188
2021-07-08 00:00:00,138.0053823208354,140.42276298269945,137.11835448019005,105575500,139.62347412109375
2021-07-09 00:00:00,139.1458282969305,141.97260274724476,139.04834716131978,99890800,141.4462432861328
2021-07-12 00:00:00,142.51847096001342,142.62569425576672,140.36426288116348,76299700,140.8516387939453
2021-07-13 00:00:00,140.39350901995923,143.7369156295679,140.00361422588887,100827100,141.96286010742188
2021-07-14 00:00:00,144.36076918149035,145.79365573228569,143.95136027537654,127050800,145.38424682617188
2021-07-15 00:00:00,145.47197634550716,146.21278242197315,143.37625087333885,106820300,144.7311553955078
2021-07-16 00:00:00,144.71169838540143,145.9788641734468,142.196836268165,93251400,142.69395446777344
2021-07-19 00:00:00,140.1205738932986,140.43250161447835,138.09308832622733,121434600,138.8533935546875
2021-07-20 00:00:00,139.83789124908492,143.3859869898834,139.350515378791,96350000,142.4599609375
2021-07-21 00:00:00,141.85565012536404,142.4405072449087,140.97837931958148,74993500,141.7289276123047
2021-07-22 00:00:00,142.25529492286392,144.4582288663732,142.12857241610413,77338200,143.0935821533203
2021-07-23 00:00:00,143.8246641352954,144.96512221870486,143.21056560056124,71447400,144.8091583251953
2021-07-26 00:00:00,144.5264642055409,146.04707474588002,143.97084849928373,72434100,145.22828674316406
2021-07-27 00:00:00,145.35498894389306,145.44272791296905,141.87513262554674,104818600,143.0643310546875
2021-07-28 00:00:00,141.15381301329907,143.25928057886588,138.94112214929507,118931200,141.31951904296875
2021-07-29 00:00:00,141.03684881635502,142.8498878684949,140.92962551695572,56699500,141.96286010742188
2021-07-30 00:00:00,140.7347389541691,142.63550292557247,140.47155167396267,70440600,142.1773681640625
2021-08-02 00:00:00,142.6647202141764,143.23982039265098,141.58274477107045,62880000,141.84593200683594
2021-08-03 00:00:00,142.12855135709023,144.30224361135603,141.51445299043982,64786600,143.63941955566406
2021-08-04 00:00:00,143.5517196242508,144.058579914417,142.58670986762564,56368300,143.2397918701172
2021-08-05 00:00:00,143.26903344221475,144.107320690727,142.47948676454712,46397700,143.34701538085938
2021-08-06 00:00:00,142.86867690985883,143.61059289976055,142.16580285802874,54126800,142.66366577148438
2021-08-09 00:00:00,142.72228266612592,143.21038897818232,142.05846523172403,48908700,142.61489868164062
2021-08-10 00:00:00,142.9565505100319,144.196344465899,141.84366893661831,69023100,142.13653564453125
2021-08-11 00:00:00,142.57584837162412,143.22990900393347,142.06821366601775,48493500,142.39036560058594
2021-08-12 00:00:00,142.71249604702388,145.50446416374155,142.37081574173467,72282600,145.3482666015625
2021-08-13 00:00:00,145.42635605950554,145.88517705910473,144.7430103885552,59375000,145.5532684326172
2021-08-16 00:00:00,145.00660783223563,147.59358006664493,142.9858555687735,103296000,147.52523803710938
2021-08-17 00:00:00,146.6563820290242,148.07188700426227,145.5435005089824,92229700,146.61734008789062
2021-08-18 00:00:00,146.2366215497856,147.13473517673972,142.67343732669485,86326000,142.87844848632812
2021-08-19 00:00:00,141.5800696426097,144.4794213850425,141.0626783117476,86960300,143.21034240722656
2021-08-20 00:00:00,143.93275769698107,144.96754045087513,143.28845394220284,60549600,144.6649169921875
2021-08-23 00:00:00,144.7820517027598,146.61733569322215,144.37204430196212,60131800,146.1487579345703
2021-08-24 00:00:00,145.89492826143862,147.27139120779157,145.60206158624175,48606400,146.06088256835938
2021-08-25 00:00:00,146.24637657624294,146.74425443123712,144.28419502392072,58991300,144.83087158203125
2021-08-26 00:00:00,144.82112485660906,145.5727977281921,144.00109506679658,48597200,144.03038024902344
2021-08-27 00:00:00,143.97181740197544,145.2116114656549,143.33728522616812,55802400,145.065185546875
2021-08-30 00:00:00,145.45564049048158,149.83883931473636,145.07491826892314,90956700,149.47763061523438
2021-08-31 00:00:00,149.0285807911714,149.16524992421503,147.6911597437249,86453100,148.21832275390625
2021-09-01 00:00:00,149.19450563571235,151.29335581344367,148.71615631662897,80313700,148.88211059570312
2021-09-02 00:00:00,150.20976298790652,151.03954929712242,148.77472989529102,71115500,149.9949951171875
2021-09-03 00:00:00,150.10242979976638,150.95174481050074,149.4483692072004,57808700,150.6295928955078
2021-09-07 00:00:00,151.28363626481305,153.51915609845358,150.71743128739138,82278300,152.9627227783203
2021-09-08 00:00:00,153.24583117728486,153.30440154284446,150.31719373274197,74420200,151.42031860351562
2021-09-09 00:00:00,151.79127971049815,152.3965266648195,150.28790419091163,57305700,150.40505981445312
2021-09-10 00:00:00,151.3129047338198,151.78148246152148,145.16276433644302,140893200,145.4263458251953
2021-09-13 00:00:00,147.04686479158386,147.81806596111582,145.21158088499752,102404300,145.9925537109375
2021-09-14 00:00:00,146.7735217186003,147.4763957492906,143.4153491043727,109296300,144.5965576171875
2021-09-15 00:00:00,145.02607290209997,145.8851443505808,142.88816593560387,83281300,145.48489379882812
2021-09-16 00:00:00,144.90897545621797,145.42636685232276,143.71799510025087,68034100,145.25064086914062
2021-09-17 00:00:00,145.27995796165817,145.27995796165817,142.29273506424897,129868800,142.58560180664062
2021-09-20 00:00:00,140.37933813407227,141.3945924183066,137.90952209387459,123478900,139.539794921875
2021-09-21 00:00:00,140.50626423071614,141.16033974315945,139.38362576406158,75834000,140.01815795898438
2021-09-22 00:00:00,141.01386330488788,142.94675948187773,140.28170408222925,76404300,142.3805694580078
2021-09-23 00:00:00,143.1615238009879,143.5813028239796,142.17555476827644,64838200,143.33724975585938
2021-09-24 00:00:00,142.19511797904687,143.96206024126909,142.097490769583,53477900,143.42514038085938
2021-09-27 00:00:00,142.00959923062172,142.48794860245857,140.39885495340664,74150700,141.91197204589844
2021-09-28 00:00:00,139.84240736288436,141.30672576458994,138.31951860844126,108972300,138.53428649902344
2021-09-29 00:00:00,139.08092088223304,141.01381641651767,138.65138523110036,74602000,139.43235778808594
2021-09-30 00:00:00,140.24268621892764,140.9455603850025,137.91929578685694,89056700,138.13406372070312
2021-10-01 00:00:00,138.52447856413826,139.52021898734728,135.80085360442942,94639600,139.2566375732422
2021-10-04 00:00:00,138.3878720570302,138.82717957779718,134.98090012736012,98322000,135.8302001953125
2021-10-05 00:00:00,136.17188224652747,138.85646652806082,136.04496985928344,80861100,137.7533416748047
2021-10-06 00:00:00,136.15234566592073,138.76858776803195,135.07850605934124,83221100,138.62216186523438
2021-10-07 00:00:00,139.65696027730579,140.7893703718494,139.32505159657362,61732700,139.88148498535156
2021-10-08 00:00:00,140.60382633425183,140.75025218963773,139.16879336821262,58773200,139.50070190429688
2021-10-11 00:00:00,138.88575464341304,141.3653278052875,138.43669034540312,64452200,139.41290283203125
2021-10-12 00:00:00,139.82290063970592,139.84242905892054,137.68499305819657,73035900,138.14381408691406
2021-10-13 00:00:00,137.88022678873125,138.0364094315763,135.88874541033104,78762700,137.55807495117188
2021-10-14 00:00:00,138.7295267040612,140.45742659800283,138.14379338196727,69907100,140.34027099609375
2021-10-15 00:00:00,140.35003767716657,141.453147377337,140.09621296187518,67940300,141.3945770263672
2021-10-18 00:00:00,140.03763996851194,143.34699879821167,139.75454497889402,85589200,143.06390380859375
2021-10-19 00:00:00,143.51295730034732,145.62157933226285,143.06390800766076,76378900,145.22132873535156
2021-10-20 00:00:00,145.16273523241006,146.18776090909918,144.5965304310407,58418800,145.70941162109375
2021-10-21 00:00:00,145.27016433537898,146.0804224119474,144.35252229936606,61421000,145.92422485351562
2021-10-22 00:00:00,146.12919675335147,146.60753116579318,145.10417103326708,58883400,145.15298461914062
2021-10-25 00:00:00,145.14325947301697,145.8168484447923,144.1084766625064,50720600,145.10421752929688
2021-10-26 00:00:00,145.77779264971988,147.2518679421637,145.46539754636262,60893400,145.76803588867188
2021-10-27 00:00:00,145.80706700277705,146.16826078037482,144.95776708428832,56094900,145.3092041015625
2021-10-28 00:00:00,146.25612076250718,149.52642273545615,146.15849358297356,100077900,148.94070434570312
2021-10-29 00:00:00,143.7180182967883,146.3733177259621,142.92728848439134,124953200,146.2366485595703
2021-11-01 00:00:00,145.44589589912687,146.13899838558393,144.2842007193759,74588300,145.41661071777344
2021-11-02 00:00:00,145.12375118515345,147.96453308347574,145.113979527006,69122000,146.45140075683594
2021-11-03 00:00:00,146.8125588879088,148.35497602206758,146.25612565424197,54511500,147.8863983154297
2021-11-04 00:00:00,147.97423478422334,148.8040061478772,147.056593009041,60394600,147.36898803710938
2021-11-05 00:00:00,148.49330137784227,148.79636649786093,146.70422366033108,65463900,147.89694213867188
2021-11-08 00:00:00,148.02403856122066,148.18046407919945,146.80199217243356,55020900,147.0757293701172
2021-11-09 00:00:00,146.84107977637362,148.0435691533501,146.70421118808,56787900,147.43743896484375
2021-11-10 00:00:00,146.66515060177312,146.77269130050686,144.54367946999045,65187100,144.6121063232422
2021-11-11 00:00:00,145.62883774477925,146.0883134852804,144.37744845730748,41000000,144.56320190429688
2021-11-12 00:00:00,145.11069182006318,147.03663842202138,144.18193940351156,63804000,146.6358184814453
2021-11-15 00:00:00,147.00730510695527,148.48354686753203,146.08832372641191,59222800,146.6455841064453
2021-11-16 00:00:00,146.58690654221206,148.102247003654,146.00031832566742,59256200,147.62319946289062
2021-11-17 00:00:00,147.6232038564801,151.53375230300938,147.61343285568483,88807000,150.05752563476562
2021-11-18 00:00:00,150.27262482103686,155.12169711619316,149.62738067059388,137827700,154.33958435058594
2021-11-19 00:00:00,154.12448394226502,157.41913113659675,153.02953515610952,117305600,156.9596405029297
2021-11-22 00:00:00,158.06437288139423,161.99447854129045,157.3995867561447,117467900,157.4191436767578
2021-11-23 00:00:00,157.5169071447605,158.18170822428823,155.50297681960475,96041900,157.80043029785156
2021-11-24 00:00:00,157.1551520319611,158.5140669022848,156.0699743356913,69463600,158.31854248046875
2021-11-26 00:00:00,156.00157185337474,156.8618824271744,152.8633499442556,76959800,153.30328369140625
2021-11-29 00:00:00,155.8060008585356,157.58530732404222,155.23896961955737,88748200,156.65655517578125
2021-11-30 00:00:00,156.41215841772612,161.8184901598309,156.34371666317804,174048100,161.60340881347656
2021-12-01 00:00:00,163.73463874085127,166.49158221025922,160.85061260681175,152052500,161.0852508544922
2021-12-02 00:00:00,155.19009727061072,160.52798674829987,154.27111613625055,136739200,160.0978240966797
2021-12-03 00:00:00,160.35202051883033,161.27100166043388,156.14817855062066,118023100,158.22076416015625
2021-12-06 00:00:00,160.61599065605895,164.12571914002814,160.6062196554979,107497000,161.6229705810547
2021-12-07 00:00:00,165.29892968497214,167.74302313030665,164.5754726548306,120405400,167.35195922851562
2021-12-08 00:00:00,168.28069194116756,172.02504411674911,166.882663021836,116998900,171.1647186279297
2021-12-09 00:00:00,170.9984746601922,172.79732298545696,170.0306087537727,108923700,170.6562957763672
2021-12-10 00:00:00,171.29177949219212,175.61293309472177,170.78340409261324,115402700,175.43695068359375
2021-12-13 00:00:00,177.06962931153166,178.05705234389498,171.60464142456377,153237000,171.80995178222656
2021-12-14 00:00:00,171.33089709564845,173.76521877848376,168.35888695654498,139380400,170.4314727783203
2021-12-15 00:00:00,171.19404218690133,175.4858686850592,168.45665517933287,131063300,175.29034423828125
2021-12-16 00:00:00,175.27074544292535,177.08915070687198,166.93150372687032,150185800,168.40773010253906
2021-12-17 00:00:00,166.12984262332955,169.59068583995455,165.89521929851176,195432700,167.3127899169922
2021-12-20 00:00:00,164.51677542044033,166.76534380811088,163.71512072913166,107499100,165.9539031982422
2021-12-21 00:00:00,167.72341591348743,169.3267401361631,165.3379790393109,91185900,169.12144470214844
2021-12-22 00:00:00,169.170356225191,171.92730064327637,168.30025960227871,92135300,171.71221923828125
2021-12-23 00:00:00,171.91751377429944,172.8951510094844,171.35048238778492,68356600,172.337890625
2021-12-27 00:00:00,173.1297076781128,176.38524020677164,173.11016568158362,74919600,176.29725646972656
2021-12-28 00:00:00,176.13111784462515,177.27495155456995,174.5375644683696,79144300,175.2805633544922
2021-12-29 00:00:00,175.31963018526795,176.59056116138325,174.15623986676752,62348900,175.36851501464844
2021-12-30 00:00:00,175.4565540145469,176.53196092937984,174.10740987004013,59773000,174.21495056152344
2021-12-31 00:00:00,174.10740540326523,175.22191121478994,173.2959647369927,64062300,173.5990447998047
2022-01-03 00:00:00,173.85321176039008,178.79028222604728,173.73590007898758,104487900,177.93972778320312
2022-01-04 00:00:00,178.5458346271631,178.84889968411812,175.1143195069881,99310400,175.6813507080078
2022-01-05 00:00:00,175.5934060632604,176.14088047095728,170.7345483186125,94537600,171.00828552246094
2022-01-06 00:00:00,168.83789205056922,171.37975399378487,167.80159930862231,96904000,168.15354919433594
2022-01-07 00:00:00,169.02367835082143,170.24572473108867,167.2052727402814,86709100,168.3197784423828
2022-01-10 00:00:00,165.2988731483881,168.64239004792708,164.40921985835627,106765600,168.33932495117188
2022-01-11 00:00:00,168.46644539148625,171.26247339503044,166.99998962694013,76138300,171.1647186279297
2022-01-12 00:00:00,172.1814777238459,173.2177708823876,170.910561158879,74805200,171.60467529296875
2022-01-13 00:00:00,171.8490383580425,172.6702498945838,167.94826118313497,84505800,168.33932495117188
2022-01-14 00:00:00,167.50830810674722,169.89374460419103,167.2638988741002,80440800,169.1996307373047
2022-01-18 00:00:00,167.6745435442064,168.68150862321704,165.62151446360372,90956700,166.00279235839844
2022-01-19 00:00:00,166.19829964047344,167.25414945182573,162.22909557704548,94815000,162.51260375976562
2022-01-20 00:00:00,163.24586569234862,165.8854833139809,160.50847837757559,91420500,160.8311004638672
2022-01-21 00:00:00,160.74307541554964,162.61036568511253,158.67048972769118,122848900,158.7780303955078
2022-01-24 00:00:00,156.44149634340394,158.67050778679211,151.24045969712583,162294600,158.00570678710938
2022-01-25 00:00:00,155.4247355135648,159.1202024043847,153.5085752311325,115798400,156.20684814453125
2022-01-26 00:00:00,159.84364519078215,160.713741500623,154.2906743409117,108275300,156.1188507080078
2022-01-27 00:00:00,158.8171416631375,160.1760566161972,154.74039680395836,121954600,155.6593780517578
2022-01-28 00:00:00,162.00425626677838,166.54049197821774,159.15932862262193,179935700,166.52093505859375
2022-01-31 00:00:00,166.35473547583268,171.0864955438015,165.71926239899202,115541600,170.8714141845703
2022-02-01 00:00:00,170.11864243059435,170.93008309016165,168.45666218750117,86213900,170.70523071289062
2022-02-02 00:00:00,170.8420635898593,171.94679815950911,169.45382085751916,84914300,171.90768432617188
2022-02-03 00:00:00,170.57808486487306,172.29873538364427,168.27086114724798,89418100,169.03341674804688
2022-02-04 00:00:00,168.05454433189513,170.42345318106436,167.07566180917001,82465400,168.7495574951172
2022-02-07 00:00:00,169.20964451994723,170.27662295458384,167.3399751947351,77251200,168.0349884033203
2022-02-08 00:00:00,168.1035042386361,171.64706939744136,167.80983647215697,74829200,171.13804626464844
2022-02-09 00:00:00,172.3322952525055,172.91961588647231,171.20657123174874,71285000,172.55743408203125
2022-02-10 00:00:00,170.4626223841964,171.7743215374217,167.92731993059743,90865900,168.4852752685547
2022-02-11 00:00:00,168.69087634340775,169.42503845048873,164.49146072642745,98670700,165.07879638671875
2022-02-14 00:00:00,163.83561333947773,165.99895095084156,163.04272064253541,86185500,165.31373596191406
2022-02-15 00:00:00,167.3595849608588,169.29776862360237,166.65478818594016,62527400,169.14114379882812
2022-02-16 00:00:00,168.2209893560315,169.67951494494773,166.45899759893967,61177400,168.9062042236328
2022-02-17 00:00:00,167.41832805716996,168.27974972128825,164.9123904196256,69589300,165.31373596191406
2022-02-18 00:00:00,166.23384762062662,166.93862933962222,162.68049906023276,82772700,163.76705932617188
2022-02-22 00:00:00,161.4960266681506,163.16992227378196,158.72578746937097,91162800,160.8499755859375
2022-02-23 00:00:00,162.04421705709984,162.64133603328534,156.37649344425944,90009200,156.6897430419922
2022-02-24 00:00:00,149.3579234730035,159.4110529381091,148.7901697172211,141147500,159.30337524414062
2022-02-25 00:00:00,160.3801542624622,161.63312305071847,157.472871153436,91974200,161.36883544921875
2022-02-28 00:00:00,159.61659142915732,161.92675492011216,158.99989062280463,95056600,161.63308715820312
2022-03-01 00:00:00,161.22197083806662,163.0818568508139,158.5496253630897,83474400,159.75364685058594
2022-03-02 00:00:00,160.91852050375005,163.82580321014547,159.50892707803538,79724800,163.04269409179688
2022-03-03 00:00:00,164.91238359654656,165.34309441078548,162.05404766344782,76678400,162.7196807861328
2022-03-04 00:00:00,161.01640589639365,162.05401907314567,158.67687705595137,83737200,159.72427368164062
2022-03-07 00:00:00,159.91028134097652,161.5352302369313,155.68150083148916,96418800,155.93601989746094
2022-03-08 00:00:00,155.46614292973925,159.44040392728598,152.50991327214726,131148300,154.1152801513672
2022-03-09 00:00:00,158.06998280822745,159.95923428896205,156.04370327606966,91454900,159.50894165039062
2022-03-10 00:00:00,156.81700107101284,157.0029911685478,152.6861150001443,105342000,155.1724853515625
2022-03-11 00:00:00,155.57376630354938,155.9163811041694,151.23732461834535,96970100,151.46246337890625
2022-03-14 00:00:00,148.25177493215907,150.86538982544317,146.9302923114544,108732100,147.43930053710938
2022-03-15 00:00:00,147.713390079557,152.28478532825997,147.20438184151632,92964300,151.81491088867188
2022-03-16 00:00:00,153.73352378158447,156.6212246232631,151.19822129277074,102300200,156.21987915039062
2022-03-17 00:00:00,155.26058530967927,157.60011436017203,154.30128444798586,75615400,157.22813415527344
2022-03-18 00:00:00,157.1204572234023,161.00662274780382,156.38629519642316,123511700,160.51718139648438
2022-03-21 00:00:00,160.05709828830467,162.83713639325782,159.56765695852218,95811400,161.8876190185547
2022-03-22 00:00:00,162.01484532225444,165.8422796739602,161.42752475473955,81532000,165.2549591064453
2022-03-23 00:00:00,164.44251031244588,168.99430889731204,164.1096788423283,98062700,166.61563110351562
2022-03-24 00:00:00,167.44764277770662,170.46260275503545,166.6156015912022,90131400,170.3940887451172
2022-03-25 00:00:00,170.20812239603873,171.57855215101324,169.1019802060181,80546200,171.03038024902344
2022-03-28 00:00:00,168.53423961902578,172.01905978493204,168.3678313455488,90371900,171.89181518554688
2022-03-29 00:00:00,172.95877935054617,175.22977935165113,172.6161644453855,100589400,175.18084716796875
2022-03-30 00:00:00,174.77951856347462,175.81713189197046,172.9685794955082,92633200,174.0159912109375
2022-03-31 00:00:00,174.08447018974397,174.2704602652505,170.71711180695456,103049300,170.9226837158203
2022-04-01 00:00:00,170.35494237968112,171.18699858724577,168.30908127405286,78751300,170.6290283203125
2022-04-04 00:00:00,170.88357292891146,174.720791608407,170.75631338866327,76468400,174.67184448242188
2022-04-05 00:00:00,173.75169663163055,174.53480585728352,170.7367358216346,73401800,171.36322021484375
2022-04-06 00:00:00,168.7202226513366,169.9634078617043,166.537318414103,89058800,168.201416015625
2022-04-07 00:00:00,167.54556668896316,169.69910564386342,166.26323274049562,77594700,168.50486755371094
2022-04-08 00:00:00,168.1524524173325,168.1524524173325,165.62693350816983,76575500,166.49813842773438
2022-04-11 00:00:00,165.14730089465874,165.4605355802755,162.00508096962494,72246700,162.2498016357422
2022-04-12 00:00:00,164.47185939466212,166.28278325109693,163.1209966207163,79265200,164.1194610595703
2022-04-13 00:00:00,163.85518867958416,167.42810486793778,163.24828613297083,70618900,166.80162048339844
2022-04-14 00:00:00,167.0169298477089,167.653212444084,161.55476362429968,75329400,161.7994842529297
2022-04-18 00:00:00,160.45842830966066,163.0818413516457,160.11582837374732,69023900,161.5841522216797
2022-04-19 00:00:00,161.53522902332887,164.27610359926777,160.44866861751814,67723800,163.86495971679688
2022-04-20 00:00:00,165.19622127922986,165.31369734743882,162.59240492951264,67929800,163.6985321044922
2022-04-21 00:00:00,165.34306268686478,167.90773030576432,162.40641490220864,87227800,162.9056396484375
2022-04-22 00:00:00,162.94477668345723,164.32498956486253,158.08951323432865,84882400,158.37338256835938
2022-04-25 00:00:00,157.71755627231695,159.72426854560663,155.113739965227,96046400,159.44039916992188
2022-04-26 00:00:00,158.82373899686115,158.9118348666905,153.4105181477024,95623200,153.48883056640625
2022-04-27 00:00:00,152.6176360956144,156.4156915800931,152.0988293549953,88063200,153.26370239257812
2022-04-28 00:00:00,155.88707729102597,161.04579354437072,155.57382764277364,130216800,160.1843719482422
2022-04-29 00:00:00,158.4223359956449,162.69026417943107,153.92926902509257,131747600,154.32081604003906
2022-05-02 00:00:00,153.40072515321864,154.8886162063275,150.03336604127583,123055300,154.62432861328125
2022-05-03 00:00:00,154.81028218380573,157.31623426694395,153.0189401124905,88966500,156.11219787597656
2022-05-04 00:00:00,156.29818841895514,162.964376768375,155.8968429541357,108256500,162.51409912109375
2022-05-05 00:00:00,160.38993331507154,160.61507214954577,151.67786848905013,130525300,153.45944213867188
2022-05-06 00:00:00,152.93986371222095,156.3023722983105,151.14587460582203,116124600,154.18487548828125
2022-05-09 00:00:00,151.88114377776745,152.76344175992415,148.50885169375428,131577900,149.067626953125
2022-05-10 00:00:00,152.45952464307157,153.6555174482576,149.92048190900607,115366700,151.46939086914062
2022-05-11 00:00:00,150.47925033829725,152.39087300235883,142.9405806152843,142689800,143.61700439453125
2022-05-12 00:00:00,139.96043637411066,143.32293029647687,136.0685607235715,182602000,139.7545623779297
2022-05-13 00:00:00,141.74458368466105,145.18551933414366,140.29371306035543,113990900,144.21499633789062
2022-05-16 00:00:00,142.68573136301794,144.61696502202452,141.3426813570236,86643800,142.67591857910156
2022-05-17 00:00:00,145.93054340694096,146.82263885480765,143.79343645262884,78336300,146.30307006835938
2022-05-18 00:00:00,143.9601314929513,144.46008977155722,137.14688920750964,109742900,138.04879760742188
2022-05-19 00:00:00,137.127274568989,138.87224434894858,133.91182362893935,136095600,134.64706420898438
2022-05-20 00:00:00,136.3528207232791,137.93113785871375,130.00034593006458,137426100,134.88233947753906
2022-05-23 00:00:00,135.07840236616943,140.4407585737006,134.941158046499,117726300,140.29371643066406
2022-05-24 00:00:00,138.0389654521871,139.1761411372566,134.62745335548652,104132700,137.5978240966797
2022-05-25 00:00:00,135.70580258630076,138.99968110716551,135.61757730341805,92482700,137.7546844482422
2022-05-26 00:00:00,134.68626677474316,141.49949297179577,134.4411865880973,90601500,140.9505157470703
2022-05-27 00:00:00,142.5288274126525,146.73439667634008,142.4013809336445,90978500,146.6951904296875
2022-05-31 00:00:00,146.1364648342796,147.69517170019813,143.95033814163904,103718400,145.91098022460938
2022-06-01 00:00:00,146.95007745203338,148.753879037452,144.77376414576858,74286600,145.78350830078125
2022-06-02 00:00:00,144.920824891666,148.29313081917098,143.96991252402043,72348100,148.23431396484375
2022-06-03 00:00:00,144.00911981753086,145.05807025566116,141.61714962601158,88570300,142.51904296875
2022-06-06 00:00:00,144.13658414441952,145.64628674294468,142.04849579123675,71598400,143.26409912109375
2022-06-07 00:00:00,141.5093091448792,146.06779474236185,141.26422895235845,67808200,145.78350830078125
2022-06-08 00:00:00,145.6560576230458,146.92066479832334,144.5581031788664,53950200,145.0482635498047
2022-06-09 00:00:00,144.18560463111925,145.0384790561678,139.72514139394366,69473000,139.83297729492188
2022-06-10 00:00:00,137.51941663931075,137.9899664897166,134.36278209908923,91437900,134.43141174316406
2022-06-13 00:00:00,130.25522177759234,132.53937106937602,128.85337019356888,122207100,129.2847137451172
2022-06-14 00:00:00,130.51011351307002,131.25515193955982,128.8925752102517,84784300,130.1473846435547
2022-06-15 00:00:00,131.64728162043858,134.63726323315953,129.5592083618082,91533000,132.7648468017578
2022-06-16 00:00:00,129.48077871917013,129.78467578709342,126.50059498012912,108123900,127.50052642822266
2022-06-17 00:00:00,127.51032472551074,130.46108474224513,127.25543176187765,134520300,128.9709930419922
2022-06-21 00:00:00,130.79442925101708,134.36279718069025,130.69640612370614,81000500,133.1962127685547
2022-06-22 00:00:00,132.13745484401576,135.04900927487205,131.2747825760473,73409200,132.6864471435547
2022-06-23 00:00:00,134.1275183400123,135.86267563561398,132.96093402675356,72433800,135.54898071289062
2022-06-24 00:00:00,137.14689423988725,139.1173489130396,137.01946268880786,89116800,138.8722686767578
2022-06-27 00:00:00,139.89179587794544,140.6662578013618,138.19584483125837,70207900,138.8722686767578
2022-06-28 00:00:00,139.33302894232776,140.59763645444562,134.61768731128618,67083400,134.73532104492188
2022-06-29 00:00:00,134.75493953918553,137.90176176618252,133.9804775247322,66242400,136.49009704589844
2022-06-30 00:00:00,134.54901824559195,135.64697266058235,131.13750634293814,98964500,134.02944946289062
2022-07-01 00:00:00,133.36284196732555,136.3038045198631,132.9903302157903,71051600,136.1959686279297
2022-07-05 00:00:00,135.05882114715405,138.82324999611623,134.23534018265374,73353800,138.77423095703125
2022-07-06 00:00:00,138.56835645511603,141.28383440664965,138.30366564043456,74064300,140.10745239257812
2022-07-07 00:00:00,140.47019110271424,143.66604717243726,140.4603932776671,66253700,143.46998596191406
2022-07-08 00:00:00,142.40142264422443,144.64636610420064,142.1465445700594,64547800,144.14639282226562
2022-07-11 00:00:00,142.80334848304327,143.7542609845207,140.95054251842944,63141600,142.0190887451172
2022-07-12 00:00:00,142.89157069008422,145.52863633565593,142.19555121961218,77588800,142.98960876464844
2022-07-13 00:00:00,140.1760748610569,143.5679764107693,139.32318560371215,71185600,142.6268768310547
2022-07-14 00:00:00,141.244640047542,146.01879814456234,140.4309718883509,78140700,145.54824829101562
2022-07-15 00:00:00,146.8324886136038,147.89123716383364,145.28357952855526,76259900,147.21481323242188
2022-07-18 00:00:00,147.77358792071823,148.58725611818477,143.8130828380742,81420900,144.17581176757812
2022-07-19 00:00:00,145.0090524915063,148.25391198084102,144.01893385798232,82982400,148.0284423828125
2022-07-20 00:00:00,148.14612084165154,150.69496170219924,147.41088001170658,64823400,150.02833557128906
2022-07-21 00:00:00,151.45956799212024,152.50851845862235,148.94994906470606,65086600,152.2928466796875
2022-07-22 00:00:00,152.3320525114364,153.2045374479934,150.3910214648786,66675400,151.05763244628906
2022-07-25 00:00:00,150.97921649648936,151.9889458272938,149.28326552705713,53623900,149.94007873535156
2022-07-26 00:00:00,149.2636385384265,150.0773065915356,147.83237855759032,55138700,148.61663818359375
2022-07-27 00:00:00,149.57734107239523,154.2338646113094,149.1656081545016,78620700,153.70448303222656
2022-07-28 00:00:00,153.8907653704556,154.53778073211737,151.37134852302864,81378700,154.2534942626953
2022-07-29 00:00:00,158.06695385906744,160.40992030893383,156.36119003723385,101786900,159.31195068359375
2022-08-01 00:00:00,157.84145882480365,160.3706884793457,157.72382510643268,67829400,158.3316192626953
2022-08-02 00:00:00,156.94941580554178,159.2139551778832,156.48866368683446,59907000,156.86117553710938
2022-08-03 00:00:00,157.67479700322565,163.3116417148104,157.58657171952117,82507500,162.86070251464844
2022-08-04 00:00:00,162.7430888021846,163.89987539598906,161.19417977979222,55474100,162.54702758789062
2022-08-05 00:00:00,160.22042780912037,162.81206933981917,160.01426786699392,56697000,162.32122802734375
2022-08-08 00:00:00,163.32254540690658,164.7361708864107,161.19229575323052,60276900,161.8500213623047
2022-08-09 00:00:00,161.0155852740051,162.78261696114208,160.25968547297944,63135500,161.8990936279297
2022-08-10 00:00:00,164.60850119483868,166.23809760904007,163.8427901046544,70170500,166.1399383544922
2022-08-11 00:00:00,166.94495103045548,167.85792369494868,165.10920924668594,57149200,165.40371704101562
2022-08-12 00:00:00,166.70933581222894,169.01628078921996,166.29701596444957,68039400,168.94757080078125
2022-08-15 00:00:00,168.37818541775778,170.21392688656005,168.21130119143814,54091700,170.01759338378906
2022-08-16 00:00:00,169.61511402434292,170.52808660786044,168.51563433427114,56377100,169.86053466796875
2022-08-17 00:00:00,169.6052979143018,172.92337473871223,169.40896440067246,79542000,171.35269165039062
2022-08-18 00:00:00,170.56735491708034,171.6962839363271,169.94889007422466,62290100,170.96002197265625
2022-08-19 00:00:00,169.86053968443733,170.55754092380556,168.1720444080825,70346300,168.37820434570312
2022-08-22 00:00:00,166.58166513839728,166.74854932512577,164.07837237890493,69026800,164.50050354003906
2022-08-23 00:00:00,164.01957790007734,165.61972579284733,163.59744647112734,54147100,164.1668243408203
2022-08-24 00:00:00,164.25514348994625,165.03066617037743,163.2047358944321,53841500,164.46128845214844
2022-08-25 00:00:00,165.688378388784,167.02346724627097,165.2662620854037,51218200,166.9154815673828
2022-08-26 00:00:00,167.44563181749547,167.91683533755338,160.5640262370915,78961000,160.6229248046875
2022-08-29 00:00:00,158.19815240165843,159.91609703205498,156.89252766433086,73314000,158.4239501953125
2022-08-30 00:00:00,159.16019500251252,159.58231130465205,154.8309714061125,77906200,155.99917602539062
2022-08-31 00:00:00,157.37354474862363,157.6386032608909,154.2616125155062,87991100,154.34014892578125
2022-09-01 00:00:00,153.77074600824523,155.51813965771387,151.83683028732437,74229900,155.0665740966797
2022-09-02 00:00:00,156.8237793213389,157.42260624530542,152.1313381712874,76957800,152.95594787597656
2022-09-06 00:00:00,153.6039147326612,154.2125532983426,150.87483764363054,73714800,151.69944763183594
2022-09-07 00:00:00,151.98409298992328,153.80019664109167,150.7962505650505,87449600,153.10321044921875
2022-09-08 00:00:00,151.80741774838046,153.4959132532277,149.88331299426738,84923800,151.63072204589844
2022-09-09 00:00:00,152.62222024249937,154.92918072545984,151.91540745534934,68028800,154.48741149902344
2022-09-12 00:00:00,156.6667134786447,161.2511691580026,156.38203213199495,104956000,160.43637084960938
2022-09-13 00:00:00,156.97104316313002,157.59931943362142,150.56065692569356,122656600,151.0220489501953
2022-09-14 00:00:00,151.95460885932926,154.2223077374898,150.79623084212912,87965400,152.465087890625
2022-09-15 00:00:00,151.81719923234522,152.39640331677907,148.6071081028978,90481100,149.57896423339844
2022-09-16 00:00:00,148.44022763272653,148.57766259301448,145.65223775657734,162278800,147.93955993652344
2022-09-19 00:00:00,146.57501740526791,151.7288507316376,146.36887246061372,81474200,151.6503143310547
2022-09-20 00:00:00,150.59012663818945,155.18440966019696,150.27599594996536,107689800,154.02601623535156
2022-09-21 00:00:00,154.45795295017905,155.8323177224437,150.78646922639234,101696800,150.90426635742188
2022-09-22 00:00:00,149.58879338602387,151.6405063427645,148.14571882351763,86652500,149.94219970703125
2022-09-23 00:00:00,148.4206031759059,148.69547312127722,145.83877299693037,96029900,147.6745147705078
2022-09-26 00:00:00,146.91863241520423,150.95334879982894,146.89899456754617,93339400,148.00830078125
2022-09-27 00:00:00,149.9422080635759,151.88593544780034,147.20330517830297,84442700,148.9801483154297
2022-09-28 00:00:00,144.93560783080054,147.8806554147203,142.18689375661808,146691400,147.09530639648438
2022-09-29 00:00:00,143.42384928540386,144.0324877695267,138.10311583907216,128138200,139.87014770507812
2022-09-30 00:00:00,138.69210195416497,140.4787712884576,135.47218456289696,124925300,135.66851806640625
2022-10-03 00:00:00,135.67834355315813,140.44932105441077,135.16786446408517,114311700,139.84066772460938
2022-10-04 00:00:00,142.37340544784647,143.541609967603,141.61750576224773,87830100,143.42381286621094
2022-10-05 00:00:00,141.43101553965928,144.6803824609242,140.39041942925496,79471000,143.71832275390625
2022-10-06 00:00:00,143.13909632012,144.83740253522092,142.55990734781437,68402200,142.76605224609375
2022-10-07 00:00:00,139.9290453992253,140.47880029356153,136.8956494527264,85925600,137.52392578125
2022-10-10 00:00:00,137.84786987304688,139.29094450363405,136.03176603772727,74899000,137.84786987304688
2022-10-11 00:00:00,137.33739611427865,138.76084793369003,135.68817645989057,77033700,136.4342498779297
2022-10-12 00:00:00,136.58149154588781,137.78895683135124,135.6292583188671,70433700,135.8059539794922
2022-10-13 00:00:00,132.51732843397534,140.95978909716513,131.90867508719168,113224000,140.37078857421875
2022-10-14 00:00:00,141.66660017858484,141.87276009592642,135.65870802953629,88598000,135.84523010253906
2022-10-17 00:00:00,138.48597103526853,140.282437004532,137.7006219624551,85250900,139.80142211914062
2022-10-18 00:00:00,142.8249846575733,144.01281203046764,138.03436952113134,99136600,141.11685180664062
2022-10-19 00:00:00,139.09460416043055,142.2948839097448,138.9080820775627,61758300,141.224853515625
2022-10-20 00:00:00,140.40025572638473,143.21768011702426,140.0370229627389,64522000,140.7634735107422
2022-10-21 00:00:00,140.25296085326963,145.14175003074126,140.0369895251427,86548600,144.57237243652344
2022-10-24 00:00:00,144.49391115229145,147.47822063326248,143.32570608273846,75981900,146.71250915527344
2022-10-25 00:00:00,147.34077415249868,149.6968219607416,146.6241498720804,74732300,149.549560546875
2022-10-26 00:00:00,148.19481318791426,149.20594507644813,145.32828678897533,88194300,146.6143035888672
2022-10-27 00:00:00,145.35778155872993,146.31982652290824,141.4899488722307,109180200,142.14767456054688
2022-10-28 00:00:00,145.4853576495381,154.61500878306214,145.11232844918345,164762400,152.8872528076172
2022-10-31 00:00:00,150.35452378899333,151.41474288743174,149.13723186575905,97943200,150.53121948242188
2022-11-01 00:00:00,152.23930254891707,152.60252022961126,146.39829548886178,80379300,147.89044189453125
2022-11-02 00:00:00,146.22160672381153,149.38262560122348,142.34396380900958,93604600,142.3734130859375
2022-11-03 00:00:00,139.45781809061094,140.18426855678922,136.20845130657773,97918500,136.33607482910156
2022-11-04 00:00:00,139.71863139573108,140.2889534742064,132.13731334421504,140814800,136.070556640625
2022-11-07 00:00:00,134.82180210827255,136.82775039724396,133.40583154940404,83374600,136.60159301757812
2022-11-08 00:00:00,138.06670690734794,139.06967336647747,135.19544046730184,89908500,137.17189025878906
2022-11-09 00:00:00,136.18859544917657,136.23776400792798,132.34384521853534,74917800,132.61917114257812
2022-11-10 00:00:00,138.88285345399055,144.41888427734375,137.17188688278108,118854000,144.41888427734375
2022-11-11 00:00:00,143.38645323831483,147.5065147597333,141.96063992686575,93979700,147.20169067382812
2022-11-14 00:00:00,146.48386123047396,147.77199641885335,144.96955367768106,73374100,145.8053741455078
2022-11-15 00:00:00,149.67962155098414,151.02675299903876,146.0806992107757,89868300,147.53599548339844
2022-11-16 00:00:00,146.6411761367448,147.36881668355312,144.83187247009243,64218300,146.3068389892578
2022-11-17 00:00:00,143.98622301357588,148.9519465811487,143.71089713297823,80389400,148.2046356201172
2022-11-18 00:00:00,149.76811828911318,150.15160903599656,147.46717380781297,74829600,148.76513671875
2022-11-21 00:00:00,147.6540145740021,147.8605015253363,145.25473282614936,58724100,145.53988647460938
2022-11-22 00:00:00,145.65788443814483,147.909660354169,144.47789906303868,51804100,147.6736602783203
2022-11-23 00:00:00,146.95582360996656,149.29610855403772,146.8476588015229,58301400,148.54879760742188
2022-11-25 00:00:00,145.8348580598712,146.3953525551104,144.66471552066162,35195900,145.63819885253906
2022-11-28 00:00:00,142.71777000634125,144.19273663104678,140.98714790150922,69246000,141.81312561035156
2022-11-29 00:00:00,141.8819361067611,142.39326202258005,138.00770341068628,83763800,138.8140106201172
2022-11-30 00:00:00,139.04016787618127,146.23801151936658,138.20436253781247,111380900,145.5595245361328
2022-12-01 00:00:00,145.7365320270306,146.64117635966434,144.1632284025417,71250400,145.83485412597656
2022-12-02 00:00:00,143.52406921601985,145.5300169012177,143.21923022579475,65447400,145.3431854248047
2022-12-05 00:00:00,145.30386574755366,148.40128929094377,143.3372438141924,68826400,144.18289184570312
2022-12-06 00:00:00,144.61555599946504,144.84171332835018,139.55149534602168,64727200,140.5249786376953
2022-12-07 00:00:00,139.8170142991394,140.97731424983792,137.66356048798676,69721100,138.58787536621094
2022-12-08 00:00:00,139.98414879173407,141.1247931057231,138.7451823842777,62128300,140.26930236816406
2022-12-09 00:00:00,139.96447961702353,143.14058484738695,138.5485094221092,76097000,139.78749084472656
2022-12-12 00:00:00,140.31850830999085,142.08847150955347,138.70587850686456,70462700,142.07864379882812
2022-12-13 00:00:00,147.00502505789572,147.46718252429508,141.8328135242381,93886200,143.0422821044922
2022-12-14 00:00:00,142.92427726159215,144.21241242784126,138.80420126905452,82291200,140.8199920654297
2022-12-15 00:00:00,138.75503452609877,139.43352160827794,133.7598121718234,98931900,134.2219696044922
2022-12-16 00:00:00,134.40879318099954,135.35276341025192,131.49818579850947,160156900,132.26516723632812
2022-12-19 00:00:00,132.8551509782634,132.94364536804903,129.12840885731634,79592600,130.16087341308594
2022-12-20 00:00:00,129.19725476241064,131.02621414919912,127.72228799900502,77432800,130.09207153320312
2022-12-21 00:00:00,130.76070405901197,134.52678732015247,130.5345467103143,85928000,133.18948364257812
2022-12-22 00:00:00,132.10783812958184,132.31432503613755,128.1254256005218,77852100,130.02320861816406
2022-12-23 00:00:00,128.7350936895975,130.21006041152802,127.47645662054781,63814900,129.65940856933594
2022-12-27 00:00:00,129.18744638009963,129.21694451944998,126.57183466067443,69007800,127.85997009277344
2022-12-28 00:00:00,127.50594763388183,128.84325132058044,123.76936998157427,85438400,123.93653106689453
2022-12-29 00:00:00,125.85399366425621,128.30243635978945,125.59833816334043,75703700,127.44696044921875
2022-12-30 00:00:00,126.26695961626481,127.78125184057714,125.30331160781724,77034200,127.76158142089844
2023-01-03 00:00:00,128.10576142344397,128.71540946850325,122.09773035328112,112117500,122.98271179199219
2023-01-04 00:00:00,124.77234386397704,126.51280869797894,122.99255318811515,89113600,124.25119018554688
2023-01-05 00:00:00,125.0083194371755,125.63763785036865,122.67787726715527,80962700,122.93353271484375
2023-01-06 00:00:00,123.907033324828,128.115596113896,122.80572219640975,87754700,127.45677947998047
2023-01-09 00:00:00,128.29258725392592,131.18352399196448,127.72226507394718,70790800,127.97792053222656
2023-01-10 00:00:00,128.08609090104719,129.06940194282927,125.98180587179891,63896200,128.54824829101562
2023-01-11 00:00:00,129.05959971999454,131.2818777117784,128.2827904454057,69458900,131.26222229003906
2023-01-12 00:00:00,131.64572074057682,132.0193688291939,129.24643878440378,71379600,131.18356323242188
2023-01-13 00:00:00,129.8265664212103,132.6683349676498,129.46274610687883,57809700,132.51100158691406
2023-01-17 00:00:00,132.5798345273993,134.99877137842552,131.89151977321038,63646600,133.6713104248047
2023-01-18 00:00:00,134.53662257229425,136.29674271738915,132.7764874230637,69672800,132.9534912109375
2023-01-19 00:00:00,131.8423392118264,133.97612225756075,131.53751520588366,58280400,133.01248168945312
2023-01-20 00:00:00,133.02230476612493,135.71658218378784,131.97999755468973,80223600,135.56907653808594
2023-01-23 00:00:00,135.81492969380113,140.92815961902411,135.59860004292767,81760300,138.75503540039062
2023-01-24 00:00:00,137.96838472187488,140.77082749424633,137.95855701188813,66435100,140.15133666992188
2023-01-25 00:00:00,138.53874046691914,140.0530333983735,136.49345098511384,65799300,139.4925537109375
2023-01-26 00:00:00,140.78064047196506,141.8426182007582,139.53183124401355,54105100,141.55746459960938
2023-01-27 00:00:00,140.77082215722044,144.77289057415175,140.69215546789684,70555800,143.4945831298828
2023-01-30 00:00:00,142.54077586673455,143.12092578303154,140.46598895897412,64015300,140.6134796142578
2023-01-31 00:00:00,140.31848180314623,141.93111130163894,139.9054929686203,65874500,141.88194274902344
2023-02-01 00:00:00,141.56728874190614,144.16322923439725,138.96152054070433,77663600,143.00291442871094
2023-02-02 00:00:00,146.41500811186492,148.65695608667727,145.69719525256042,118339000,148.302978515625
2023-02-03 00:00:00,145.55954560277002,154.75351068440185,145.36288637728777,154357300,151.92156982421875
2023-02-06 00:00:00,150.02377712562708,150.54493079230497,148.26364190831887,69858300,149.19778442382812
2023-02-07 00:00:00,148.12598902287087,152.63938353904294,148.12598902287087,83322600,152.06906127929688
2023-02-08 00:00:00,151.3119247541495,152.00023955919008,148.64714493246836,64120100,149.38462829589844
2023-02-09 00:00:00,151.213581264491,151.75440537570756,147.9096553354024,56007100,148.35214233398438
2023-02-10 00:00:00,147.19009004770194,149.04152741969745,146.95372962642622,57450700,148.71653747558594
2023-02-13 00:00:00,148.65743217523777,151.91715888947925,148.62788900472555,62199000,151.51339721679688
2023-02-14 00:00:00,149.8096612758476,151.43461079325414,148.56880303013764,61707600,150.87326049804688
2023-02-15 00:00:00,150.7846469892343,153.13834833360136,150.55814431502776,65573800,152.97093200683594
2023-02-16 00:00:00,151.17855953849067,153.95573796607766,151.02100096105386,68167900,151.3755340576172
2023-02-17 00:00:00,150.03619479649413,150.6763169294936,148.55897600306773,59144100,150.233154296875
2023-02-21 00:00:00,147.91880821074704,149.0021077790729,146.15600076088242,58867200,146.2249298095703
2023-02-22 00:00:00,146.60902132895072,147.67262055430007,144.9250004924314,51011300,146.64842224121094
2023-02-23 00:00:00,147.81051980369892,148.05672295415894,145.0038129046831,48394200,147.13099670410156
2023-02-24 00:00:00,144.87577631301392,144.9545631210652,143.5068874555982,55469600,144.4818572998047
2023-02-27 00:00:00,145.46665970602933,146.90447752822308,145.21059884097443,44998500,145.6734619140625
2023-02-28 00:00:00,144.81670098117985,146.81586942805245,144.60004099931746,50547000,145.17123413085938
2023-03-01 00:00:00,144.60000744430354,144.9939263960711,142.80764165155819,55479000,143.10308837890625
2023-03-02 00:00:00,142.1872382713636,144.48185327566276,141.7145174362223,52238100,143.69400024414062
2023-03-03 00:00:00,145.79162671403117,148.81500811176437,145.09241829817535,70732300,148.73622131347656
2023-03-06 00:00:00,151.4543124625378,153.926201531547,151.1293375512549,87558000,151.49371337890625
2023-03-07 00:00:00,151.3656431408717,151.69063299374776,148.83468341689917,56182000,149.29754638671875
2023-03-08 00:00:00,150.4892077170001,151.1391876253047,149.52409559763862,47204800,150.5482940673828
2023-03-09 00:00:00,151.2277963802791,152.1929083670859,147.9483691410299,53833600,148.3029022216797
2023-03-10 00:00:00,147.92871088177273,148.64761988981078,145.36819204822754,68572400,146.2446746826172
2023-03-13 00:00:00,145.56510332314932,150.81415467329558,145.4567733693173,84457100,148.18470764160156
2023-03-14 00:00:00,148.98240499263105,151.07020228030825,147.82033368029548,73695900,150.2725067138672
2023-03-15 00:00:00,148.89380784086057,150.92251923505987,147.64309172837056,77167900,150.66647338867188
2023-03-16 00:00:00,149.84905684492745,154.08375312665916,149.33695019463687,76161100,153.48301696777344
2023-03-17 00:00:00,153.70956507504528,154.35954505108717,151.9368992435896,98944600,152.64596557617188
2023-03-20 00:00:00,152.71487589238697,155.42311016638172,151.80883520237765,73641400,155.0094757080078
2023-03-21 00:00:00,154.93070734117964,156.9791040860205,154.16253977805687,73938300,156.86093139648438
2023-03-22 00:00:00,156.88061300312046,159.6774765177441,155.41323716716616,75701800,155.4329376220703
2023-03-23 00:00:00,156.41774787367245,159.09643867673987,155.28520465118157,67622100,156.51622009277344
2023-03-24 00:00:00,156.44730394409444,157.90482213956633,155.45264879499626,59196500,157.81619262695312
2023-03-27 00:00:00,157.51092158923748,158.3283178086609,155.4723523985585,52390300,155.87612915039062
2023-03-28 00:00:00,155.57085404509948,156.08296082580924,153.61107148047543,45992200,155.25570678710938
2023-03-29 00:00:00,156.94954647836764,158.60403911493316,156.92986104995282,51305700,158.3282928466797
2023-03-30 00:00:00,159.07673846378026,160.0024644815908,158.82069266127598,49501700,159.89413452148438
2023-03-31 00:00:00,159.9729235769942,162.4940408365555,159.45097422374334,68749800,162.3955535888672
2023-04-03 00:00:00,161.77514833228696,163.76445869825218,161.7259047034759,56976200,163.6462860107422
2023-04-04 00:00:00,164.06977129650792,164.3061166832112,162.60239523685718,46278300,163.114501953125
2023-04-05 00:00:00,162.2379998945446,162.54328933366952,159.34264903941414,51511700,161.2728729248047
2023-04-06 00:00:00,159.963052724609,162.4546416380935,159.5395906537556,45390100,162.15919494628906
2023-04-10 00:00:00,158.96844706639095,159.56918334960938,157.64880179736934,47716900,159.56918334960938
2023-04-11 00:00:00,159.88429605818737,159.8941387722609,158.0722298566841,47644200,158.3578338623047
2023-04-12 00:00:00,158.77144201112134,159.59868074602483,157.35330987869057,50133100,157.66845703125
2023-04-13 00:00:00,159.17525665056672,163.28192316496492,158.9684394039646,68445600,163.04556274414062
2023-04-14 00:00:00,162.09027277975596,163.794009087704,161.33197803499354,49386500,162.70086669921875
2023-04-17 00:00:00,162.58266215472722,162.8781088558677,161.53876350080176,41516200,162.7205352783203
2023-04-18 00:00:00,163.57733566867122,164.86743742961687,163.13415809407996,49923000,163.94171142578125
2023-04-19 00:00:00,163.28188286850465,165.60604050503213,163.0258220523767,47720200,165.08409118652344
2023-04-20 00:00:00,163.56749547193866,165.32046042282218,163.04554607797024,52456400,164.11898803710938
2023-04-21 00:00:00,162.54327607753027,163.92200731179602,161.99178358382397,58337300,162.51373291015625
2023-04-24 00:00:00,162.49407133338445,163.08496487632468,161.400928797878,41949600,162.81906127929688
2023-04-25 00:00:00,162.68116189989732,163.78414697340926,161.24332919160244,48714100,161.28273010253906
2023-04-26 00:00:00,160.58350725145092,162.76979197769046,160.32746143764658,45498800,161.2728729248047
2023-04-27 00:00:00,162.6811671878293,165.9999802574992,162.6811671878293,64902300,165.85226440429688
2023-04-28 00:00:00,165.93106728858945,167.27041291997128,165.33033104891717,55275900,167.1029815673828
2023-05-01 00:00:00,166.70902333840385,167.86125191507637,166.07874407354768,52472900,167.01431274414062
2023-05-02 00:00:00,167.50673256610264,167.76279339985444,164.99545801480568,48425700,165.9802703857422
2023-05-03 00:00:00,166.92568277045305,168.3241144157863,164.62122562365215,65136000,164.9068145751953
2023-05-04 00:00:00,162.38573893481126,164.50307988258416,161.81454585901537,81235400,163.27206420898438
2023-05-05 00:00:00,168.38320830672657,171.65279246173276,168.16654839153733,113453200,170.9338836669922
2023-05-08 00:00:00,169.86043164324718,171.20963479482143,169.49605587870553,55962800,170.8649444580078
2023-05-09 00:00:00,170.42178299192224,170.90433143409618,168.99380806621033,45326900,169.16122436523438
2023-05-10 00:00:00,170.39224965147537,171.38690478906514,169.28924951921832,53724500,170.92404174804688
2023-05-11 00:00:00,171.20966280003566,171.9384144483228,169.5551699505623,49514700,171.11117553710938
2023-05-12 00:00:00,171.2196142676148,171.6535334613317,168.63584185680983,45533100,170.18414306640625
2023-05-15 00:00:00,170.7659972586019,170.81530899814229,169.09935977781652,37266700,169.69107055664062
2023-05-16 00:00:00,169.61217478294208,170.74626955321972,169.42479920138675,42110300,169.69107055664062
2023-05-17 00:00:00,169.3360433616003,170.53916250241704,168.06386972955488,57951600,170.302490234375
2023-05-18 00:00:00,170.60820660461047,172.81724313624747,170.19401507639674,65496700,172.62986755371094
2023-05-19 00:00:00,173.95136353170963,173.95136353170963,172.52141315393132,55809500,172.73837280273438
2023-05-22 00:00:00,171.57466634347682,172.2945846931845,171.0519949677244,43570900,171.7916259765625
2023-05-23 00:00:00,170.73638088486976,170.98292448804304,168.9119522022565,50747300,169.18807983398438
2023-05-24 00:00:00,168.72461766792532,170.03623176135926,168.16250594092847,45143500,169.46424865722656
2023-05-25 00:00:00,170.02637505144457,171.49576564962197,169.31632809947834,56058300,170.59835815429688
2023-05-26 00:00:00,170.92379413047703,173.33991896491864,170.71669083708804,54835000,173.00460815429688
2023-05-30 00:00:00,174.51347436884586,176.51540772383512,174.1288668535482,55964400,174.84877014160156
2023-05-31 00:00:00,174.87838004309978,176.870457363353,174.31625318107535,99625300,174.7994842529297
2023-06-01 00:00:00,175.24323239604442,177.62977324467488,174.4838737017158,68901800,177.60018920898438
2023-06-02 00:00:00,178.52718373632618,179.2668146743205,176.78165050926717,61996900,178.4482879638672
2023-06-05 00:00:00,180.1050954524954,182.39301299737724,175.57854201305094,121946500,177.09725952148438
2023-06-06 00:00:00,177.48186345973468,177.62978364684957,174.97697127382227,64848400,176.7323760986328
2023-06-07 00:00:00,175.97302631817985,178.70473461267676,174.86851540394252,61944600,175.36160278320312
2023-06-08 00:00:00,175.44047811466785,178.33983422301452,175.00657387447097,50214900,178.07357788085938
2023-06-09 00:00:00,178.99068805786467,179.71059129506313,178.13272098000036,48900000,178.45816040039062
2023-06-12 00:00:00,178.76385922591572,181.34763164971682,178.46800386072707,54274900,181.24900817871094
2023-06-13 00:00:00,180.272706433175,181.60403301510047,179.91768300176238,54929100,180.77565002441406
2023-06-14 00:00:00,180.83481629104696,181.84071851135664,179.50348972235338,57462900,181.40679931640625
2023-06-15 00:00:00,181.41667817053525,183.94128262941163,181.23915892536104,65433200,183.43832397460938
2023-06-16 00:00:00,184.1483615118621,184.40477651433866,181.72238065098958,101256200,182.36338806152344
2023-06-20 00:00:00,181.86046794433722,183.52710548415504,181.86046794433722,49799100,182.45216369628906
2023-06-21 00:00:00,182.34369383727915,182.84665255889604,180.06563271508736,49515700,181.4167022705078
2023-06-22 00:00:00,181.19971869233248,184.46395407144706,181.1306792503188,51245300,184.41464233398438
2023-06-23 00:00:00,182.9847233686237,184.96692915011988,182.45218058994394,53117000,184.09909057617188
2023-06-26 00:00:00,184.24700235631448,185.4501365723536,182.6691169769034,48088700,182.7085723876953
2023-06-27 00:00:00,183.32000947784528,185.78544616190248,183.10304984582174,50730800,185.4600067138672
2023-06-28 00:00:00,185.33177206150037,187.27453708797546,185.0063477089331,51216800,186.63352966308594
2023-06-29 00:00:00,186.4658979165552,187.4422162021352,186.32783407243755,46347300,186.96884155273438
2023-06-30 00:00:00,188.98060924884163,191.79119732203722,188.61571448028383,85213200,191.2882537841797
2023-07-03 00:00:00,191.10090642215079,191.19952989799955,189.10882958307744,31458200,189.79916381835938
2023-07-05 00:00:00,188.92150180749704,190.31199675191496,187.98462376800288,46920300,188.684814453125
2023-07-06 00:00:00,187.2153769807983,189.36524537083605,186.5842258571581,45094300,189.15814208984375
2023-07-07 00:00:00,188.76369580404943,190.0062704618662,187.60987325439862,46815000,188.0437774658203
2023-07-10 00:00:00,186.6433878022031,187.36330604998784,184.45407912216882,59922200,186.00238037109375
2023-07-11 00:00:00,186.5447914459214,186.68285528837708,184.02018687082855,46638100,185.47972106933594
2023-07-12 00:00:00,187.05759515232103,189.04967210294507,185.86433228601203,60750200,187.1463623046875
2023-07-13 00:00:00,187.8662603208446,188.54672319895087,187.15621340871894,41342300,187.90570068359375
2023-07-14 00:00:00,187.59997248992855,188.53683526319492,187.00827681367923,41616200,188.05361938476562
2023-07-17 00:00:00,189.2469126832782,191.6334686208352,189.1581605746784,50520200,191.3080291748047
2023-07-18 00:00:00,190.6768538720752,191.64330071063998,189.75970372238763,48288200,191.0515899658203
2023-07-19 00:00:00,190.4303452538346,195.4894113562338,189.9865545896983,80507300,192.40269470214844
2023-07-20 00:00:00,192.39279363664537,193.75371936128715,189.83860510668907,59581200,190.45989990234375
2023-07-21 00:00:00,191.4164870851642,192.2744541324422,188.58615588066942,71951700,189.28634643554688
2023-07-24 00:00:00,190.73603816687742,192.21530010696893,189.59207198839397,45377800,190.0851593017578
2023-07-25 00:00:00,190.65714646634552,191.75180092732498,190.25281124926505,37283200,190.94313049316406
2023-07-26 00:00:00,190.99243214213982,192.9351972994816,190.64728006234532,47471900,191.8109588623047
2023-07-27 00:00:00,193.3099522093675,194.47363103189025,189.8879250921341,47460200,190.5486602783203
2023-07-28 00:00:00,191.97862287270013,193.9115318637554,191.45595149688123,48291400,193.12258911132812
2023-07-31 00:00:00,193.34938604539337,193.77344894031904,192.56044337061044,38824100,193.73399353027344
2023-08-01 00:00:00,193.52688862020202,194.0101044929012,192.58015448246934,35175100,192.9055938720703
2023-08-02 00:00:00,192.3434921357412,192.48155598125388,189.19760772385698,50389300,189.91751098632812
2023-08-03 00:00:00,188.92147165885288,189.7103992851957,188.05363321247987,61235200,188.52699279785156
2023-08-04 00:00:00,182.95510234495143,184.78938756590674,179.4048680308995,115956800,179.47390747070312
2023-08-07 00:00:00,179.61200164257014,180.59817633552169,174.8980878140883,97576100,176.37734985351562
2023-08-08 00:00:00,177.205713919119,177.77769698523286,175.12488493894773,67823000,177.31419372558594
2023-08-09 00:00:00,178.36938092489027,178.42854898853972,174.56274666920834,60378500,175.7264404296875
2023-08-10 00:00:00,176.9986245515979,178.25107058876787,175.14462641506705,54686900,175.50950622558594
2023-08-11 00:00:00,175.10462674008653,176.3883728930982,174.34424265962002,52036700,175.56874084472656
2023-08-14 00:00:00,175.74650562753334,177.44501774834183,175.09474782272636,43675600,177.2178955078125
2023-08-15 00:00:00,176.64511288490613,177.2376075606865,174.83797474088598,43622600,175.23297119140625
2023-08-16 00:00:00,174.9169842350172,176.30935657463468,174.29485048513217,46964900,174.36398315429688
2023-08-17 00:00:00,174.92689581745674,175.29226839022536,171.31261851419777,66062900,171.8261260986328
2023-08-18 00:00:00,170.14732599213767,172.9123464424467,169.81157749118245,61172200,172.30996704101562
2023-08-21 00:00:00,172.88274314562352,173.92949746098708,171.56935789788312,46311900,173.6431121826172
2023-08-22 00:00:00,174.8478880423005,175.46013721394584,174.04801023595033,42038900,175.01576232910156
2023-08-23 00:00:00,176.28962468028294,179.28176749229362,176.1019960768648,52722800,178.8571319580078
2023-08-24 00:00:00,178.41275636104422,178.83739189345877,173.81097351698816,54945800,174.17636108398438
2023-08-25 00:00:00,175.1638506244018,176.91172570988553,173.62334339807447,51449600,176.37847900390625
2023-08-28 00:00:00,177.8400250704037,178.33377827348758,176.31927183489213,43820700,177.93878173828125
2023-08-29 00:00:00,177.45489519701718,182.5899254092932,177.25739693272806,53003900,181.81967163085938
2023-08-30 00:00:00,182.62942352828824,185.50307057198083,182.43192527543482,60813900,185.30555725097656
2023-08-31 00:00:00,185.49317264844964,186.75717945843076,185.1376697913831,60794500,185.52279663085938
2023-09-01 00:00:00,187.1225652663115,187.54718572230075,185.92767607044595,45766500,187.0929412841797
2023-09-05 00:00:00,185.92768366781115,187.6064413525269,185.26605625958229,45280000,187.32994079589844
2023-09-06 00:00:00,186.04618648324464,186.4905763861184,179.20277485131902,81755800,180.62478637695312
2023-09-07 00:00:00,172.99135904079122,175.98351721110967,171.3718491931888,112488800,175.3416290283203
2023-09-08 00:00:00,176.12179256537448,177.98817927163086,175.56877626101954,65551300,175.9539031982422
2023-09-11 00:00:00,177.82027676778657,178.0473990105972,175.12437356668377,58953100,177.119140625
2023-09-12 00:00:00,177.2475294233725,177.8795329175836,172.63587633671216,90370200,174.09738159179688
2023-09-13 00:00:00,174.30473020059844,175.08486860955094,171.8063404869434,84267900,172.03347778320312
2023-09-14 00:00:00,171.82609096561458,173.89986015970092,171.4113401404273,60895800,173.5443572998047
2023-09-15 00:00:00,174.27513730071914,174.29489164916728,171.6483815469245,109259500,172.82350158691406
2023-09-18 00:00:00,174.27511585610648,177.13889330258442,173.96899129951683,67257600,175.7465057373047
2023-09-19 00:00:00,175.30212586469654,177.38576479928514,174.91699900323943,51826900,176.832763671875
2023-09-20 00:00:00,177.02035765272817,177.45486279571944,173.20858308214417,58436200,173.29747009277344
2023-09-21 00:00:00,172.36925276684747,174.0973890433764,171.68787090976878,63149100,171.75698852539062
2023-09-22 00:00:00,172.48772049861157,174.86761425499944,171.87547142547365,56725400,172.60621643066406
2023-09-25 00:00:00,172.02356483056997,174.7589610297227,171.97418651044094,46172700,173.8800811767578
2023-09-26 00:00:00,172.63586851438868,173.01111068359924,169.51534481079926,64588900,169.8115997314453
2023-09-27 00:00:00,170.4633463371719,170.87809720821267,166.93795639924983,66921800,168.3007049560547
2023-09-28 00:00:00,167.2243401117975,169.8807348967939,165.52582779726043,56294400,168.55747985839844
2023-09-29 00:00:00,169.8708616906263,170.9077464641982,168.21184303928078,51861100,169.07098388671875
2023-10-02 00:00:00,169.0808338409062,172.12235512412923,168.79444856905252,52164500,171.5792236328125
2023-10-03 00:00:00,170.1078434596355,171.46073744550782,168.6858469308082,49594600,170.24609375
2023-10-04 00:00:00,168.9524578917983,172.03348795172127,168.8339619515459,53020300,171.4903564453125
2023-10-05 00:00:00,171.61871413723316,173.2579782200924,170.52258153582127,48527900,172.7247314453125
2023-10-06 00:00:00,171.6285909459562,175.76624458491796,171.016326818613,57266700,175.27249145507812
2023-10-09 00:00:00,174.60096707330928,176.81298636382684,173.60359124576962,42390800,176.7537384033203
2023-10-10 00:00:00,175.87486944103904,177.4746247468579,175.72673446240606,43698000,176.16123962402344
2023-10-11 00:00:00,175.9736034231689,177.60299770884345,175.38110873868183,47551100,177.55361938476562
2023-10-12 00:00:00,177.82026707710477,180.06189553412176,176.80312172309905,56743100,178.4522705078125
2023-10-13 00:00:00,179.1533924067404,179.6570151987734,175.91437292525092,51427100,176.61550903320312
2023-10-16 00:00:00,174.5417330268598,176.84262444155877,174.3047260977915,52517000,176.48712158203125
2023-10-17 00:00:00,174.44299912050275,176.19088966345473,172.61612132571108,57549400,174.93675231933594
2023-10-18 00:00:00,173.3863659573123,175.36137864838344,172.9222367694585,54764400,173.6431121826172
2023-10-19 00:00:00,173.84060845589931,175.61812287122567,173.00123711265553,59302900,173.2678680419922
2023-10-20 00:00:00,173.11972583296543,173.22835212793277,170.4830858385587,64244000,170.7200927734375
2023-10-23 00:00:00,168.77470794688867,171.8359684831129,167.80694090892598,55980100,170.83859252929688
2023-10-24 00:00:00,170.88797493724758,171.50022404547477,169.30795876796012,43816600,171.27310180664062
2023-10-25 00:00:00,169.73256439395493,170.8978144354766,168.5179209624252,57157000,168.96231079101562
2023-10-26 00:00:00,168.2414494672427,169.2388405091802,163.600172706508,70625300,164.804931640625
2023-10-27 00:00:00,164.82468576422622,166.8490767618186,164.7456834493569,58499100,166.11831665039062
2023-10-30 00:00:00,166.90832288755587,169.03145545417337,166.7601878982554,51131000,168.16244506835938
2023-10-31 00:00:00,167.23421730907862,168.76484019690602,165.80232095364974,44846000,168.636474609375
2023-11-01 00:00:00,168.86358325166134,172.05322449399938,167.99457285522465,56934900,171.79647827148438
2023-11-02 00:00:00,173.32712561259646,175.55888462715336,173.26787764016203,77334800,175.3515167236328
2023-11-03 00:00:00,172.06311427874405,174.61088250590672,171.18423421755685,79829200,174.4429931640625
2023-11-06 00:00:00,174.17636920813592,177.18825142381783,174.00849494223715,63841300,176.99075317382812
2023-11-07 00:00:00,176.94138484513783,180.1606652677133,176.7340169447808,70530000,179.5484161376953
2023-11-08 00:00:00,180.07177947416378,181.15802736111343,179.32126504404005,49340300,180.6050262451172
2023-11-09 00:00:00,180.67415869856794,181.81965455110011,179.53851741631973,53763500,180.1310272216797
2023-11-10 00:00:00,181.91089548671326,184.48180071812672,181.47581782404296,66133400,184.31369018554688
2023-11-13 00:00:00,183.74015491726047,183.94779597294095,182.1481747757102,43627500,182.7315673828125
2023-11-14 00:00:00,185.5991101996175,186.0045247766197,184.214786141562,60108400,185.34202575683594
2023-11-15 00:00:00,185.7474724520267,187.3789985945617,185.6782486931539,53790500,185.90567016601562
2023-11-16 00:00:00,187.44820698590362,188.82264852852316,186.5384909930313,54412900,187.58663940429688
2023-11-17 00:00:00,188.12062430961805,188.24917411102663,186.45943497451395,50922700,187.56689453125
2023-11-20 00:00:00,187.7646375447921,189.76203272766995,187.75475490242272,46505100,189.3071746826172
2023-11-21 00:00:00,189.26762676216626,189.37639617894334,187.61632022600733,38134500,188.50624084472656
2023-11-22 00:00:00,189.3467095850447,190.77057938008178,188.6940931656517,39617700,189.16871643066406
2023-11-24 00:00:00,188.7336553269539,188.76331834061182,187.13179223741543,24048300,187.84373474121094
2023-11-27 00:00:00,187.79429075090235,188.5358962659671,186.7857030257735,40552600,187.66574096679688
2023-11-28 00:00:00,187.65584993609482,188.9413024556769,187.2800983304318,38415400,188.26890563964844
2023-11-29 00:00:00,188.76331653900834,189.93999969621768,186.85492560121705,43014200,187.2504425048828
2023-11-30 00:00:00,187.7151899349547,188.18982834207452,186.08366378848976,48794400,187.82395935058594
2023-12-01 00:00:00,188.19971472368132,189.4159436040849,187.11202054575708,45704800,189.0995330810547
2023-12-04 00:00:00,187.85360043262926,187.92282418358675,185.35191925319242,43389500,187.30975341796875
2023-12-05 00:00:00,188.081033613139,192.2241233156588,188.05135551468544,66628400,191.25509643554688
2023-12-06 00:00:00,192.27358406476233,192.58011192579394,189.95977851245675,41089700,190.1674346923828
2023-12-07 00:00:00,191.46276025185608,192.81742141001197,191.42319951100376,47477700,192.09559631347656
2023-12-08 00:00:00,192.02637677770835,193.79635031367135,191.50231010992096,53406400,193.5194854736328
2023-12-11 00:00:00,190.94861358759854,191.32436525918584,189.2775265277558,60943700,191.017822265625
2023-12-12 00:00:00,190.91893974997748,192.54058332617893,189.5741610462004,52696900,192.53070068359375
2023-12-13 00:00:00,192.90639105920806,195.78382360297798,192.6690869899489,70404200,195.74427795410156
2023-12-14 00:00:00,195.80361960949875,197.38570218691584,193.96443748585023,66831600,195.89260864257812
2023-12-15 00:00:00,195.3190970971854,196.17935458626624,194.79503045579114,128538400,195.35865783691406
2023-12-18 00:00:00,193.89523770867535,194.42920214917604,192.21426816132805,55751900,193.69747924804688
2023-12-19 00:00:00,193.96443406555753,194.74558515548247,193.69745188302565,40714100,194.73570251464844
2023-12-20 00:00:00,194.69613029502625,195.46739869863922,192.64930725097656,52242800,192.64930725097656
2023-12-21 00:00:00,193.90508068005738,194.87410742508595,191.3341761539009,46482500,192.50096130371094
2023-12-22 00:00:00,192.99537700889314,193.22281352230834,190.8101216032956,37149600,191.43307495117188
2023-12-26 00:00:00,191.44299668429173,191.71986154255086,190.67172813799795,28919300,190.88926696777344
2023-12-27 00:00:00,190.33552729492325,191.33421726083122,188.95118798803827,48087700,190.98812866210938
2023-12-28 00:00:00,191.96704448132198,192.48122849088116,191.00790021395272,34049900,191.41331481933594
2023-12-29 00:00:00,191.72975289130503,192.22415660179112,189.58404259835586,42672100,190.37509155273438
2024-01-02 00:00:00,185.05528848269014,186.33085840634024,181.83178197139316,82488700,183.56219482421875
2024-01-03 00:00:00,182.15808112880916,183.79950485996184,181.37691491631995,58414500,182.187744140625
2024-01-04 00:00:00,180.11123597031312,181.04071720671112,178.85546161628733,71983600,179.87393188476562
2024-01-05 00:00:00,179.95304619735901,180.7144169560074,178.15340966673114,62379700,179.152099609375
2024-01-08 00:00:00,180.05193047893468,183.52265400582175,179.46853775144191,59144500,183.48309326171875
2024-01-09 00:00:00,181.86143345023166,183.07766218215258,180.68475037086026,42841800,183.06777954101562
2024-01-10 00:00:00,182.2866315170422,184.31367440860302,181.8614365329183,46792900,184.1060333251953
2024-01-11 00:00:00,184.45213566932392,184.95643712674624,181.56481971672645,49128400,183.5127716064453
2024-01-12 00:00:00,183.97745217005283,184.64984886412603,183.11719479522333,40477800,183.83901977539062
2024-01-16 00:00:00,180.12114381484557,182.1976301200088,178.90489995610474,65603000,181.57469177246094
2024-01-17 00:00:00,179.24110807963172,180.8825167727283,178.281963767062,47317400,180.63531494140625
2024-01-18 00:00:00,184.0071435872404,187.02300881659582,183.75005912545993,78005800,186.5187225341797
2024-01-19 00:00:00,187.21090309791916,189.80157360580037,186.70661676571424,68903000,189.4159393310547
2024-01-22 00:00:00,190.14764863184953,193.14373357255337,190.10808789018887,60133900,191.7198486328125
2024-01-23 00:00:00,192.83719415255706,193.55901922053994,191.660511110776,42355600,192.99539184570312
2024-01-24 00:00:00,193.23271418014866,194.18197579456825,192.16480052192722,53631300,192.32301330566406
2024-01-25 00:00:00,193.03497008475262,194.07322080915367,190.94858599423335,54822100,191.99671936035156
2024-01-26 00:00:00,192.09558049769083,192.5800863732271,189.7916578927919,44594000,190.2662811279297
2024-01-29 00:00:00,189.86091028509443,190.04878611194624,187.45811545873704,47145600,189.58404541015625
2024-01-30 00:00:00,188.8028372268088,189.65321196848186,185.37167525303494,55859400,185.93528747558594
2024-01-31 00:00:00,184.94651023142666,185.00585134318092,182.28663127585358,55467800,182.3360595703125
2024-02-01 00:00:00,181.93065217781273,184.857513201702,181.7625567551165,64885400,184.76852416992188
2024-02-02 00:00:00,177.84687547061628,185.2332669548565,177.24370243482153,102551700,183.76983642578125
2024-02-05 00:00:00,186.0440863383638,187.1317803970082,183.75994390321247,69668800,185.579345703125
2024-02-06 00:00:00,184.76853636353553,187.19111127921153,184.67954732588265,43490800,187.1812286376953
2024-02-07 00:00:00,188.50625274957065,188.91166742752537,186.4989748215566,53439000,187.29002380371094
2024-02-08 00:00:00,187.27018928785674,187.41850432812907,185.25302930015292,40962000,186.21217346191406
2024-02-09 00:00:00,186.77650719907678,188.10321111496148,186.13296840440984,45155200,186.9745330810547
2024-02-12 00:00:00,186.54880424779185,186.796321504533,184.9349868995182,41781900,185.29141235351562
2024-02-13 00:00:00,183.92513863049606,184.36077144619387,181.68757282391297,56529500,183.20237731933594
2024-02-14 00:00:00,183.47962222785034,183.68752828939827,180.62821823999963,54630500,182.32122802734375
2024-02-15 00:00:00,181.727184392981,182.65785175424014,179.54903541760635,65434500,182.0341033935547
2024-02-16 00:00:00,181.5984737728991,183.0142804515248,179.86585283584154,49752500,180.49949645996094
2024-02-20 00:00:00,179.98463913307552,180.61828269677792,178.21242224791314,53665600,179.75692749023438
2024-02-21 00:00:00,180.13316833455778,181.0737309260645,178.86588113831095,41371400,180.5093994140625
2024-02-22 00:00:00,181.65784073265692,183.12315360761588,180.64798131414128,52292200,182.53900146484375
2024-02-23 00:00:00,183.17269052734747,183.2023913936763,180.42029946099493,45119700,180.70742797851562
2024-02-26 00:00:00,180.43019254491847,180.9450175834942,178.85597124394113,40867400,179.3609161376953
2024-02-27 00:00:00,179.30152539649055,182.09351248592515,177.77681047698752,54318900,180.8163299560547
2024-02-28 00:00:00,180.6975189384851,181.30146173701146,178.34116458472795,48953900,179.61834716796875
2024-02-29 00:00:00,179.4698267249393,180.75691955299587,177.74710108364005,136682600,178.95498657226562
2024-03-01 00:00:00,177.76691576574171,178.7371792855814,175.61846756104012,73563100,177.87582397460938
2024-03-04 00:00:00,174.40064432483445,175.14319605787904,172.06408093389737,81510100,173.361083984375
2024-03-05 00:00:00,169.0641855800497,170.33147275577412,167.93550746706842,95132400,168.4305419921875
2024-03-06 00:00:00,169.3611809997691,169.53940125478644,167.00481221986033,68587700,167.44044494628906
2024-03-07 00:00:00,167.47019012011697,169.03450118476172,166.81675596481475,71765100,167.32168579101562
2024-03-08 00:00:00,167.32166963491963,171.9749911536114,167.26226790901475,76267000,169.03448486328125
2024-03-11 00:00:00,171.2225240841993,172.64822576816061,170.3413633360917,60139500,171.03440856933594
2024-03-12 00:00:00,171.43046672764987,172.30173241116674,169.31171935776177,59825400,171.50967407226562
2024-03-13 00:00:00,171.05422401757613,171.4700511814422,169.0641756745517,52488700,169.43051147460938
2024-03-14 00:00:00,171.19284931228447,172.57893998999515,170.34138929390355,72913500,171.28195190429688
2024-03-15 00:00:00,169.47013396047814,170.90573120117188,168.5988682774061,121752700,170.90573120117188
2024-03-18 00:00:00,173.82644596151624,175.94519331439105,171.79680120539754,75604200,171.99481201171875
2024-03-19 00:00:00,172.6086191723699,174.85607994565953,171.31163124958826,55215200,174.3313446044922
2024-03-20 00:00:00,173.97495931074826,176.89566040039062,173.35121088659923,53423100,176.89566040039062
2024-03-21 00:00:00,175.29172116809335,175.72735394947048,169.14338597139206,106181300,169.66812133789062
2024-03-22 00:00:00,170.05425166968308,171.33144918231721,168.37113733503185,71160100,170.569091796875
2024-03-25 00:00:00,168.8760716915293,170.23246134793257,167.76718417070535,54288300,169.15328979492188
2024-03-26 00:00:00,168.31174106723407,169.71763732680742,167.8959138727621,57388400,168.02462768554688
2024-03-27 00:00:00,168.71767294274684,171.87599567632833,168.42064920188324,60273300,171.5888671875
2024-03-28 00:00:00,170.04434616825796,170.51957504542207,168.8166552027259,65672700,169.7770233154297
2024-04-01 00:00:00,169.48992969134684,169.54933141950085,167.79690490268092,46240500,168.34144592285156
2024-04-02 00:00:00,167.4008605129018,167.6582730022656,166.55929585931307,49329500,167.16323852539062
2024-04-03 00:00:00,167.11373478373662,168.98496453257434,166.90582876011774,47691700,167.96519470214844
2024-04-04 00:00:00,168.59885072968464,170.21266810452119,167.14346313476562,53704400,167.14346313476562
2024-04-05 00:00:00,167.90579979250484,168.69785802201392,167.27215623034843,42104800,167.89590454101562
2024-04-08 00:00:00,167.3513719945941,167.51968192191484,166.5692240844266,37425500,166.77713012695312
2024-04-09 00:00:00,167.02463249925154,168.39093251447707,166.67811742351924,42373800,167.98500061035156
2024-04-10 00:00:00,167.12364410431726,167.41075745661644,165.4504251384005,49709300,166.11376953125
2024-04-11 00:00:00,166.66822184170525,173.7175238179071,166.49001666248702,91070300,173.3016815185547
2024-04-12 00:00:00,172.52944039553972,176.58872985356905,172.47994902506244,101670900,174.7967071533203
2024-04-15 00:00:00,173.6185038309996,174.8758957155582,170.78690583147454,73531800,170.9750213623047
2024-04-16 00:00:00,170.0443808641566,172.03441446797186,166.59894436401518,73711200,167.6979217529297
2024-04-17 00:00:00,167.9256158132339,168.95528100035153,166.33160400390625,50901200,166.33160400390625
2024-04-18 00:00:00,166.36132321946832,166.96526602396756,164.896025062108,43122900,165.3811492919922
2024-04-19 00:00:00,164.55936395716853,164.74746436429578,162.45051229612085,68149400,163.3613739013672
2024-04-22 00:00:00,163.87625517565544,165.5989658830707,163.13370328942287,48116400,164.1930694580078
2024-04-23 00:00:00,163.70792820716713,165.39104261951863,163.28219064755024,49537800,165.24252319335938
2024-04-24 00:00:00,164.88609429896647,167.6186945681344,164.55938480415762,48251800,167.3414764404297
2024-04-25 00:00:00,167.84640961058278,168.9156860278579,166.4801094484109,50558300,168.2028350830078
2024-04-26 00:00:00,168.1929553099538,169.63844783702467,167.49989480565932,44838400,167.61871337890625
2024-04-29 00:00:00,171.64824848286057,174.2818355072499,171.38094074443057,68169400,171.77696228027344
2024-04-30 00:00:00,171.60868084411632,173.2521991943247,168.31174889120035,65934800,168.6384735107422
2024-05-01 00:00:00,167.8959315377214,170.99485287185942,167.43059781958385,50383100,167.61871337890625
2024-05-02 00:00:00,170.79679016186972,171.69775653757537,169.19288328746214,94214900,171.31163024902344
2024-05-03 00:00:00,184.7963988764884,185.14292911827533,180.84603267784937,163224100,181.5588836669922
2024-05-06 00:00:00,180.5390848280799,182.37070337959045,178.62824383792136,78569700,179.9054412841797
2024-05-07 00:00:00,181.62815272879564,183.0637497391675,179.5193160584302,77305800,180.5885772705078
2024-05-08 00:00:00,181.03414013837894,181.25195654794928,179.6480343404535,45057100,180.92523193359375
2024-05-09 00:00:00,180.74699689996783,182.82614787366472,180.3014688648197,48983000,182.73704528808594
2024-05-10 00:00:00,183.31208481142474,183.5004555242596,180.56588428269347,50759500,181.4779815673828
2024-05-13 00:00:00,183.84742393900163,185.4931713127623,183.03445892506747,72044800,184.68020629882812
2024-05-14 00:00:00,185.89965779253163,186.6828817403559,184.6901339480471,52393600,185.82034301757812
2024-05-15 00:00:00,186.2962448244031,189.01270420161362,185.76087383759318,70400000,188.0906982421875
2024-05-16 00:00:00,188.83421956137332,189.45881387860598,188.03117836935675,52845200,188.20962524414062
2024-05-17 00:00:00,187.8824709799172,189.1713095252472,187.55530322495105,41282900,188.2393798828125
2024-05-20 00:00:00,187.70403175639103,190.2717851507536,187.38677266186554,44361300,189.3993377685547
2024-05-21 00:00:00,189.44890089382775,191.07481584379752,189.28036268210627,42309400,190.69808959960938
2024-05-22 00:00:00,190.6187578068766,191.16403734183464,188.63593413629764,34648500,189.26051330566406
2024-05-23 00:00:00,189.3398501117122,189.35968258649532,185.02721720275102,51005900,185.2750701904297
2024-05-24 00:00:00,187.19839293954828,188.94327235106317,186.4250777783575,36327000,188.34841918945312
2024-05-28 00:00:00,189.86530324069457,191.3425125399711,187.4760118609873,52280100,188.35836791992188
2024-05-29 00:00:00,187.98163930401122,190.59896650948673,187.88249204796585,53068000,188.65579223632812
2024-05-30 00:00:00,189.12173915319045,190.52954231443272,188.99286588586446,49889100,189.64718627929688
2024-05-31 00:00:00,189.7959119633218,190.9162123421418,188.27905284340878,75158300,190.5989532470703
2024-06-03 00:00:00,191.24339269614325,193.3154555326916,190.86666637583775,50080500,192.3636932373047
2024-06-04 00:00:00,192.96842627855952,193.64259428823095,191.3722523931234,47471400,192.68092346191406
2024-06-05 00:00:00,193.72188613227584,195.20900403542353,193.19643901671662,54156800,194.18785095214844
2024-06-06 00:00:00,194.0093990023229,194.81244022862765,192.50244866402238,41181800,192.80978393554688
2024-06-07 00:00:00,192.97832848334124,195.24867030234284,192.47271383884646,53103900,195.1990966796875
2024-06-10 00:00:00,195.20899197297106,195.60556579928584,190.49978557066368,97010200,191.46145629882812
2024-06-11 00:00:00,191.98693938600363,205.38092599962496,191.96712203677995,172373300,205.37100219726562
2024-06-12 00:00:00,205.58908283581826,218.30889945026047,205.1231180281253,198134300,211.24014282226562
2024-06-13 00:00:00,212.8958066808934,214.888539245905,209.7827737762817,97862700,212.4001007080078
2024-06-14 00:00:00,212.01345147179217,213.32210737882852,209.4853479747781,70122700,210.66513061523438
2024-06-17 00:00:00,211.53754196526575,217.06962191331422,210.89313031273133,93728300,214.8092041015625
2024-06-18 00:00:00,215.72132373307375,216.75240063817128,211.1707464886947,79943300,212.4496612548828
2024-06-20 00:00:00,212.0927425591543,212.4000929584359,207.05638337080816,86172500,207.87924194335938
2024-06-21 00:00:00,208.58315742215362,210.07027533194446,205.33132746963062,241805100,205.70806884765625
2024-06-24 00:00:00,205.93608683303725,210.87331399723786,204.8157865138524,80727000,206.35247802734375
2024-06-25 00:00:00,207.35378999494392,209.56464939365068,206.8184342324815,55549700,207.2744903564453
2024-06-26 00:00:00,209.68362348048936,213.01476817493463,208.8310086144187,66213200,211.41859436035156
2024-06-27 00:00:00,212.8462361886446,213.88722177256454,210.5263358320774,49772700,212.2613067626953
2024-06-28 00:00:00,213.91696855097956,214.2143951724623,208.49394377490637,82542700,208.81118774414062
2024-07-01 00:00:00,210.26856627972688,215.64201747450758,210.10002805599396,60402900,214.8885498046875
2024-07-02 00:00:00,214.2936836981781,218.4873670751859,213.25271326862932,58046200,218.37831115722656
2024-07-03 00:00:00,218.11066234301026,219.64735412597656,217.14899139427806,37369800,219.64735412597656
2024-07-05 00:00:00,219.7464397478406,224.5052198536283,219.7464397478406,60412400,224.3961639404297
2024-07-08 00:00:00,225.13972278278513,225.89320550199054,221.3327047505454,59085900,225.86346435546875
2024-07-09 00:00:00,225.97252074204383,227.42989753320916,224.4259205051531,48076100,226.71607971191406
2024-07-10 00:00:00,227.3307677065015,231.0783037422216,227.28119408246098,62627700,230.97915649414062
2024-07-11 00:00:00,229.40280147827102,230.39421338925845,223.83107137940016,64710600,225.61561584472656
2024-07-12 00:00:00,226.9540218514806,230.64207551688347,226.71607753741577,53046500,228.5601043701172
2024-07-15 00:00:00,234.44908623752588,235.1926451763578,231.08820043911544,62631300,232.38694763183594
2024-07-16 00:00:00,232.98182214446476,234.2409196318231,230.3347538954296,43234300,232.80337524414062
2024-07-17 00:00:00,227.47946461019197,229.47221227385296,224.69359950369105,57345900,226.91436767578125
2024-07-18 00:00:00,228.30231800055432,228.46094752609622,220.36111458394757,66034600,222.25469970703125
2024-07-19 00:00:00,222.88925101284036,224.85224251867803,221.36246807560826,49151500,222.3836212158203
2024-07-22 00:00:00,225.06041535891617,225.82380677595344,221.174082433242,48201800,222.03662109375
2024-07-23 00:00:00,222.44308791792702,224.9910238167192,220.76759935066607,39960300,223.0775909423828
2024-07-24 00:00:00,222.07627816799848,222.86941075843336,215.26528287042115,61777600,216.6631622314453
2024-07-25 00:00:00,217.04981289629316,218.95333716975932,212.77682977395946,51391200,215.6221923828125
2024-07-26 00:00:00,216.82180047841348,217.60502442671483,214.15489978899527,41601300,216.08816528320312
2024-07-29 00:00:00,215.09674706599597,217.41664743865044,213.8971319294418,36311800,216.36575317382812
2024-07-30 00:00:00,217.3075942808937,218.43780333279796,214.26395224147618,41643800,216.9209442138672
2024-07-31 00:00:00,219.53827220377053,221.89783756706774,218.73523091700034,50036300,220.1727752685547
2024-08-01 00:00:00,222.44309097566543,222.55214689360594,215.15622233135366,62501000,216.48471069335938
2024-08-02 00:00:00,217.2679231335739,223.66254232334134,215.84030263063204,105568600,217.97183227539062
2024-08-05 00:00:00,197.3802115476467,211.6664621054212,194.3167520967801,119548600,207.47279357910156
2024-08-06 00:00:00,203.53688424769564,208.18660889381388,199.3432157724579,69660500,205.45030212402344
2024-08-07 00:00:00,205.12311510057037,211.80523672133984,204.61750047992084,63516400,208.01805114746094
2024-08-08 00:00:00,211.27977851822874,212.36041379670297,207.03653703937619,47161100,211.47805786132812
2024-08-09 00:00:00,210.2784595957283,214.9182597959333,210.1495712142523,42201600,214.38290405273438
2024-08-12 00:00:00,214.46235526228747,217.87674748817912,213.99585104906322,38028100,215.91148376464844
2024-08-13 00:00:00,217.38044783379533,220.23902400333975,217.38044783379533,44155300,219.62364196777344
2024-08-14 00:00:00,218.9288446755302,221.37053243582614,218.06530765715263,41960600,220.07028198242188
2024-08-15 00:00:00,222.9288713384501,223.67329096872731,221.10255033510867,46414000,223.0479736328125
2024-08-16 00:00:00,222.25391598005478,225.14226768918678,221.98592068094572,44340200,224.36807250976562
2024-08-19 00:00:00,224.04051049270504,224.30850577318623,221.3804434072076,40687800,224.20924377441406
2024-08-20 00:00:00,224.09014645304697,225.4797235950926,223.77252016614798,30299000,224.8246307373047
2024-08-21 00:00:00,224.8345868015738,226.28371522001356,223.37552309496598,34765500,224.71546936035156
2024-08-22 00:00:00,226.09511339685906,226.64102413052154,222.2340576918725,43695300,222.859375
2024-08-23 00:00:00,223.98097823318813,226.52192810531062,222.66087229355688,38677300,225.15219116210938
2024-08-26 00:00:00,225.07279660900764,225.58893181224732,222.22415556593285,30602200,225.4896697998047
2024-08-27 00:00:00,224.31844891527626,227.14724957253156,223.21670725505913,35934600,226.33334350585938
2024-08-28 00:00:00,226.22414704916858,228.14971479709,224.0008084384826,38052200,224.80479431152344
2024-08-29 00:00:00,228.38793686624163,231.18694665641485,227.17701311839377,51906300,228.08023071289062
2024-08-30 00:00:00,228.4772602189495,228.68568922028223,225.78741746908054,52990800,227.29611206054688
2024-09-03 00:00:00,226.84944927892798,227.29609797078044,219.52435620963286,50190600,221.11245727539062
2024-09-04 00:00:00,220.01074262314262,220.12984491677884,215.86183603349318,43840200,219.20677185058594
2024-09-05 00:00:00,219.9809679444758,223.80231295165626,219.87178579311316,36615400,220.7253875732422
2024-09-06 00:00:00,222.2837029728863,223.56411324365834,218.13481142105056,48423000,219.177001953125
2024-09-09 00:00:00,219.17698492990527,219.62363365317324,215.0975649862482,67180000,219.2663116455078
2024-09-10 00:00:00,217.29112653781655,219.83207646515766,215.1174187834135,51591000,218.47227478027344
2024-09-11 00:00:00,219.81224273641337,221.4301044903715,216.26879790334314,44587100,221.00331115722656
2024-09-12 00:00:00,220.8444620021775,221.88665238000266,218.18441013407553,37455600,221.11245727539062
2024-09-13 00:00:00,221.91641780288074,222.37298661536337,220.25884553186094,36766600,220.84445190429688
2024-09-16 00:00:00,214.9288136198369,215.6037619118882,212.32831274384958,59357400,214.71046447753906
2024-09-17 00:00:00,214.14470101422842,215.2861383219032,212.90400170360138,45519300,215.1769561767578
2024-09-18 00:00:00,215.931307109631,221.05291740528648,215.92137182236397,59894900,219.04794311523438
2024-09-19 00:00:00,223.31596324984213,228.11002736409566,222.95864123060412,66781300,227.16708374023438
2024-09-20 00:00:00,228.25889437635817,231.35567496568984,225.9263736470506,318679900,226.50205993652344
2024-09-23 00:00:00,225.64846451262724,227.742765583781,224.12984974700805,54146000,224.78494262695312
2024-09-24 00:00:00,226.94872814757065,227.64353192764617,224.05045616714196,43556100,225.67825317382812
2024-09-25 00:00:00,223.25638097071698,225.59882178569194,222.35316341740713,42308700,224.6856689453125
2024-09-26 00:00:00,225.608784129346,226.79985253593196,223.73284722402752,36636700,225.8271484375
2024-09-27 00:00:00,226.7601514881057,227.81226214161182,225.6087788258606,34026000,226.09512329101562
2024-09-30 00:00:00,228.32838978012126,231.26637268066406,227.94129216556473,54541900,231.26637268066406
2024-10-01 00:00:00,227.81227091446172,227.94129335648356,222.0752779583648,63285000,224.5269012451172
2024-10-02 00:00:00,224.20925878310885,225.67824256269316,221.360617941662,32880600,225.09263610839844
2024-10-03 00:00:00,223.46483520314058,225.12240767637772,221.65838486968212,34044200,223.9908905029297
2024-10-04 00:00:00,226.20430944090455,226.30357145139808,222.46237094034984,37245100,225.1125030517578
2024-10-07 00:00:00,222.8296172342201,224.01076551273388,219.68320530273118,39505400,220.04052734375
2024-10-08 00:00:00,222.63110049734397,224.298593199742,221.58890998571715,31855700,224.0901641845703
2024-10-09 00:00:00,223.554178398676,228.04055170887608,223.1571606453159,33591100,227.8321075439453
2024-10-10 00:00:00,226.08522629350668,227.7924300308487,225.47976432683006,28183500,227.33584594726562
2024-10-11 00:00:00,227.59388209213523,227.7030642360917,225.64845893034402,31759200,225.85690307617188
2024-10-14 00:00:00,226.99836439928595,230.00581860221664,226.89911753216435,39882100,229.5790252685547
2024-10-15 00:00:00,231.87182665313995,235.7229623804217,230.6410474142004,64751400,232.11004638671875
2024-10-16 00:00:00,229.87679699083486,230.39291705034768,228.1298824963092,34082200,230.05545043945312
2024-10-17 00:00:00,231.69315867439417,232.11004699556463,228.8048220166126,32993800,230.4226837158203
2024-10-18 00:00:00,234.4226930307779,234.4226930307779,232.26884075534687,46431500,233.25148010253906
2024-10-21 00:00:00,232.7055796017645,235.08773156933626,232.7055796017645,36254500,234.72047424316406
2024-10-22 00:00:00,232.14974382855843,234.4624093106695,230.86934872103873,38846600,234.10508728027344
2024-10-23 00:00:00,232.33833466706656,233.39044533687328,226.0653512199268,52287000,229.04302978515625
2024-10-24 00:00:00,228.26884002769643,229.10260155629064,226.710529416834,31109500,228.85446166992188
2024-10-25 00:00:00,228.03061417648678,231.48471683213373,227.86188088691335,38802300,229.6881866455078
2024-10-28 00:00:00,231.58399967772363,232.98349712196287,230.81972458948547,36087100,231.66339111328125
2024-10-29 00:00:00,231.36563017470797,232.5864741436605,230.59143496071306,35417200,231.93138122558594
2024-10-30 00:00:00,230.87925826342104,231.7328600109945,227.8420287171323,47070900,228.387939453125
2024-10-31 00:00:00,227.63358238786932,228.11994197442104,223.693120129287,64370100,224.22911071777344
2024-11-01 00:00:00,219.32586653780092,223.67328184782377,218.6310779402587,65276700,221.25143432617188
2024-11-04 00:00:00,219.34572401852256,221.13231895883285,218.0752491010658,44944500,220.35812377929688
2024-11-05 00:00:00,220.14968230766976,222.28367900181775,219.49458945583885,28111300,221.7873992919922
2024-11-06 00:00:00,220.95366880237512,224.387931303672,219.54423614319148,54561100,221.06285095214844
2024-11-07 00:00:00,222.95865940199351,226.18447798056903,222.89910825147632,42137700,225.78744506835938
2024-11-08 00:00:00,225.72782337627459,227.20836966100222,224.97265364792685,38328800,225.5191650390625
2024-11-11 00:00:00,223.5715733715174,224.26712634517858,220.0937933412938,42005600,222.80645751953125
2024-11-12 00:00:00,223.1244332571579,224.15782408060912,221.94198562097503,40398300,222.80645751953125
2024-11-13 00:00:00,222.58787261698694,225.2111120360391,221.34580821096,48566200,223.69082641601562
2024-11-14 00:00:00,223.59146688403666,227.41701609796436,223.57158960851197,44923900,226.77114868164062
2024-11-15 00:00:00,224.96268496170848,225.4793879673537,222.84621765747355,47923700,223.5715789794922
2024-11-18 00:00:00,223.8199993254601,228.28149999782985,223.74050538640262,44633700,226.57241821289062
2024-11-19 00:00:00,225.53899960732684,228.69881907074455,225.22103903072198,36211800,226.83074951171875
2024-11-20 00:00:00,226.61215353970658,228.47027695087482,224.45593165289552,35169600,227.5461883544922
2024-11-21 00:00:00,227.42697481306035,228.6988476019872,224.27710117470866,42108300,227.0692596435547
2024-11-22 00:00:00,226.6121530455377,229.25526960886552,226.6121530455377,38168300,228.41065979003906
2024-11-25 00:00:00,229.99057974831032,231.7692092379923,228.28149797848934,90152800,231.39161682128906
2024-11-26 00:00:00,231.84870566104107,234.07449047305911,231.84870566104107,45986200,233.56771850585938
2024-11-27 00:00:00,232.9814664022851,234.1937224347506,232.32565277909848,33498400,233.43853759765625
2024-11-29 00:00:00,233.3192972938568,236.3002516789311,232.48463370489634,28481400,235.82330322265625
2024-12-02 00:00:00,235.76367580720535,239.26131787624368,235.65437354492806,48137100,238.06893920898438
2024-12-03 00:00:00,238.2875760799829,241.21884512379424,237.38334952948236,38861000,241.1095428466797
2024-12-04 00:00:00,241.32812877991805,242.5602620666903,239.71841824290905,44383900,241.4672393798828
2024-12-05 00:00:00,242.44105143123323,242.98754766386446,240.59285890906452,40033900,241.4970703125
2024-12-06 00:00:00,241.36790273028285,243.0769846168902,240.5431701206591,36870600,241.29833984375
2024-12-09 00:00:00,240.29475369946152,245.67041216886827,240.21525975684386,44649200,245.1835174560547
2024-12-10 00:00:00,245.32261857013248,246.63424582967986,243.7824557106041,36914800,246.19703674316406
2024-12-11 00:00:00,246.3858398593606,249.20780656351602,244.69662013013263,45205800,244.9251708984375
2024-12-12 00:00:00,245.32260415969785,247.1608653940442,244.1202792424049,32777500,246.3858184814453
2024-12-13 00:00:00,246.24671899982582,247.70737273801882,244.67674782957272,33155300,246.55474853515625
2024-12-16 00:00:00,246.41563368868003,249.78411156803347,246.07778066556844,51694800,249.44625854492188
2024-12-17 00:00:00,248.49234928857376,252.2185421189052,248.19425082976375,51356400,251.87075805664062
2024-12-18 00:00:00,250.55917390522964,252.6657103008961,246.1672359539693,56774100,246.4752655029297
2024-12-19 00:00:00,245.92873792847348,250.400169527173,245.5213371883983,60882300,248.20419311523438
2024-12-20 00:00:00,246.4653249902114,253.3811464831127,244.13025293349912,147495300,252.8743896484375
2024-12-23 00:00:00,253.15258832932108,254.02699130961165,251.84096111600803,40858800,253.6494140625
2024-12-24 00:00:00,253.86804957710976,256.5707679464462,253.6693071300515,23234700,256.56085205078125
2024-12-26 00:00:00,256.55083207826743,258.44870970386563,255.9943897750778,27237100,257.37554931640625
2024-12-27 00:00:00,256.19314630806485,257.05764856283577,251.45343969164696,42355300,253.96737670898438
2024-12-30 00:00:00,250.6287005424076,251.8906421270002,249.15810064436016,35557500,250.59889221191406
2024-12-31 00:00:00,250.83738041728796,251.6720440162376,247.84647977817443,39480700,248.8302001953125
2025-01-02 00:00:00,247.34966196417784,247.51859606258614,240.28481431614935,55740700,242.3019256591797
2025-01-03 00:00:00,241.8150177001953,242.6298040057451,240.3543488544026,40244100,241.8150177001953
2025-01-06 00:00:00,242.75900387005615,245.7598357483754,241.6560500607284,45045600,243.4446258544922
2025-01-07 00:00:00,241.43743349025635,243.99112508347835,239.81779188041267,40856000,240.67233276367188
2025-01-08 00:00:00,240.38417847646193,242.1628232218062,238.52605495049286,37628900,241.1592254638672
2025-01-10 00:00:00,238.48627094630749,238.63532775588945,231.5207799769646,61710900,235.34634399414062
2025-01-13 00:00:00,232.04742383507855,233.180185891021,228.26161420500546,49630700,232.91189575195312
2025-01-14 00:00:00,233.25969544364762,234.62099318079112,230.99417118008773,39435300,231.7990264892578
2025-01-15 00:00:00,233.1504034772107,237.4429855317883,232.94172997653553,39832000,236.35989379882812
2025-01-16 00:00:00,235.84321782536014,236.4990163708154,226.58237745891398,71759100,226.8109130859375
2025-01-17 00:00:00,230.64637201374376,230.81529094249188,227.0294813062853,68488300,228.51995849609375
2025-01-21 00:00:00,222.57794445660952,222.99527628303537,217.9872792040061,98070400,221.22657775878906
2025-01-22 00:00:00,218.39465138442915,222.6971640978084,218.39465138442915,64126500,222.4090118408203
2025-01-23 00:00:00,223.3132578125695,225.58871322146769,220.88874557201237,60234800,222.2401123046875
2025-01-24 00:00:00,223.35299524803202,224.19760513427786,220.00439436057442,54697900,221.36569213867188
2025-01-27 00:00:00,222.5978054024586,230.67618150163648,222.5580508531902,94863400,228.40072631835938
2025-01-28 00:00:00,229.3844597561093,238.66516132615985,229.3447052045828,75707600,236.74740600585938
2025-01-29 00:00:00,232.63366934231402,238.33723404319062,232.52436707787834,45486100,237.8404083251953
2025-01-30 00:00:00,237.15482584661257,239.26136238940995,235.70410299948912,55658300,236.08168029785156
2025-01-31 00:00:00,245.62071750771995,245.62071750771995,231.95800933839706,100959800,234.5017547607422
2025-02-03 00:00:00,228.52991033796462,230.35822543026035,224.2671369795404,73063300,226.56246948242188
2025-02-04 00:00:00,225.8072836268673,231.64995878770605,225.21108671424065,45067300,231.32205200195312
2025-02-05 00:00:00,227.0791817096477,231.19289841511937,226.82083777153602,39620300,230.99417114257812
2025-02-06 00:00:00,229.8216550685821,232.31573010563136,228.96711414866223,29925300,231.73941040039062
2025-02-07 00:00:00,231.12335539671392,232.5144614947352,225.81724462416,39707200,226.18490600585938
2025-02-10 00:00:00,228.36338248973718,229.378010419489,226.00582893863492,33115600,226.45346069335938
2025-02-11 00:00:00,227.00058728303875,233.99363668198936,226.93096309298542,53718400,231.39735412597656
2025-02-12 00:00:00,229.98480349517558,235.71453849328682,229.4675323792709,45243300,235.625
2025-02-13 00:00:00,235.66483088933668,241.06628412426815,234.3318774239705,53614100,240.2605438232422
2025-02-14 00:00:00,239.9819785190441,244.25938055012708,239.7233505557091,40896200,243.3143768310547
2025-02-18 00:00:00,242.86674847770814,243.8913336127375,240.56889220053384,48822500,243.18507385253906
2025-02-19 00:00:00,243.37407429304395,244.716969605811,241.88195827091008,32204200,243.5829620361328
2025-02-20 00:00:00,243.65259654249155,245.4829218502696,243.00600383864503,32316900,244.5379180908203
2025-02-21 00:00:00,244.65729095432025,247.38289505871285,243.93113206298463,53197400,244.2593994140625
2025-02-24 00:00:00,243.64264638435856,247.55199828948733,243.1353323966777,51326400,245.80125427246094
2025-02-25 00:00:00,246.69650753214344,248.68599549611233,243.62275227067275,48013300,245.74154663085938
2025-02-26 00:00:00,243.04579925662603,243.6923767743236,237.87313357927937,44433600,239.09666442871094
2025-02-27 00:00:00,238.15166004001364,241.1856322165831,235.81400561415145,41153600,236.05274963378906
2025-02-28 00:00:00,235.70459571566596,240.8175794410065,228.9900734891547,56833400,240.5688934326172
2025-03-03 00:00:00,240.51914741730602,242.74737946323825,234.8690087281554,47184000,236.77891540527344
2025-03-04 00:00:00,236.46063041402056,238.80822713414068,233.44654177924315,53798100,234.68997192382812
2025-03-05 00:00:00,234.18263593082168,235.30670153327668,228.0251680036218,47227600,234.50096130371094
2025-03-06 00:00:00,233.20778757123546,236.60981025581015,231.93451645578955,45170400,234.09310913085938
2025-03-07 00:00:00,233.87426828677374,240.10136041796665,233.5261018066448,46273600,237.81346130371094
2025-03-10 00:00:00,234.30201287196223,234.9187645202326,223.04151782981955,72071200,226.2843780517578
2025-03-11 00:00:00,222.63365113389432,224.65298022983382,216.30707871737093,76137400,219.67926025390625
2025-03-12 00:00:00,218.98294858814833,220.58448707211764,213.7804415985268,62547500,215.8395538330078
2025-03-13 00:00:00,214.81496040955514,215.70028194858565,207.3245394208188,61368300,208.57791137695312
2025-03-14 00:00:00,210.13967261110687,212.8254784087618,208.4784519318959,60107600,212.36790466308594
2025-03-17 00:00:00,212.1888226325467,214.0887871580046,208.86638159065717,48073400,212.8751983642578
2025-03-18 00:00:00,213.03435726681795,214.01914401352187,210.37839287524898,42432400,211.57208251953125
2025-03-19 00:00:00,213.0940604852241,217.6101915579757,212.6265295918345,54385400,214.10870361328125
2025-03-20 00:00:00,212.86527847830126,216.3468825511506,211.10457731145533,48862900,212.97470092773438
2025-03-21 00:00:00,210.44804823896536,217.68978368973626,210.16952111998106,94127800,217.12278747558594
2025-03-24 00:00:00,219.83843988574125,220.31591279023903,217.43116105321957,44299500,219.56985473632812
2025-03-25 00:00:00,219.6096416779903,222.92214108802088,218.92326587520165,34493600,222.573974609375
2025-03-26 00:00:00,222.33523531503357,223.83730853242594,219.3112201065871,34466100,220.3656463623047
2025-03-27 00:00:00,220.22636977863218,223.80745418869535,219.40073045135125,37094800,222.67344665527344
2025-03-28 00:00:00,220.50488863250547,222.63364006926244,216.5358548246797,39818600,216.75469970703125
2025-03-31 00:00:00,215.86939419548492,224.43414081005062,215.09349507460487,65299300,220.96249389648438
2025-04-01 00:00:00,218.65468232589998,222.50433685640354,217.749461617725,36412700,222.0169219970703
2025-04-02 00:00:00,220.15674221426906,224.0063965120705,219.85831598824518,35905900,222.71322631835938
2025-04-03 00:00:00,204.45966369883956,206.39942653372108,200.19221885499383,103419000,202.1220245361328
2025-04-04 00:00:00,192.87092693410324,198.82944937179326,186.35535024633944,125910900,187.389892578125
2025-04-07 00:00:00,176.26863687444822,193.12954493623218,173.70219548773406,160466300,180.50625610351562
2025-04-08 00:00:00,185.71872345097177,189.3395914266431,168.32065857366717,120859500,171.51377868652344
2025-04-09 00:00:00,171.04623198001363,199.55559936553783,170.98654976711688,184395900,197.8048553466797
2025-04-10 00:00:00,188.0762635840202,193.7562435722064,182.0381599544528,121880000,189.41915893554688
2025-04-11 00:00:00,185.12183860777895,198.4911833499126,185.08204035332946,87435900,197.10848999023438
2025-04-14 00:00:00,210.32866545443895,211.82078139531484,200.10269875392328,101352900,201.45555114746094
2025-04-15 00:00:00,200.7990180691496,202.44033954558066,198.74984792281177,51343900,201.07754516601562
2025-04-16 00:00:00,197.31741584829123,199.64511311117855,191.35889396287376,59732400,193.24891662597656
2025-04-17 00:00:00,196.16351652823,197.78495412822454,193.39812938355274,52164700,195.94467163085938
2025-04-21 00:00:00,192.25418258208256,192.78139570274652,188.8123615658979,46742500,192.14476013183594
2025-04-22 00:00:00,195.0892017003565,200.53045296496776,194.93999616163734,52976400,198.690185546875
2025-04-23 00:00:00,204.9172632087338,206.9067512010516,201.7340854567431,52929200,203.52462768554688
2025-04-24 00:00:00,203.81309077731203,207.73238443559362,201.87334307751462,47311000,207.27479553222656
2025-04-25 00:00:00,205.28531450927932,208.6475540878433,205.1162098506388,38222300,208.18002319335938
2025-04-28 00:00:00,208.89624364686077,210.38835967290976,206.3696005213303,38743100,209.03550720214844
2025-04-29 00:00:00,207.59312493762445,211.12446912484504,207.27479957627347,36827600,210.09988403320312
2025-04-30 00:00:00,208.19990958730307,212.45741243436711,205.58372816909105,52286500,211.38308715820312
2025-05-01 00:00:00,207.98108655162656,213.43227966302132,207.80202473083082,57365700,212.1988067626953
2025-05-02 00:00:00,205.0067917796952,205.9020705063368,201.09745506032002,101010600,204.27069091796875
2025-05-05 00:00:00,202.03252954096354,203.0272736250085,197.1682315771274,69018500,197.8446502685547
2025-05-06 00:00:00,197.16823320230833,199.5953960373684,195.98448530396325,51216500,197.46664428710938
2025-05-07 00:00:00,198.12317194216024,198.3917570874617,192.23428894820486,68536700,195.21852111816406
2025-05-08 00:00:00,196.68078271707188,198.99853803284546,193.65675249053749,50478900,196.45199584960938
2025-05-09 00:00:00,197.95405738682032,199.48595647897335,196.50172445806652,36453900,197.4865264892578
2025-05-12 00:00:00,210.13634313336473,210.435160708662,205.93301745006437,63775800,209.95704650878906
2025-05-13 00:00:00,209.59847136477597,212.55673652410627,208.17412935394688,51909300,212.08859252929688
2025-05-14 00:00:00,211.5905625216416,213.09460539099953,209.7478820292828,49325800,211.490966796875
2025-05-15 00:00:00,210.11641669484823,212.11848379882832,208.71198473801002,45029500,210.61444091796875
2025-05-16 00:00:00,211.52084551122164,211.73002236916358,208.9410837213976,54737900,210.42518615722656
2025-05-19 00:00:00,207.08842931596485,208.65221742207615,203.45284348728632,46140500,207.95498657226562
2025-05-20 00:00:00,206.84938410987283,207.64622592622177,204.2198167548668,42496600,206.04258728027344
2025-05-21 00:00:00,204.3592586621154,206.22186440009241,199.91689108628387,59211800,201.2914276123047
2025-05-22 00:00:00,199.91690559460176,201.94883789272,198.91088686006037,46742400,200.5643310546875
2025-05-23 00:00:00,192.9047141233614,196.9187884239126,192.69555244631704,78432900,194.49839782714844
2025-05-27 00:00:00,197.51641281084125,199.94677348688452,196.64984031499387,56288500,199.4188690185547
2025-05-28 00:00:00,199.79734764673603,201.92889064401075,199.1100718095576,45339700,199.62802124023438
2025-05-29 00:00:00,202.77554227533128,203.0046291598645,197.72556941325453,51396800,199.15988159179688
2025-05-30 00:00:00,198.5821728136608,201.1619498266407,196.00241099917397,70819900,200.05633544921875
2025-06-02 00:00:00,199.488582384924,201.33127809714276,199.32921098525782,35423300,200.90296936035156
2025-06-03 00:00:00,200.55437033168948,202.96480586317466,200.16591202699755,46381600,202.46678161621094
2025-06-04 00:00:00,202.10818013514051,205.42502305946414,201.30138338029005,43604000,202.01853942871094
2025-06-05 00:00:00,202.69585814733983,203.94091870107042,199.35908978394463,55126100,199.8372039794922
2025-06-06 00:00:00,202.19784922307906,204.887177182899,201.25160617035465,46607700,203.1142120361328
2025-06-09 00:00:00,203.58234611432158,205.18598475848052,199.22961916524454,72862600,200.65396118164062
2025-06-10 00:00:00,199.8073282051838,203.54250994980842,199.77744796710627,54672600,201.869140625
2025-06-11 00:00:00,202.6958722895077,203.69192080198684,197.62598900862739,60989900,197.99452209472656
2025-06-12 00:00:00,198.29333609984755,198.890956077424,196.58013147350607,43904600,198.41285705566406
2025-06-13 00:00:00,198.94074360607502,199.57821397711425,194.92666975119658,51447300,195.6737060546875
2025-06-16 00:00:00,196.52035592822918,197.90486262143017,195.78327462738756,43020700,197.63592529296875
2025-06-17 00:00:00,196.4207613301707,197.6060614779548,194.43863454049264,38856200,194.86692810058594
2025-06-18 00:00:00,195.16573699325735,196.7893008408277,194.2991796996429,45394700,195.80320739746094
2025-06-20 00:00:00,197.45666110928434,200.90298042554332,196.08210930882012,96813500,200.20574951171875
2025-06-23 00:00:00,200.83325703321927,201.50060768152076,198.17380945321412,55814300,200.70376586914062
2025-06-24 00:00:00,201.78944331230142,202.63609053842802,199.40888822531906,54064000,199.5084991455078
2025-06-25 00:00:00,200.65395335177794,202.8651820841085,199.82723133036671,39525700,200.76351928710938
2025-06-26 00:00:00,200.63404307360597,201.8392684520338,198.67184150130464,50799100,200.20574951171875
2025-06-27 00:00:00,201.09222774816857,202.41697405518968,199.20969672208463,73188600,200.28543090820312
2025-06-30 00:00:00,201.211736268348,206.57048164253425,198.4726031076903,91912800,204.3592529296875
2025-07-01 00:00:00,205.85332972802502,209.35942450018746,205.3254252695324,78788900,206.99879455566406
2025-07-02 00:00:00,208.08449026524102,212.49697770796604,207.31752868499885,67941800,211.6005401611328
2025-07-03 00:00:00,211.31166931275297,213.8017903991559,210.97301649264048,34955800,212.70614624023438
2025-07-07 00:00:00,211.8395692407974,215.37554414763466,207.97491173225177,50229000,209.120361328125
2025-07-08 00:00:00,209.26978591644843,210.59451698338924,207.6262968509882,42848900,209.1801300048828
2025-07-09 00:00:00,208.70202548866368,210.49491569520316,206.40115605631001,48749400,210.3056640625
2025-07-10 00:00:00,209.67816220166208,212.63642743345136,209.2000631819418,44443600,211.57066345214844
2025-07-11 00:00:00,209.73792710960444,211.29176024279,209.03072603053,39765800,210.32559204101562
2025-07-14 00:00:00,209.10046017794556,210.0765986782557,206.71990480407712,38840100,207.79563903808594
2025-07-15 00:00:00,208.39325734338402,211.05270487364396,208.09443976951917,42296300,208.28369140625
2025-07-16 00:00:00,209.4689902412225,211.5606828488181,207.8155461810567,47490500,209.3295440673828
2025-07-17 00:00:00,209.7379389650813,210.9630743588066,208.7618004967043,48068100,209.1901092529297
2025-07-18 00:00:00,210.0367321724359,210.95309492429405,208.87135730762196,48974600,210.3455047607422
2025-07-21 00:00:00,211.26189276464606,214.92734394651046,210.79374875413163,51377400,211.640380859375
2025-07-22 00:00:00,212.29777975345726,214.1006251327807,211.39137195770533,46404100,213.55279541015625
2025-07-23 00:00:00,214.15041924441525,214.29982043425818,211.57065737650467,46989300,213.30377197265625
2025-07-24 00:00:00,213.05477516619655,214.83771055173221,212.68624207244096,46022600,212.9153289794922
2025-07-25 00:00:00,213.85160291428238,214.38947759784276,212.5567368669443,40268800,213.03485107421875
2025-07-28 00:00:00,213.18423737412155,214.00100435562788,212.21806921233596,37858000,213.20416259765625
2025-07-29 00:00:00,213.33363944545516,213.96115480223384,209.9869314052821,51411700,210.43515014648438
2025-07-30 00:00:00,211.06265157316113,211.55072076453234,206.89917652304968,45512500,208.2239227294922
2025-07-31 00:00:00,207.66614913739534,209.01080544085684,206.3414028602417,80698400,206.74978637695312
2025-08-01 00:00:00,210.03673342752194,212.73603143542957,200.7037642416869,104434500,201.58029174804688
2025-08-04 00:00:00,203.70186769022786,207.0585613783641,200.88304868853191,75109300,202.5464630126953
2025-08-05 00:00:00,202.59624780213056,204.52858421879685,201.36115745633876,44155100,202.11814880371094
2025-08-06 00:00:00,204.81744899810374,214.52892145014,204.77759854868273,108483100,212.40733337402344
2025-08-07 00:00:00,218.01508808955717,219.97730473834642,215.7241736307253,90224800,219.16053771972656
2025-08-08 00:00:00,219.95738825778145,230.08719950298993,218.38362983130105,113854000,228.4437255859375
2025-08-11 00:00:00,227.2770261826339,228.91239906441297,224.1259370249458,61806100,226.5391082763672
2025-08-12 00:00:00,227.36674823663387,230.14888579943394,226.429412881848,55626200,229.0021209716797
2025-08-13 00:00:00,230.4181341091737,234.33703985510917,229.77992501054072,69878500,232.6717529296875
2025-08-14 00:00:00,233.39969406647393,234.4567012802976,230.19875827485632,51916300,232.12330627441406
2025-08-15 00:00:00,233.33985018068216,233.6190590405621,228.69299310222902,56038700,230.9366455078125
2025-08-18 00:00:00,231.04632935234682,232.4623214496413,229.46081868168693,37476200,230.23861694335938
2025-08-19 00:00:00,230.62753117126795,232.2130419457167,228.70298322789472,39402600,229.90956115722656
2025-08-20 00:00:00,229.33119207499826,229.81981519856654,225.13307755654054,42263900,225.3723907470703
2025-08-21 00:00:00,225.63166356522294,225.88095827873425,223.14868274098328,30621200,224.26551818847656
2025-08-22 00:00:00,225.53195134940427,228.44371192910324,224.77410085849388,42477800,227.11746215820312
2025-08-25 00:00:00,225.84107546750252,228.65312729963858,225.59178073979155,30983100,226.5191650390625
2025-08-26 00:00:00,226.22996704217394,228.84258604761433,224.05612439304167,54575100,228.6630859375
2025-08-27 00:00:00,227.96506627689797,230.24859923631865,227.6160475796746,31259500,229.8397674560547
2025-08-28 00:00:00,230.16884905542523,232.75153884501827,228.69301327644948,38074700,231.9039306640625
2025-08-29 00:00:00,231.85405874294378,232.7216147258446,230.71727541448905,39418400,231.485107421875
2025-09-02 00:00:00,228.6032698757151,230.19876225122124,226.32970313085187,44075600,229.0719451904297
2025-09-03 00:00:00,236.5408165177042,238.17618932549604,233.69885053091846,66427800,237.79725646972656
2025-09-04 00:00:00,237.77731160532718,239.2232180033205,236.07214416452067,47549400,239.1035614013672
2025-09-05 00:00:00,239.32291694518142,240.63920029193574,237.81718240373485,54870400,239.0137939453125
2025-09-08 00:00:00,238.62490021245955,239.47249309970456,235.67324414176576,48999500,237.2089080810547
2025-09-09 00:00:00,236.33139119913957,238.1063683630383,232.70166073618753,66313900,233.68887329101562
2025-09-10 00:00:00,231.53496736029473,231.76431424305812,225.31256565050364,83440800,226.1501922607422
2025-09-11 00:00:00,226.23995033725743,229.7998710451417,226.010588238333,50208600,229.3810577392578
2025-09-12 00:00:00,228.57335925244223,233.84842918261825,228.373926506362,55824200,233.40968322753906
2025-09-15 00:00:00,236.33138325533858,237.5180285002954,234.3669397384463,42699500,236.0322265625
2025-09-16 00:00:00,236.51088466190768,240.53949594661788,235.65332541334,63421100,237.4781494140625
2025-09-17 00:00:00,238.2958480596019,239.42266510979977,237.05934071942244,46508000,238.3157958984375
2025-09-18 00:00:00,239.2930082114909,240.51953392817583,235.98236714862816,44249600,237.2089080810547
2025-09-19 00:00:00,240.5494606794321,245.60516498271895,239.53234916144805,163741300,244.8074188232422
2025-09-22 00:00:00,247.5995237986898,255.9160073848096,247.42002368458668,105517400,255.35755920410156
2025-09-23 00:00:00,255.15814081026073,256.6140134777918,252.86462630601793,60275200,253.71221923828125
2025-09-24 00:00:00,254.49999981420794,255.01853710208397,250.33178410429736,42303700,251.59820556640625
2025-09-25 00:00:00,252.49566170312627,256.4444966190252,250.99989343760635,55202100,256.14532470703125
2025-09-26 00:00:00,253.38315498635407,256.87328100426123,253.06405044687503,46076300,254.73931884765625
2025-09-29 00:00:00,253.84185736381545,254.28061851263055,252.29622703166862,40127700,253.71221923828125
2025-09-30 00:00:00,254.1410137555297,255.1980209495745,252.39595068950493,37704300,253.9116668701172
2025-10-01 00:00:00,254.32049261064776,258.0599285933123,254.21080232618834,48713900,254.72933959960938
2025-10-02 00:00:00,255.85613542550084,257.45162766856953,253.43299812845933,42630200,256.40460205078125
2025-10-03 00:00:00,253.9515436206674,258.5086431914624,253.23357360959045,49155600,257.2920837402344
2025-10-06 00:00:00,257.262186546101,258.339156849437,254.33049322602108,44664100,255.9658660888672
2025-10-07 00:00:00,256.0854948355218,256.67382669789566,254.70938317067183,31955800,255.75643920898438
2025-10-08 00:00:00,255.7963062732735,257.7906639625656,255.3874592951906,36496900,257.33197021484375
2025-10-09 00:00:00,257.08267167133846,257.27213808351553,252.42584836214985,38322000,253.32330322265625
2025-10-10 00:00:00,254.2207817432353,255.6567217403356,243.3116425485481,61999100,244.57806396484375
2025-10-13 00:00:00,248.67648318296307,248.98560621270488,244.86725241658198,38142900,246.96133422851562
2025-10-14 00:00:00,245.90431694508948,248.14796941642882,244.00966795095763,35478000,247.07101440429688
2025-10-15 00:00:00,248.78615211625979,251.1095806192417,246.77184661648403,33893600,248.63656616210938
2025-10-16 00:00:00,247.54965348458146,248.33741809379524,244.43846029169785,39777000,246.7519073486328
2025-10-17 00:00:00,247.3203043073955,252.66518358811555,246.57242016484557,49147000,251.5782470703125
2025-10-20 00:00:00,255.168106265739,263.63416054313814,254.90884523128253,90483000,261.50018310546875
2025-10-21 00:00:00,261.141213133835,264.5415968076956,261.0913359303388,46695900,262.0286865234375
2025-10-22 00:00:00,261.9090191460537,262.1084670888602,254.70938662410154,45015300,257.72088623046875
2025-10-23 00:00:00,259.2066564378435,259.8847307097371,257.2821086816683,32754900,258.84765625
2025-10-24 00:00:00,260.4531458541269,263.3848541030092,258.44880663072195,38253700,262.07855224609375
2025-10-27 00:00:00,264.13276036080543,268.36078929414754,263.90339825112477,44888200,268.0516662597656
2025-10-28 00:00:00,268.23113785786586,269.12862319727753,267.39351124836816,41534800,268.2411193847656
2025-10-29 00:00:00,268.5203194424725,270.6443152614699,266.35642794866993,51086700,268.93914794921875
2025-10-30 00:00:00,271.2226702585742,273.36662916750566,267.72259312931254,69886500,270.63433837890625
2025-10-31 00:00:00,276.2085891024436,276.53767519933945,268.40069127196034,86167100,269.6072692871094
2025-11-03 00:00:00,269.65711516237894,270.08589475979994,265.49886601188945,50194600,268.29095458984375
2025-11-04 00:00:00,267.5730004152706,270.72408938596277,266.86501191822913,49274800,269.2781982421875
2025-11-05 00:00:00,267.8522167164328,270.9335263776032,266.17696342424256,43683100,269.3779296875
2025-11-06 00:00:00,267.1342708755924,272.6287059365568,267.1342708755924,51204000,269.0089416503906
2025-11-07 00:00:00,269.03885049148494,271.5218466038475,266.0173996929098,48227400,267.7126159667969
2025-11-10 00:00:00,268.46122924118225,273.22240319845355,266.96401085683,41312400,268.93035888671875
2025-11-11 00:00:00,269.3096487524697,275.3983427074405,269.2996575494418,46208300,274.73956298828125
2025-11-12 00:00:00,274.49002155435767,275.2186787593472,271.19615348009904,48398000,272.9628601074219
2025-11-13 00:00:00,273.6016697208788,276.1868935731559,271.5854266195937,49602800,272.44384765625
2025-11-14 00:00:00,270.54732197227213,275.44821996704485,269.10002929321837,47431300,271.9048156738281
2025-11-17 00:00:00,268.3214829895084,269.98836893107386,265.237217022597,45018300,266.9639892578125
2025-11-18 00:00:00,269.48932037088264,270.2079864201871,264.8279974843966,45677300,266.9440612792969
2025-11-19 00:00:00,265.0375710636542,271.7051756343288,265.00762791735707,40424500,268.06195068359375
2025-11-20 00:00:00,270.327749378444,274.91922505965954,265.42688147061517,45823600,265.7562561035156
2025-11-21 00:00:00,265.4568071090486,272.8230952896135,265.17732758833057,59030800,270.98651123046875
2025-11-24 00:00:00,270.397615191446,276.4863089537433,270.397615191446,65585800,275.4083251953125
2025-11-25 00:00:00,274.75953066216096,279.8600705608694,274.73957871594786,46914200,276.4563903808594
2025-11-26 00:00:00,276.44637611579356,279.01161742605893,276.1170014953278,33431400,277.0352783203125
2025-11-28 00:00:00,276.7458380127342,278.4826014787427,275.4781737009374,20135600,278.3328857421875
2025-12-01 00:00:00,277.4944549964911,282.89442609469603,275.62792768573877,46587700,282.57501220703125
2025-12-02 00:00:00,282.47518456741903,286.86701880065203,282.10587559562896,53669500,285.6592712402344
2025-12-03 00:00:00,285.6692634925469,288.0847586222564,282.77461708045536,43538700,283.623046875
2025-12-04 00:00:00,283.5731318378766,284.20196835267484,278.07334059490756,43989100,280.179443359375
2025-12-05 00:00:00,280.01974631085085,280.6186397013617,277.53434330937836,47265800,278.26300048828125
2025-12-08 00:00:00,277.6142094762677,279.15136205700173,275.6378704438954,38211800,277.3746643066406
2025-12-09 00:00:00,277.64414811825674,279.5106752769474,276.40645748061854,32193300,276.66595458984375
2025-12-10 00:00:00,277.23491184461454,279.2312028389952,275.92734368017386,33038300,278.26300048828125
2025-12-11 00:00:00,278.5824273392719,279.07150890817053,273.3022288840155,33248000,277.514404296875
2025-12-12 00:00:00,277.38464634485007,278.70220580092337,276.30666253778065,39532900,277.7639465332031
2025-12-15 00:00:00,279.63046152672615,279.63046152672615,272.33402020742307,50409100,273.6016540527344
2025-12-16 00:00:00,272.3140798989353,274.9891026980292,271.2859911871425,37648600,274.1007385253906
2025-12-17 00:00:00,274.50001118897205,275.6478724530811,271.13626563598973,50138700,271.33587646484375
2025-12-18 00:00:00,273.1025913325419,273.12257373871984,266.4549687260805,51630700,271.68524169921875
2025-12-19 00:00:00,271.6453053723066,274.09077415448866,269.399477884542,144632000,273.1625061035156
2025-12-22 00:00:00,272.3539780142796,273.37210596231955,270.00836035897595,36571800,270.4674987792969
2025-12-23 00:00:00,270.3377490962612,271.99467443806464,269.06012395403746,29642000,271.85491943359375
2025-12-24 00:00:00,271.8349404799371,274.9192064044749,271.69521595033444,17910600,273.3022155761719
2025-12-26 00:00:00,273.65157518449314,274.859322715931,272.35396775197984,21521800,272.8929748535156
2025-12-29 00:00:00,272.1843267483383,273.8512128461511,271.8449608988494,23715200,273.2523498535156
2025-12-30 00:00:00,272.304089543875,273.5717234473003,271.77507361210075,22139600,272.5735778808594
2025-12-31 00:00:00,272.553621806917,273.17246717497864,271.24605357156486,27293600,271.3558349609375
2026-01-02 00:00:00,271.75509761912826,277.32473598417806,268.5011336129586,37838100,270.5074157714844
2026-01-05 00:00:00,270.1381104139889,271.0064921177503,265.6464557026853,45647200,266.7643737792969
2026-01-06 00:00:00,266.504853430471,267.0538212812338,261.6338984265986,52352100,261.8734436035156
2026-01-07 00:00:00,262.71190159101934,263.1909919246956,259.32817380451803,48309800,259.8471984863281
2026-01-08 00:00:00,256.5433578451618,258.80916773471864,255.22581364132833,50419300,258.55963134765625
2026-01-09 00:00:00,258.5995368285105,259.7274461787287,255.74485516422806,39997000,258.8890075683594
2026-01-12 00:00:00,258.6794199598783,260.8154357257053,256.32378048041085,45263800,259.76739501953125
2026-01-13 00:00:00,258.24022168851656,261.3244878277737,257.9108470550362,45730800,260.5658874511719
2026-01-14 00:00:00,259.0087756526009,261.33447181199796,256.23393227813756,40019400,259.4779052734375
2026-01-15 00:00:00,260.1666175851947,260.5559089501236,256.5732877053955,39388600,257.73114013671875
2026-01-16 00:00:00,257.4217372195352,258.41988279267105,254.45724364888233,72142800,255.05613708496094
2026-01-20 00:00:00,252.26132447540706,254.31750190322293,242.9685916985444,80267500,246.2425079345703
2026-01-21 00:00:00,248.23880604127606,251.09350304772093,244.72532928784554,54641700,247.1907501220703
2026-01-22 00:00:00,248.737864640942,250.53452965267718,247.68980878155546,39708300,247.8894500732422
2026-01-23 00:00:00,246.86136630134166,248.94748685874615,244.22624741136653,41689000,247.58001708984375
2026-01-26 00:00:00,251.01363570547153,256.08421686766076,249.336758511775,55969200,254.9363555908203
2026-01-27 00:00:00,258.68937090303496,261.46421404872183,257.73112933459527,49648300,257.791015625
2026-01-28 00:00:00,257.17220993748055,258.3799575946877,254.03803333601454,41288000,255.96446228027344
2026-01-29 00:00:00,257.52154586161765,259.16847988830324,253.93820707645818,67253000,257.801025390625
2026-01-30 00:00:00,254.69678984095313,261.41430490835,251.7123292610244,92443400,258.9988098144531
2026-02-02 00:00:00,259.5478036352127,269.98839826257677,258.7293169184304,73913400,269.5093078613281
2026-02-03 00:00:00,268.70080609664296,271.3758289780004,267.11372779647115,64394700,268.98028564453125
2026-02-04 00:00:00,271.7850411492978,278.432693698261,271.7850411492978,90545700,275.97723388671875
2026-02-05 00:00:00,277.6142303156022,278.98168486317746,272.72332314901723,52977400,275.3983459472656
2026-02-06 00:00:00,276.6060720438839,280.3890519626743,276.4164219647768,50453400,277.6042175292969
2026-02-09 00:00:00,277.6541982366954,277.9439398399519,271.4499228389202,44623400,274.3672180175781
2026-02-10 00:00:00,274.6369782150198,275.11651686144285,272.68876099546605,34376900,273.4280700683594
2026-02-11 00:00:00,274.44714753122867,279.92208361183503,274.1973776592452,51931300,275.24639892578125
2026-02-12 00:00:00,275.3363333447182,275.46621856633783,259.94051360693726,81077200,261.4891052246094
2026-02-13 00:00:00,261.7688319830923,261.9886306947134,255.21485759663088,56290700,255.5445556640625
2026-02-17 00:00:00,257.8124646511843,266.0449008431299,255.30478047881587,58469100,263.6371154785156
2026-02-18 00:00:00,263.35737977838915,266.57441720150126,262.20844437502524,34203300,264.106689453125
2026-02-19 00:00:00,262.35827847824623,264.2365527856389,259.81060750150084,30845300,260.3401184082031
2026-02-20 00:00:00,258.73163460792017,264.5063132392292,257.9223826043077,42070500,264.3364562988281
2026-02-23 00:00:00,263.24744081710827,269.1819753311392,263.13755670993424,37308200,265.9349670410156
2026-02-24 00:00:00,267.61343657617186,274.6369951599546,267.46358073991865,47014600,271.8895263671875
2026-02-25 00:00:00,271.5298429675081,274.6869380517792,270.8005039088116,33714300,273.97760009765625
2026-02-26 00:00:00,274.6969199809464,275.8558253670768,270.55071567552415,32345100,272.6987609863281
2026-02-27 00:00:00,272.5588900215503,272.5588900215503,262.6480379442022,72366500,263.93682861328125
2026-03-02 00:00:00,262.16844722421786,266.2846497598317,259.960490133898,41827900,264.476318359375
2026-03-03 00:00:00,263.23749216234586,265.31556422164516,259.8905695547566,38568900,263.5072326660156
2026-03-04 00:00:00,264.4063951364299,265.9050144519466,261.179387723623,39803100,262.2783508300781
2026-03-05 00:00:00,260.54995479568396,261.3192350446657,257.01320478174756,49658600,260.0504150390625
2026-03-06 00:00:00,258.39192833924307,258.53178361058343,254.13584003818684,41120000,257.2229919433594
2026-03-09 00:00:00,255.45463216869055,260.9095975388004,253.44647267699952,38218500,259.6407775878906
2026-03-10 00:00:00,257.4128391437035,262.2384104290217,256.71350175461305,30590800,260.58990478515625
2026-03-11 00:00:00,260.8496568052655,261.888707997661,259.3110658747261,26218900,260.5699157714844
2026-03-12 00:00:00,258.4219063383753,258.71164792954545,253.94601921584928,40794000,255.52456665039062
2026-03-13 00:00:00,255.24483747003174,256.0940459350445,249.29033192864068,36930000,249.8897705078125
2026-03-16 00:00:00,251.87794235419486,253.6563027081548,249.6499992581203,32074200,252.58729553222656
2026-03-17 00:00:00,252.72716690012706,254.89516767044782,251.94787083452104,32361600,253.99598693847656
2026-03-18 00:00:00,252.3974721128864,254.70534343896443,248.7708084606242,35757900,249.70994567871094
2026-03-19 00:00:00,249.17043241392184,251.5982036354298,247.0723745163624,34864100,248.73085021972656
2026-03-20 00:00:00,247.7517334570195,248.97061168291066,245.77356028907465,88331100,247.76173400878906
2026-03-23 00:00:00,253.73622734962268,254.3656523266213,250.0496214753341,40546100,251.25851440429688
2026-03-24 00:00:00,250.1195650925759,254.5954370944537,249.32029842391177,45152300,251.4083709716797
2026-03-25 00:00:00,253.86611511385965,254.76528059453105,251.3684162845015,28476700,252.38746643066406
2026-03-26 00:00:00,251.88793104116345,256.76344411909713,250.53918279672283,41796700,252.6572265625
2026-03-27 00:00:00,253.666280215245,255.2548282141602,247.8416601166152,47900000,248.57098388671875
2026-03-30 00:00:00,249.83982057534305,250.63907198816298,245.28400520065438,39446200,246.40298461914062
2026-03-31 00:00:00,247.6818040942864,255.24482803058763,246.87255213324852,49598100,253.55638122558594
2026-04-01 00:00:00,253.8461228128272,255.94418062939917,253.096813183035,40059400,255.3946990966797
2026-04-02 00:00:00,253.96601496217014,255.89424639361263,250.4192795609811,31289400,255.68443298339844
2026-04-06 00:00:00,256.27389167390277,261.9186847371787,256.2239194053331,29329900,258.6217041015625
2026-04-07 00:00:00,255.92421782448065,255.96418954301222,245.47383916108728,62148000,253.26666259765625
2026-04-08 00:00:00,258.2121146377317,259.51090582044134,256.29386854025813,41032800,258.66168212890625
2026-04-09 00:00:00,258.7615948993736,260.879638597066,255.8342992320816,28121600,260.2502136230469
2026-04-10 00:00:00,259.7406946341393,261.94865175168746,258.78155637925676,31291500,260.240234375
2026-04-13 00:00:00,259.49093671136296,259.9405042051452,256.4237552437805,36234700,258.96142578125
2026-04-14 00:00:00,259.01136264890187,261.68888841493145,256.9532612999924,48370700,258.59173583984375
2026-04-15 00:00:00,257.92237663273806,266.3146386359468,257.57269269729437,49913500,266.18475341796875
2026-04-16 00:00:00,266.55439590858066,266.91408037974617,261.0294875448873,43323100,263.15753173828125
2026-04-17 00:00:00,266.7142527536172,272.0493335842862,266.47448343207725,61436200,269.98126220703125
2026-04-20 00:00:00,270.08114756253855,274.0275237795767,270.04120633500696,36590200,272.79864501953125
2026-04-21 00:00:00,271.250098918132,272.5488901425708,265.1557075406741,50209800,265.9250183105469
2026-04-22 00:00:00,267.5734973129919,273.48803128351057,266.62435952726383,43249200,272.9185791015625
2026-04-23 00:00:00,274.79681820267325,275.5161566987003,271.39995382845746,33399600,273.1783142089844
2026-04-24 00:00:00,272.50893317942314,272.80864483253174,269.4017800912603,38157100,270.81048583984375
2026-04-27 00:00:00,265.84505761361925,268.1129570778125,264.8260075108844,41466800,267.3636474609375
2026-04-28 00:00:00,272.0893199684016,272.97851539952296,268.4127145556596,40018900,270.4608154296875
2026-04-29 00:00:00,267.3037117460274,270.7905199823619,266.7942019267937,30047900,269.92132568359375
2026-04-30 00:00:00,270.25102650288807,275.7459641951834,267.893213328058,91848200,271.1002502441406
2026-05-01 00:00:00,278.6032901046287,286.95561044034525,278.1137509144006,79915400,279.88214111328125
2026-05-04 00:00:00,279.4025768563376,280.3716851917065,274.60697695873915,46668400,276.5751647949219
2026-05-05 00:00:00,276.6750995896243,284.30808218316156,276.2455026895375,49311700,283.9184265136719
2026-05-06 00:00:00,281.66051049385584,287.76487170009636,280.8112868075762,58336100,287.245361328125
2026-05-07 00:00:00,289.00371711581823,291.8611003514943,285.5169394038565,45224300,287.1754150390625
2026-05-08 00:00:00,289.7430674686918,294.4886952888782,289.7330669166447,52692800,293.0500183105469
2026-05-11 00:00:00,291.9800109863281,293.8800048828125,290.2300109863281,42247300,292.67999267578125
2026-05-12 00:00:00,292.55999755859375,295.2699890136719,292.55999755859375,45748100,294.79998779296875
2026-05-13 00:00:00,293.5,300.9200134277344,293.5,52684300,298.8699951171875
2026-05-14 00:00:00,299.82000732421875,300.45001220703125,295.3800048828125,35324900,298.2099914550781
2026-05-15 00:00:00,297.8999938964844,303.20001220703125,296.5199890136719,54862800,300.2300109863281
2026-05-18 00:00:00,300.239990234375,300.6600036621094,294.9100036621094,34483000,297.8399963378906
2026-05-19 00:00:00,296.9700012207031,300.510009765625,296.3500061035156,42243600,298.9700012207031
2026-05-20 00:00:00,298.17999267578125,302.79998779296875,298.0799865722656,38229800,302.25
2026-05-21 00:00:00,301.05999755859375,305.5400085449219,300.3999938964844,42965100,304.989990234375
2026-05-22 00:00:00,306.1199951171875,311.3999938964844,305.8399963378906,43670200,308.82000732421875
2026-05-26 00:00:00,309.55999755859375,311.82000732421875,307.6700134277344,48000500,308.3299865722656
2026-05-27 00:00:00,308.3299865722656,313.260009765625,308.29998779296875,50430900,310.8500061035156
2026-05-28 00:00:00,310.67999267578125,312.79998779296875,309.57000732421875,48220400,312.510009765625
2026-05-29 00:00:00,311.7799987792969,315.0,309.5299987792969,70026800,312.05999755859375
2026-06-01 00:00:00,309.6300048828125,310.94000244140625,305.0199890136719,48849900,306.30999755859375
2026-06-02 00:00:00,307.4599914550781,315.45001220703125,306.69000244140625,44534700,315.20001220703125
2026-06-03 00:00:00,314.17999267578125,316.94000244140625,308.8500061035156,50836700,310.260009765625
2026-06-04 00:00:00,313.2300109863281,313.5400085449219,309.6499938964844,44869100,311.2300109863281
2026-06-05 00:00:00,312.8599853515625,315.1700134277344,307.1499938964844,65310500,307.3399963378906
2026-06-08 00:00:00,308.739990234375,317.3999938964844,301.1700134277344,77949100,301.5400085449219
2026-06-09 00:00:00,300.2799987792969,300.75,287.7799987792969,70108800,290.54998779296875
2026-06-10 00:00:00,290.739990234375,294.75,287.3800048828125,52793300,291.5799865722656
2026-06-11 00:00:00,293.7200012207031,297.0,289.5899963378906,42572500,295.6300048828125
2026-06-12 00:00:00,296.0299987792969,297.1400146484375,289.6199951171875,38742100,291.1300048828125
2026-06-15 00:00:00,294.1199951171875,297.7799987792969,291.70001220703125,45732600,296.4200134277344
2026-06-16 00:00:00,295.25,300.4800109863281,293.9700012207031,39874400,299.239990234375
2026-06-17 00:00:00,300.8500061035156,302.07000732421875,294.3599853515625,42745100,295.95001220703125
2026-06-18 00:00:00,298.1099853515625,300.57000732421875,295.6199951171875,85962200,298.010009765625
2026-06-22 00:00:00,297.30999755859375,302.4200134277344,296.760009765625,44879900,297.010009765625
2026-06-23 00:00:00,297.5400085449219,301.6400146484375,294.17999267578125,52010900,294.29998779296875
2026-06-24 00:00:00,295.3599853515625,299.70001220703125,292.94000244140625,53081900,293.0799865722656
2026-06-25 00:00:00,287.3999938964844,288.79998779296875,273.75,107013700,275.1499938964844
2026-06-26 00:00:00,275.0,285.95001220703125,274.2099914550781,261775500,283.7799987792969
2026-06-29 00:00:00,286.7300109863281,288.3699951171875,279.8500061035156,66427000,281.739990234375
2026-06-30 00:00:00,281.1700134277344,289.94000244140625,280.70001220703125,65100200,289.3599853515625
2026-07-01 00:00:00,293.44000244140625,296.5899963378906,289.20001220703125,50164200,294.3800048828125
2026-07-02 00:00:00,294.1199951171875,309.4200134277344,293.67999267578125,75352800,308.6300048828125
2026-07-06 00:00:00,307.3599853515625,314.20001220703125,307.0,53590000,312.6600036621094
2026-07-07 00:00:00,315.2900085449219,315.4800109863281,310.1499938964844,42490000,310.6600036621094
2026-07-08 00:00:00,311.9100036621094,314.82000732421875,307.04998779296875,41323500,313.3900146484375
2026-07-09 00:00:00,310.510009765625,316.5299987792969,308.1600036621094,48124500,316.2200012207031
2026-07-10 00:00:00,314.7200012207031,316.9100036621094,312.1700134277344,34132300,315.32000732421875
2026-07-13 00:00:00,317.0199890136719,323.45001220703125,315.7799987792969,43257800,317.30999755859375
2026-07-14 00:00:00,313.760009765625,316.19000244140625,311.9100036621094,36336800,314.8599853515625
2026-07-15 00:00:00,317.6199951171875,328.7300109863281,317.32000732421875,60957600,327.5
2026-07-16 00:00:00,328.010009765625,334.67999267578125,326.7900085449219,62970600,333.260009765625
2026-07-17 00:00:00,331.9800109863281,334.989990234375,329.0,63365300,333.739990234375
