date,Open,High,Low,Volume,Close
2000-01-03 00:00:00,1469.25,1478.0,1438.3599853515625,931800000,1455.219970703125
2000-01-04 00:00:00,1455.219970703125,1455.219970703125,1397.4300537109375,1009000000,1399.4200439453125
2000-01-05 00:00:00,1399.4200439453125,1413.27001953125,1377.6800537109375,1085500000,1402.1099853515625
2000-01-06 00:00:00,1402.1099853515625,1411.9000244140625,1392.0999755859375,1092300000,1403.449951171875
2000-01-07 00:00:00,1403.449951171875,1441.469970703125,1400.72998046875,1225200000,1441.469970703125
2000-01-10 00:00:00,1441.469970703125,1464.3599853515625,1441.469970703125,1064800000,1457.5999755859375
2000-01-11 00:00:00,1457.5999755859375,1458.6600341796875,1434.4200439453125,1014000000,1438.56005859375
2000-01-12 00:00:00,1438.56005859375,1442.5999755859375,1427.0799560546875,974600000,1432.25
2000-01-13 00:00:00,1432.25,1454.199951171875,1432.25,1030400000,1449.6800537109375
2000-01-14 00:00:00,1449.6800537109375,1473.0,1449.6800537109375,1085900000,1465.1500244140625
2000-01-18 00:00:00,1465.1500244140625,1465.1500244140625,1451.300048828125,1056700000,1455.1400146484375
2000-01-19 00:00:00,1455.1400146484375,1461.3900146484375,1448.6800537109375,1087800000,1455.9000244140625
2000-01-20 00:00:00,1455.9000244140625,1465.7099609375,1438.5400390625,1100700000,1445.5699462890625
2000-01-21 00:00:00,1445.5699462890625,1453.1800537109375,1439.5999755859375,1209800000,1441.3599853515625
2000-01-24 00:00:00,1441.3599853515625,1454.0899658203125,1395.4200439453125,1115800000,1401.530029296875
2000-01-25 00:00:00,1401.530029296875,1414.260009765625,1388.489990234375,1073700000,1410.030029296875
2000-01-26 00:00:00,1410.030029296875,1412.72998046875,1400.1600341796875,1117300000,1404.0899658203125
2000-01-27 00:00:00,1404.0899658203125,1418.8599853515625,1370.989990234375,1129500000,1398.56005859375
2000-01-28 00:00:00,1398.56005859375,1398.56005859375,1356.199951171875,1095800000,1360.1600341796875
2000-01-31 00:00:00,1360.1600341796875,1394.47998046875,1350.1400146484375,993800000,1394.4599609375
2000-02-01 00:00:00,1394.4599609375,1412.489990234375,1384.7900390625,981000000,1409.280029296875
2000-02-02 00:00:00,1409.280029296875,1420.6099853515625,1403.489990234375,1038600000,1409.1199951171875
2000-02-03 00:00:00,1409.1199951171875,1425.780029296875,1398.52001953125,1146500000,1424.969970703125
2000-02-04 00:00:00,1424.969970703125,1435.9100341796875,1420.6300048828125,1045100000,1424.3699951171875
2000-02-07 00:00:00,1424.3699951171875,1427.1500244140625,1413.3299560546875,918100000,1424.239990234375
2000-02-08 00:00:00,1424.239990234375,1441.8299560546875,1424.239990234375,1047700000,1441.719970703125
2000-02-09 00:00:00,1441.719970703125,1444.550048828125,1411.6500244140625,1050500000,1411.7099609375
2000-02-10 00:00:00,1411.699951171875,1422.0999755859375,1406.4300537109375,1058800000,1416.8299560546875
2000-02-11 00:00:00,1416.8299560546875,1416.8299560546875,1378.8900146484375,1025700000,1387.1199951171875
2000-02-14 00:00:00,1387.1199951171875,1394.9300537109375,1380.530029296875,927300000,1389.93994140625
2000-02-15 00:00:00,1389.93994140625,1407.719970703125,1376.25,1092100000,1402.050048828125
2000-02-16 00:00:00,1402.050048828125,1404.550048828125,1385.5799560546875,1018800000,1387.6700439453125
2000-02-17 00:00:00,1387.6700439453125,1399.8800048828125,1380.0699462890625,1034800000,1388.260009765625
2000-02-18 00:00:00,1388.260009765625,1388.5899658203125,1345.3199462890625,1042300000,1346.0899658203125
2000-02-22 00:00:00,1346.0899658203125,1358.1099853515625,1331.8800048828125,980000000,1352.1700439453125
2000-02-23 00:00:00,1352.1700439453125,1370.1099853515625,1342.43994140625,993700000,1360.68994140625
2000-02-24 00:00:00,1360.68994140625,1364.800048828125,1329.8800048828125,1215000000,1353.4300537109375
2000-02-25 00:00:00,1353.4300537109375,1362.1400146484375,1329.1500244140625,1065200000,1333.3599853515625
2000-02-28 00:00:00,1333.3599853515625,1360.8199462890625,1325.0699462890625,1026500000,1348.050048828125
2000-02-29 00:00:00,1348.050048828125,1369.6300048828125,1348.050048828125,1204300000,1366.4200439453125
2000-03-01 00:00:00,1366.4200439453125,1383.4599609375,1366.4200439453125,1274100000,1379.18994140625
2000-03-02 00:00:00,1379.18994140625,1386.56005859375,1370.3499755859375,1198600000,1381.760009765625
2000-03-03 00:00:00,1381.760009765625,1410.8800048828125,1381.760009765625,1150300000,1409.1700439453125
2000-03-06 00:00:00,1409.1700439453125,1409.739990234375,1384.75,1029000000,1391.280029296875
2000-03-07 00:00:00,1391.280029296875,1399.2099609375,1349.989990234375,1314100000,1355.6199951171875
2000-03-08 00:00:00,1355.6199951171875,1373.7900390625,1346.6199951171875,1203000000,1366.699951171875
2000-03-09 00:00:00,1366.699951171875,1401.8199462890625,1357.8800048828125,1123000000,1401.68994140625
2000-03-10 00:00:00,1401.68994140625,1413.4599609375,1392.0699462890625,1138800000,1395.0699462890625
2000-03-13 00:00:00,1395.0699462890625,1398.3900146484375,1364.8399658203125,1016100000,1383.6199951171875
2000-03-14 00:00:00,1383.6199951171875,1395.1500244140625,1359.1500244140625,1094000000,1359.1500244140625
2000-03-15 00:00:00,1359.1500244140625,1397.989990234375,1356.989990234375,1302800000,1392.1400146484375
2000-03-16 00:00:00,1392.1500244140625,1458.469970703125,1392.1500244140625,1482300000,1458.469970703125
2000-03-17 00:00:00,1458.469970703125,1477.3299560546875,1453.3199462890625,1295100000,1464.469970703125
2000-03-20 00:00:00,1464.469970703125,1470.300048828125,1448.489990234375,920800000,1456.6300048828125
2000-03-21 00:00:00,1456.6300048828125,1493.9200439453125,1446.06005859375,1065900000,1493.8699951171875
2000-03-22 00:00:00,1493.8699951171875,1505.0799560546875,1487.3299560546875,1075000000,1500.6400146484375
2000-03-23 00:00:00,1500.6400146484375,1532.5,1492.3900146484375,1078300000,1527.3499755859375
2000-03-24 00:00:00,1527.3499755859375,1552.8699951171875,1516.8299560546875,1052200000,1527.4599609375
2000-03-27 00:00:00,1527.4599609375,1534.6300048828125,1518.4599609375,901000000,1523.8599853515625
2000-03-28 00:00:00,1523.8599853515625,1527.3599853515625,1507.0899658203125,959100000,1507.72998046875
2000-03-29 00:00:00,1507.72998046875,1521.449951171875,1497.449951171875,1061900000,1508.52001953125
2000-03-30 00:00:00,1508.52001953125,1517.3800048828125,1474.6300048828125,1193400000,1487.9200439453125
2000-03-31 00:00:00,1487.9200439453125,1519.81005859375,1484.3800048828125,1227400000,1498.5799560546875
2000-04-03 00:00:00,1498.5799560546875,1507.18994140625,1486.9599609375,1021700000,1505.969970703125
2000-04-04 00:00:00,1505.97998046875,1526.449951171875,1416.4100341796875,1515460000,1494.72998046875
2000-04-05 00:00:00,1494.72998046875,1506.550048828125,1478.050048828125,1110300000,1487.3699951171875
2000-04-06 00:00:00,1487.3699951171875,1511.760009765625,1487.3699951171875,1008000000,1501.3399658203125
2000-04-07 00:00:00,1501.3399658203125,1518.6800537109375,1501.3399658203125,891600000,1516.3499755859375
2000-04-10 00:00:00,1516.3499755859375,1527.18994140625,1503.3499755859375,853700000,1504.4599609375
2000-04-11 00:00:00,1504.4599609375,1512.800048828125,1486.780029296875,971400000,1500.5899658203125
2000-04-12 00:00:00,1500.5899658203125,1509.0799560546875,1466.1500244140625,1175900000,1467.1700439453125
2000-04-13 00:00:00,1467.1700439453125,1477.52001953125,1439.3399658203125,1032000000,1440.510009765625
2000-04-14 00:00:00,1440.510009765625,1440.510009765625,1339.4000244140625,1279700000,1356.56005859375
2000-04-17 00:00:00,1356.56005859375,1401.530029296875,1346.5,1204700000,1401.43994140625
2000-04-18 00:00:00,1401.43994140625,1441.6099853515625,1397.81005859375,1109400000,1441.6099853515625
2000-04-19 00:00:00,1441.6099853515625,1447.68994140625,1424.260009765625,1001400000,1427.469970703125
2000-04-20 00:00:00,1427.469970703125,1435.489990234375,1422.0799560546875,896200000,1434.5400390625
2000-04-24 00:00:00,1434.5400390625,1434.5400390625,1407.1300048828125,868700000,1429.8599853515625
2000-04-25 00:00:00,1429.8599853515625,1477.6700439453125,1429.8599853515625,1071100000,1477.43994140625
2000-04-26 00:00:00,1477.43994140625,1482.93994140625,1456.97998046875,999600000,1460.989990234375
2000-04-27 00:00:00,1460.989990234375,1469.2099609375,1434.81005859375,1111000000,1464.9200439453125
2000-04-28 00:00:00,1464.9200439453125,1473.6199951171875,1448.1500244140625,984600000,1452.4300537109375
2000-05-01 00:00:00,1452.4300537109375,1481.510009765625,1452.4300537109375,966300000,1468.25
2000-05-02 00:00:00,1468.25,1468.25,1445.219970703125,1011500000,1446.2900390625
2000-05-03 00:00:00,1446.2900390625,1446.2900390625,1398.3599853515625,991600000,1415.0999755859375
2000-05-04 00:00:00,1415.0999755859375,1420.989990234375,1404.93994140625,925800000,1409.5699462890625
2000-05-05 00:00:00,1409.5699462890625,1436.030029296875,1405.0799560546875,805500000,1432.6300048828125
2000-05-08 00:00:00,1432.6300048828125,1432.6300048828125,1417.050048828125,787600000,1424.1700439453125
2000-05-09 00:00:00,1424.1700439453125,1430.280029296875,1401.8499755859375,896600000,1412.1400146484375
2000-05-10 00:00:00,1412.1400146484375,1412.1400146484375,1375.1400146484375,1006400000,1383.050048828125
2000-05-11 00:00:00,1383.050048828125,1410.260009765625,1383.050048828125,953600000,1407.81005859375
2000-05-12 00:00:00,1407.81005859375,1430.1300048828125,1407.81005859375,858200000,1420.9599609375
2000-05-15 00:00:00,1420.9599609375,1452.3900146484375,1416.5400390625,854600000,1452.3599853515625
2000-05-16 00:00:00,1452.3599853515625,1470.4000244140625,1450.760009765625,955500000,1466.0400390625
2000-05-17 00:00:00,1466.0400390625,1466.0400390625,1441.6700439453125,820500000,1447.800048828125
2000-05-18 00:00:00,1447.800048828125,1458.0400390625,1436.5899658203125,807900000,1437.2099609375
2000-05-19 00:00:00,1437.2099609375,1437.2099609375,1401.739990234375,853700000,1406.949951171875
2000-05-22 00:00:00,1406.949951171875,1410.550048828125,1368.72998046875,869000000,1400.719970703125
2000-05-23 00:00:00,1400.719970703125,1403.77001953125,1373.4300537109375,869900000,1373.8599853515625
2000-05-24 00:00:00,1373.8599853515625,1401.75,1361.0899658203125,1152300000,1399.050048828125
2000-05-25 00:00:00,1399.050048828125,1411.6500244140625,1373.9300537109375,984500000,1381.52001953125
2000-05-26 00:00:00,1381.52001953125,1391.4200439453125,1369.75,722600000,1378.02001953125
2000-05-30 00:00:00,1378.02001953125,1422.449951171875,1378.02001953125,844200000,1422.449951171875
2000-05-31 00:00:00,1422.43994140625,1434.489990234375,1415.5,960500000,1420.5999755859375
2000-06-01 00:00:00,1420.5999755859375,1448.81005859375,1420.5999755859375,960100000,1448.81005859375
2000-06-02 00:00:00,1448.81005859375,1483.22998046875,1448.81005859375,1162400000,1477.260009765625
2000-06-05 00:00:00,1477.260009765625,1477.280029296875,1464.6800537109375,838600000,1467.6300048828125
2000-06-06 00:00:00,1467.6300048828125,1471.3599853515625,1454.739990234375,950100000,1457.8399658203125
2000-06-07 00:00:00,1457.8399658203125,1474.6400146484375,1455.06005859375,854600000,1471.3599853515625
2000-06-08 00:00:00,1471.3599853515625,1475.6500244140625,1456.489990234375,854300000,1461.6700439453125
2000-06-09 00:00:00,1461.6700439453125,1472.6700439453125,1454.9599609375,786000000,1456.949951171875
2000-06-12 00:00:00,1456.949951171875,1462.9300537109375,1445.989990234375,774100000,1446.0
2000-06-13 00:00:00,1446.0,1470.4200439453125,1442.3800048828125,935900000,1469.43994140625
2000-06-14 00:00:00,1469.43994140625,1483.6199951171875,1467.7099609375,929700000,1470.5400390625
2000-06-15 00:00:00,1470.5400390625,1482.0400390625,1464.6199951171875,1011400000,1478.72998046875
2000-06-16 00:00:00,1478.72998046875,1480.77001953125,1460.4200439453125,1250800000,1464.4599609375
2000-06-19 00:00:00,1464.4599609375,1488.9300537109375,1459.050048828125,921700000,1486.0
2000-06-20 00:00:00,1486.0,1487.3199462890625,1470.1800537109375,1031500000,1475.949951171875
2000-06-21 00:00:00,1475.949951171875,1482.18994140625,1468.0,1009600000,1479.1300048828125
2000-06-22 00:00:00,1479.1300048828125,1479.1300048828125,1448.030029296875,1022700000,1452.1800537109375
2000-06-23 00:00:00,1452.1800537109375,1459.93994140625,1438.31005859375,847600000,1441.47998046875
2000-06-26 00:00:00,1441.47998046875,1459.6600341796875,1441.47998046875,889000000,1455.31005859375
2000-06-27 00:00:00,1455.31005859375,1463.3499755859375,1450.550048828125,1042500000,1450.550048828125
2000-06-28 00:00:00,1450.550048828125,1467.6300048828125,1450.550048828125,1095100000,1454.8199462890625
2000-06-29 00:00:00,1454.8199462890625,1455.1400146484375,1434.6300048828125,1110900000,1442.3900146484375
2000-06-30 00:00:00,1442.3900146484375,1454.6800537109375,1438.7099609375,1459700000,1454.5999755859375
2000-07-03 00:00:00,1454.5999755859375,1469.5799560546875,1450.8499755859375,451900000,1469.5400390625
2000-07-05 00:00:00,1469.5400390625,1469.5400390625,1442.449951171875,1019300000,1446.22998046875
2000-07-06 00:00:00,1446.22998046875,1461.6500244140625,1439.56005859375,947300000,1456.6700439453125
2000-07-07 00:00:00,1456.6700439453125,1484.1199951171875,1456.6700439453125,931700000,1478.9000244140625
2000-07-10 00:00:00,1478.9000244140625,1486.56005859375,1474.760009765625,838700000,1475.6199951171875
2000-07-11 00:00:00,1475.6199951171875,1488.77001953125,1470.47998046875,980500000,1480.8800048828125
2000-07-12 00:00:00,1480.8800048828125,1497.68994140625,1480.8800048828125,1001200000,1492.9200439453125
2000-07-13 00:00:00,1492.9200439453125,1501.3900146484375,1489.6500244140625,1026800000,1495.8399658203125
2000-07-14 00:00:00,1495.8399658203125,1509.989990234375,1494.56005859375,960600000,1509.97998046875
2000-07-17 00:00:00,1509.97998046875,1517.3199462890625,1505.260009765625,906000000,1510.489990234375
2000-07-18 00:00:00,1510.489990234375,1510.489990234375,1491.3499755859375,908300000,1493.739990234375
2000-07-19 00:00:00,1493.739990234375,1495.6300048828125,1479.9200439453125,909400000,1481.9599609375
2000-07-20 00:00:00,1481.9599609375,1501.9200439453125,1481.9599609375,1064600000,1495.5699462890625
2000-07-21 00:00:00,1495.5699462890625,1495.5699462890625,1477.9100341796875,968300000,1480.18994140625
2000-07-24 00:00:00,1480.18994140625,1485.8800048828125,1463.800048828125,880300000,1464.2900390625
2000-07-25 00:00:00,1464.2900390625,1476.22998046875,1464.2900390625,969400000,1474.469970703125
2000-07-26 00:00:00,1474.469970703125,1474.469970703125,1452.4200439453125,1235800000,1452.4200439453125
2000-07-27 00:00:00,1452.4200439453125,1464.9100341796875,1445.3299560546875,1156400000,1449.6199951171875
2000-07-28 00:00:00,1449.6199951171875,1456.6800537109375,1413.8900146484375,980000000,1419.8900146484375
2000-07-31 00:00:00,1419.8900146484375,1437.6500244140625,1418.7099609375,952600000,1430.8299560546875
2000-08-01 00:00:00,1430.8299560546875,1443.5400390625,1428.9599609375,938700000,1438.0999755859375
2000-08-02 00:00:00,1438.0999755859375,1451.5899658203125,1433.489990234375,994500000,1438.699951171875
2000-08-03 00:00:00,1438.699951171875,1454.18994140625,1425.4300537109375,1095600000,1452.56005859375
2000-08-04 00:00:00,1452.56005859375,1462.9300537109375,1451.31005859375,956000000,1462.9300537109375
2000-08-07 00:00:00,1462.9300537109375,1480.800048828125,1460.719970703125,854800000,1479.3199462890625
2000-08-08 00:00:00,1479.3199462890625,1484.52001953125,1472.6099853515625,992200000,1482.800048828125
2000-08-09 00:00:00,1482.800048828125,1490.3299560546875,1471.1600341796875,1054000000,1472.8699951171875
2000-08-10 00:00:00,1472.8699951171875,1475.1500244140625,1459.8900146484375,940800000,1460.25
2000-08-11 00:00:00,1460.25,1475.719970703125,1453.06005859375,835500000,1471.8399658203125
2000-08-14 00:00:00,1471.8399658203125,1491.6400146484375,1468.56005859375,783800000,1491.56005859375
2000-08-15 00:00:00,1491.56005859375,1493.1199951171875,1482.739990234375,895900000,1484.4300537109375
2000-08-16 00:00:00,1484.4300537109375,1496.0899658203125,1475.739990234375,929800000,1479.8499755859375
2000-08-17 00:00:00,1479.8499755859375,1499.3199462890625,1479.8499755859375,922400000,1496.0699462890625
2000-08-18 00:00:00,1496.0699462890625,1499.469970703125,1488.989990234375,821400000,1491.719970703125
2000-08-21 00:00:00,1491.719970703125,1502.8399658203125,1491.1300048828125,731600000,1499.47998046875
2000-08-22 00:00:00,1499.47998046875,1508.449951171875,1497.4200439453125,818800000,1498.1300048828125
2000-08-23 00:00:00,1498.1300048828125,1507.199951171875,1489.52001953125,871000000,1505.969970703125
2000-08-24 00:00:00,1505.969970703125,1511.1600341796875,1501.25,837100000,1508.31005859375
2000-08-25 00:00:00,1508.31005859375,1513.469970703125,1505.0899658203125,685600000,1506.449951171875
2000-08-28 00:00:00,1506.449951171875,1523.949951171875,1506.449951171875,733600000,1514.0899658203125
2000-08-29 00:00:00,1514.0899658203125,1514.81005859375,1505.4599609375,795600000,1509.8399658203125
2000-08-30 00:00:00,1509.8399658203125,1510.489990234375,1500.0899658203125,818400000,1502.5899658203125
2000-08-31 00:00:00,1502.5899658203125,1525.2099609375,1502.5899658203125,1056600000,1517.6800537109375
2000-09-01 00:00:00,1517.6800537109375,1530.0899658203125,1515.530029296875,767700000,1520.77001953125
2000-09-05 00:00:00,1520.77001953125,1520.77001953125,1504.2099609375,838500000,1507.0799560546875
2000-09-06 00:00:00,1507.0799560546875,1512.6099853515625,1492.1199951171875,995100000,1492.25
2000-09-07 00:00:00,1492.25,1505.3399658203125,1492.25,985500000,1502.510009765625
2000-09-08 00:00:00,1502.510009765625,1502.510009765625,1489.8800048828125,961000000,1494.5
2000-09-11 00:00:00,1494.5,1506.760009765625,1483.010009765625,899300000,1489.260009765625
2000-09-12 00:00:00,1489.260009765625,1496.9300537109375,1479.6700439453125,991200000,1481.989990234375
2000-09-13 00:00:00,1481.989990234375,1487.449951171875,1473.6099853515625,1068300000,1484.9100341796875
2000-09-14 00:00:00,1484.9100341796875,1494.1600341796875,1476.72998046875,1014000000,1480.8699951171875
2000-09-15 00:00:00,1480.8699951171875,1480.9599609375,1460.219970703125,1268400000,1465.81005859375
2000-09-18 00:00:00,1465.81005859375,1467.77001953125,1441.9200439453125,962500000,1444.510009765625
2000-09-19 00:00:00,1444.510009765625,1461.1600341796875,1444.510009765625,1024900000,1459.9000244140625
2000-09-20 00:00:00,1459.9000244140625,1460.489990234375,1430.949951171875,1104000000,1451.3399658203125
2000-09-21 00:00:00,1451.3399658203125,1452.77001953125,1436.300048828125,1105400000,1449.050048828125
2000-09-22 00:00:00,1449.050048828125,1449.050048828125,1421.8800048828125,1185500000,1448.719970703125
2000-09-25 00:00:00,1448.719970703125,1457.4200439453125,1435.9300537109375,982400000,1439.030029296875
2000-09-26 00:00:00,1439.030029296875,1448.0400390625,1425.25,1106600000,1427.2099609375
2000-09-27 00:00:00,1427.2099609375,1437.219970703125,1419.43994140625,1174700000,1426.5699462890625
2000-09-28 00:00:00,1426.5699462890625,1461.68994140625,1425.780029296875,1206200000,1458.2900390625
2000-09-29 00:00:00,1458.2900390625,1458.2900390625,1436.2900390625,1197100000,1436.510009765625
2000-10-02 00:00:00,1436.52001953125,1445.5999755859375,1429.8299560546875,1051200000,1436.22998046875
2000-10-03 00:00:00,1436.22998046875,1454.8199462890625,1425.280029296875,1098100000,1426.4599609375
2000-10-04 00:00:00,1426.4599609375,1439.989990234375,1416.31005859375,1167400000,1434.3199462890625
2000-10-05 00:00:00,1434.3199462890625,1444.1700439453125,1431.800048828125,1176100000,1436.280029296875
2000-10-06 00:00:00,1436.280029296875,1443.300048828125,1397.06005859375,1150100000,1408.989990234375
2000-10-09 00:00:00,1408.989990234375,1409.68994140625,1392.47998046875,716600000,1402.030029296875
2000-10-10 00:00:00,1402.030029296875,1408.8299560546875,1383.8499755859375,1044000000,1387.02001953125
2000-10-11 00:00:00,1387.02001953125,1387.02001953125,1349.6700439453125,1387500000,1364.5899658203125
2000-10-12 00:00:00,1364.5899658203125,1374.9300537109375,1328.06005859375,1388600000,1329.780029296875
2000-10-13 00:00:00,1329.780029296875,1374.1700439453125,1327.0799560546875,1223900000,1374.1700439453125
2000-10-16 00:00:00,1374.1700439453125,1379.47998046875,1365.06005859375,1005400000,1374.6199951171875
2000-10-17 00:00:00,1374.6199951171875,1380.989990234375,1342.3399658203125,1161500000,1349.969970703125
2000-10-18 00:00:00,1349.969970703125,1356.6500244140625,1305.7900390625,1441700000,1342.1300048828125
2000-10-19 00:00:00,1342.1300048828125,1389.9300537109375,1342.1300048828125,1297900000,1388.760009765625
2000-10-20 00:00:00,1388.760009765625,1408.469970703125,1382.18994140625,1177400000,1396.9300537109375
2000-10-23 00:00:00,1396.9300537109375,1406.9599609375,1387.75,1046800000,1395.780029296875
2000-10-24 00:00:00,1395.780029296875,1415.6400146484375,1388.1300048828125,1158600000,1398.1300048828125
2000-10-25 00:00:00,1398.1300048828125,1398.1300048828125,1362.2099609375,1315600000,1364.9000244140625
2000-10-26 00:00:00,1364.9000244140625,1372.719970703125,1337.81005859375,1303800000,1364.43994140625
2000-10-27 00:00:00,1364.43994140625,1384.5699462890625,1364.1300048828125,1086300000,1379.5799560546875
2000-10-30 00:00:00,1379.5799560546875,1406.3599853515625,1376.8599853515625,1186500000,1398.6600341796875
2000-10-31 00:00:00,1398.6600341796875,1432.219970703125,1398.6600341796875,1366400000,1429.4000244140625
2000-11-01 00:00:00,1429.4000244140625,1429.5999755859375,1410.449951171875,1206800000,1421.219970703125
2000-11-02 00:00:00,1421.219970703125,1433.4000244140625,1421.219970703125,1167700000,1428.3199462890625
2000-11-03 00:00:00,1428.3199462890625,1433.2099609375,1420.9200439453125,997700000,1426.68994140625
2000-11-06 00:00:00,1428.760009765625,1438.4599609375,1427.719970703125,930900000,1432.18994140625
2000-11-07 00:00:00,1432.18994140625,1436.219970703125,1423.260009765625,880900000,1431.8699951171875
2000-11-08 00:00:00,1431.8699951171875,1437.280029296875,1408.780029296875,909300000,1409.280029296875
2000-11-09 00:00:00,1409.280029296875,1409.280029296875,1369.6800537109375,1111000000,1400.1400146484375
2000-11-10 00:00:00,1400.1400146484375,1400.1400146484375,1365.969970703125,962500000,1365.97998046875
2000-11-13 00:00:00,1365.97998046875,1365.97998046875,1328.6199951171875,1129300000,1351.260009765625
2000-11-14 00:00:00,1351.260009765625,1390.06005859375,1351.260009765625,1118800000,1382.949951171875
2000-11-15 00:00:00,1382.949951171875,1395.9599609375,1374.75,1066800000,1389.81005859375
2000-11-16 00:00:00,1389.81005859375,1394.760009765625,1370.3900146484375,956300000,1372.3199462890625
2000-11-17 00:00:00,1372.3199462890625,1384.8499755859375,1355.550048828125,1070400000,1367.719970703125
2000-11-20 00:00:00,1367.719970703125,1367.719970703125,1341.6700439453125,955800000,1342.6199951171875
2000-11-21 00:00:00,1342.6199951171875,1355.8699951171875,1333.6199951171875,1137100000,1347.3499755859375
2000-11-22 00:00:00,1347.3499755859375,1347.3499755859375,1321.8900146484375,963200000,1322.3599853515625
2000-11-24 00:00:00,1322.3599853515625,1343.8299560546875,1322.3599853515625,404870000,1341.77001953125
2000-11-27 00:00:00,1341.77001953125,1362.5,1341.77001953125,946100000,1348.969970703125
2000-11-28 00:00:00,1348.969970703125,1358.81005859375,1334.969970703125,1028200000,1336.0899658203125
2000-11-29 00:00:00,1336.0899658203125,1352.3800048828125,1329.280029296875,402100000,1341.9300537109375
2000-11-30 00:00:00,1341.9100341796875,1341.9100341796875,1294.9000244140625,1186530000,1314.949951171875
2000-12-01 00:00:00,1314.949951171875,1334.6700439453125,1307.02001953125,1195200000,1315.22998046875
2000-12-04 00:00:00,1315.1800537109375,1332.06005859375,1310.22998046875,1103000000,1324.969970703125
2000-12-05 00:00:00,1324.969970703125,1376.56005859375,1324.969970703125,900300000,1376.5400390625
2000-12-06 00:00:00,1376.5400390625,1376.5400390625,1346.1500244140625,1399300000,1351.4599609375
2000-12-07 00:00:00,1351.4599609375,1353.5,1339.260009765625,1128000000,1343.550048828125
2000-12-08 00:00:00,1343.550048828125,1380.3299560546875,1343.550048828125,1358300000,1369.8900146484375
2000-12-11 00:00:00,1369.8900146484375,1389.050048828125,1364.1400146484375,1202400000,1380.199951171875
2000-12-12 00:00:00,1380.199951171875,1380.27001953125,1370.27001953125,1083400000,1371.1800537109375
2000-12-13 00:00:00,1371.1800537109375,1385.8199462890625,1358.47998046875,1195100000,1359.989990234375
2000-12-14 00:00:00,1359.989990234375,1359.989990234375,1340.47998046875,1061300000,1340.9300537109375
2000-12-15 00:00:00,1340.9300537109375,1340.9300537109375,1305.3800048828125,1561100000,1312.1500244140625
2000-12-18 00:00:00,1312.1500244140625,1332.3199462890625,1312.1500244140625,1189900000,1322.739990234375
2000-12-19 00:00:00,1322.9599609375,1346.43994140625,1305.199951171875,1324900000,1305.5999755859375
2000-12-20 00:00:00,1305.5999755859375,1305.5999755859375,1261.1600341796875,1421600000,1264.739990234375
2000-12-21 00:00:00,1264.739990234375,1285.31005859375,1254.0699462890625,1449900000,1274.8599853515625
2000-12-22 00:00:00,1274.8599853515625,1305.969970703125,1274.8599853515625,1087100000,1305.949951171875
2000-12-26 00:00:00,1305.969970703125,1315.93994140625,1301.6400146484375,806500000,1315.18994140625
2000-12-27 00:00:00,1315.18994140625,1332.030029296875,1310.9599609375,1092700000,1328.9200439453125
2000-12-28 00:00:00,1328.9200439453125,1335.9300537109375,1325.780029296875,1015300000,1334.219970703125
2000-12-29 00:00:00,1334.219970703125,1340.0999755859375,1317.510009765625,1035500000,1320.280029296875
2001-01-02 00:00:00,1320.280029296875,1320.280029296875,1276.050048828125,1129400000,1283.27001953125
2001-01-03 00:00:00,1283.27001953125,1347.760009765625,1274.6199951171875,1880700000,1347.56005859375
2001-01-04 00:00:00,1347.56005859375,1350.239990234375,1329.1400146484375,2131000000,1333.3399658203125
2001-01-05 00:00:00,1333.3399658203125,1334.77001953125,1294.949951171875,1430800000,1298.3499755859375
2001-01-08 00:00:00,1298.3499755859375,1298.3499755859375,1276.2900390625,1115500000,1295.8599853515625
2001-01-09 00:00:00,1295.8599853515625,1311.719970703125,1295.1400146484375,1191300000,1300.800048828125
2001-01-10 00:00:00,1300.800048828125,1313.760009765625,1287.280029296875,1296500000,1313.27001953125
2001-01-11 00:00:00,1313.27001953125,1332.18994140625,1309.719970703125,1411200000,1326.8199462890625
2001-01-12 00:00:00,1326.8199462890625,1333.2099609375,1311.5899658203125,1276000000,1318.550048828125
2001-01-16 00:00:00,1318.3199462890625,1327.81005859375,1313.3299560546875,1205700000,1326.6500244140625
2001-01-17 00:00:00,1326.6500244140625,1346.9200439453125,1325.4100341796875,1349100000,1329.469970703125
2001-01-18 00:00:00,1329.8900146484375,1352.7099609375,1327.4100341796875,1445000000,1347.969970703125
2001-01-19 00:00:00,1347.969970703125,1354.550048828125,1336.739990234375,1407800000,1342.5400390625
2001-01-22 00:00:00,1342.5400390625,1353.6199951171875,1333.8399658203125,1164000000,1342.9000244140625
2001-01-23 00:00:00,1342.9000244140625,1362.9000244140625,1339.6300048828125,1232600000,1360.4000244140625
2001-01-24 00:00:00,1360.4000244140625,1369.75,1357.280029296875,1309000000,1364.300048828125
2001-01-25 00:00:00,1364.300048828125,1367.3499755859375,1354.6300048828125,1258000000,1357.510009765625
2001-01-26 00:00:00,1357.510009765625,1357.510009765625,1342.75,1098000000,1354.949951171875
2001-01-29 00:00:00,1354.9200439453125,1365.5400390625,1350.3599853515625,1053100000,1364.1700439453125
2001-01-30 00:00:00,1364.1700439453125,1375.6800537109375,1356.199951171875,1149800000,1373.72998046875
2001-01-31 00:00:00,1373.72998046875,1383.3699951171875,1364.6600341796875,1295300000,1366.010009765625
2001-02-01 00:00:00,1366.010009765625,1373.5,1359.3399658203125,1118800000,1373.469970703125
2001-02-02 00:00:00,1373.469970703125,1376.3800048828125,1348.719970703125,1048400000,1349.469970703125
2001-02-05 00:00:00,1349.469970703125,1354.56005859375,1344.47998046875,1013000000,1354.31005859375
2001-02-06 00:00:00,1354.31005859375,1363.550048828125,1350.0400390625,1059600000,1352.260009765625
2001-02-07 00:00:00,1352.260009765625,1352.260009765625,1334.260009765625,1158300000,1340.8900146484375
2001-02-08 00:00:00,1341.0999755859375,1350.3199462890625,1332.4200439453125,1107200000,1332.530029296875
2001-02-09 00:00:00,1332.530029296875,1332.530029296875,1309.97998046875,1075500000,1314.760009765625
2001-02-12 00:00:00,1314.760009765625,1330.9599609375,1313.6400146484375,1039100000,1330.31005859375
2001-02-13 00:00:00,1330.31005859375,1336.6199951171875,1317.510009765625,1075200000,1318.800048828125
2001-02-14 00:00:00,1318.800048828125,1320.72998046875,1304.719970703125,1150300000,1315.9200439453125
2001-02-15 00:00:00,1315.9200439453125,1331.2900390625,1315.9200439453125,1153700000,1326.6099853515625
2001-02-16 00:00:00,1326.6099853515625,1326.6099853515625,1293.1800537109375,1257200000,1301.530029296875
2001-02-20 00:00:00,1301.530029296875,1307.1600341796875,1278.43994140625,1112200000,1278.93994140625
2001-02-21 00:00:00,1278.93994140625,1282.969970703125,1253.1600341796875,1208500000,1255.27001953125
2001-02-22 00:00:00,1255.27001953125,1259.93994140625,1228.3299560546875,1365900000,1252.8199462890625
2001-02-23 00:00:00,1252.8199462890625,1252.8199462890625,1215.43994140625,1231300000,1245.8599853515625
2001-02-26 00:00:00,1245.8599853515625,1267.68994140625,1241.7099609375,1130800000,1267.6500244140625
2001-02-27 00:00:00,1267.6500244140625,1272.760009765625,1252.260009765625,1114100000,1257.93994140625
2001-02-28 00:00:00,1257.93994140625,1263.469970703125,1229.6500244140625,1225300000,1239.93994140625
2001-03-01 00:00:00,1239.93994140625,1241.3599853515625,1214.5,1294900000,1241.22998046875
2001-03-02 00:00:00,1241.22998046875,1251.010009765625,1219.739990234375,1294000000,1234.1800537109375
2001-03-05 00:00:00,1234.1800537109375,1242.550048828125,1234.0400390625,929200000,1241.4100341796875
2001-03-06 00:00:00,1241.4100341796875,1267.4200439453125,1241.4100341796875,1091800000,1253.800048828125
2001-03-07 00:00:00,1253.800048828125,1263.8599853515625,1253.800048828125,1132200000,1261.8900146484375
2001-03-08 00:00:00,1261.8900146484375,1266.5,1257.5999755859375,1114100000,1264.739990234375
2001-03-09 00:00:00,1264.739990234375,1264.739990234375,1228.4200439453125,1085900000,1233.4200439453125
2001-03-12 00:00:00,1233.4200439453125,1233.4200439453125,1176.780029296875,1229000000,1180.1600341796875
2001-03-13 00:00:00,1180.1600341796875,1197.8299560546875,1171.5,1360900000,1197.6600341796875
2001-03-14 00:00:00,1197.6600341796875,1197.6600341796875,1155.3499755859375,1397400000,1166.7099609375
2001-03-15 00:00:00,1166.7099609375,1182.0400390625,1166.7099609375,1259500000,1173.56005859375
2001-03-16 00:00:00,1173.56005859375,1173.56005859375,1148.6400146484375,1543560000,1150.530029296875
2001-03-19 00:00:00,1150.530029296875,1173.5,1147.1800537109375,1126200000,1170.81005859375
2001-03-20 00:00:00,1170.81005859375,1180.56005859375,1142.18994140625,1235900000,1142.6199951171875
2001-03-21 00:00:00,1142.6199951171875,1149.3900146484375,1118.739990234375,1346300000,1122.1400146484375
2001-03-22 00:00:00,1122.1400146484375,1124.27001953125,1081.18994140625,1723950000,1117.5799560546875
2001-03-23 00:00:00,1117.5799560546875,1141.8299560546875,1117.5799560546875,1364900000,1139.8299560546875
2001-03-26 00:00:00,1139.8299560546875,1160.02001953125,1139.8299560546875,1114000000,1152.68994140625
2001-03-27 00:00:00,1152.68994140625,1183.3499755859375,1150.9599609375,1314200000,1182.1700439453125
2001-03-28 00:00:00,1182.1700439453125,1182.1700439453125,1147.8299560546875,1333400000,1153.2900390625
2001-03-29 00:00:00,1153.2900390625,1161.68994140625,1136.260009765625,1234500000,1147.949951171875
2001-03-30 00:00:00,1147.949951171875,1162.800048828125,1143.8299560546875,1280800000,1160.3299560546875
2001-04-02 00:00:00,1160.3299560546875,1169.510009765625,1137.510009765625,1254900000,1145.8699951171875
2001-04-03 00:00:00,1145.8699951171875,1145.8699951171875,1100.18994140625,1386100000,1106.4599609375
2001-04-04 00:00:00,1106.4599609375,1117.5,1091.989990234375,1425590000,1103.25
2001-04-05 00:00:00,1103.25,1151.469970703125,1103.25,1368000000,1151.43994140625
2001-04-06 00:00:00,1151.43994140625,1151.43994140625,1119.2900390625,1266800000,1128.4300537109375
2001-04-09 00:00:00,1128.4300537109375,1146.1300048828125,1126.3800048828125,1062800000,1137.5899658203125
2001-04-10 00:00:00,1137.5899658203125,1173.9200439453125,1137.5899658203125,1349600000,1168.3800048828125
2001-04-11 00:00:00,1168.3800048828125,1182.239990234375,1160.260009765625,1290300000,1165.8900146484375
2001-04-12 00:00:00,1165.8900146484375,1183.510009765625,1157.72998046875,1102000000,1183.5
2001-04-16 00:00:00,1183.5,1184.6400146484375,1167.3800048828125,913900000,1179.6800537109375
2001-04-17 00:00:00,1179.6800537109375,1192.25,1168.9000244140625,1109600000,1191.81005859375
2001-04-18 00:00:00,1191.81005859375,1248.4200439453125,1191.81005859375,1918900000,1238.1600341796875
2001-04-19 00:00:00,1238.1600341796875,1253.7099609375,1233.3900146484375,1486800000,1253.68994140625
2001-04-20 00:00:00,1253.699951171875,1253.699951171875,1234.4100341796875,1338700000,1242.97998046875
2001-04-23 00:00:00,1242.97998046875,1242.97998046875,1217.469970703125,1012600000,1224.3599853515625
2001-04-24 00:00:00,1224.3599853515625,1233.5400390625,1208.8900146484375,1216500000,1209.469970703125
2001-04-25 00:00:00,1209.469970703125,1232.3599853515625,1207.3800048828125,1203600000,1228.75
2001-04-26 00:00:00,1228.75,1248.300048828125,1228.75,1345200000,1234.52001953125
2001-04-27 00:00:00,1234.52001953125,1253.0699462890625,1234.52001953125,1091300000,1253.050048828125
2001-04-30 00:00:00,1253.050048828125,1269.300048828125,1243.989990234375,1266800000,1249.4599609375
2001-05-01 00:00:00,1249.4599609375,1266.469970703125,1243.550048828125,1181300000,1266.43994140625
2001-05-02 00:00:00,1266.43994140625,1272.9300537109375,1257.699951171875,1342200000,1267.4300537109375
2001-05-03 00:00:00,1267.4300537109375,1267.4300537109375,1239.8800048828125,1137900000,1248.5799560546875
2001-05-04 00:00:00,1248.5799560546875,1267.510009765625,1232.0,1082100000,1266.6099853515625
2001-05-07 00:00:00,1266.6099853515625,1270.0,1259.18994140625,949000000,1263.510009765625
2001-05-08 00:00:00,1266.7099609375,1267.010009765625,1253.0,1006300000,1261.199951171875
2001-05-09 00:00:00,1261.199951171875,1261.6500244140625,1247.8299560546875,1132400000,1255.5400390625
2001-05-10 00:00:00,1255.5400390625,1268.1400146484375,1254.56005859375,1056700000,1255.1800537109375
2001-05-11 00:00:00,1255.1800537109375,1259.8399658203125,1240.7900390625,906200000,1245.6700439453125
2001-05-14 00:00:00,1245.6700439453125,1249.6800537109375,1241.02001953125,858200000,1248.9200439453125
2001-05-15 00:00:00,1248.9200439453125,1257.449951171875,1245.3599853515625,1071800000,1249.43994140625
2001-05-16 00:00:00,1249.43994140625,1286.3900146484375,1243.02001953125,1405300000,1284.989990234375
2001-05-17 00:00:00,1284.989990234375,1296.47998046875,1282.6500244140625,1355600000,1288.489990234375
2001-05-18 00:00:00,1288.489990234375,1292.06005859375,1281.1500244140625,1130800000,1291.9599609375
2001-05-21 00:00:00,1291.9599609375,1312.949951171875,1287.8699951171875,1174900000,1312.8299560546875
2001-05-22 00:00:00,1312.8299560546875,1315.9300537109375,1306.8900146484375,1260400000,1309.3800048828125
2001-05-23 00:00:00,1309.3800048828125,1309.3800048828125,1288.699951171875,1134800000,1289.050048828125
2001-05-24 00:00:00,1289.050048828125,1295.0400390625,1281.219970703125,1100700000,1293.1700439453125
2001-05-25 00:00:00,1293.1700439453125,1293.1700439453125,1276.4200439453125,828100000,1277.8900146484375
2001-05-29 00:00:00,1277.8900146484375,1278.4200439453125,1265.4100341796875,1026000000,1267.9300537109375
2001-05-30 00:00:00,1267.9300537109375,1267.9300537109375,1245.9599609375,1158600000,1248.0799560546875
2001-05-31 00:00:00,1248.0799560546875,1261.9100341796875,1248.0699462890625,1226600000,1255.8199462890625
2001-06-01 00:00:00,1255.8199462890625,1265.3399658203125,1246.8800048828125,1015000000,1260.6700439453125
2001-06-04 00:00:00,1260.6700439453125,1267.1700439453125,1256.3599853515625,836500000,1267.1099853515625
2001-06-05 00:00:00,1267.1099853515625,1286.6199951171875,1267.1099853515625,1116800000,1283.5699462890625
2001-06-06 00:00:00,1283.5699462890625,1283.8499755859375,1269.010009765625,1061900000,1270.030029296875
2001-06-07 00:00:00,1270.030029296875,1277.0799560546875,1265.0799560546875,1089600000,1276.9599609375
2001-06-08 00:00:00,1276.9599609375,1277.1099853515625,1259.989990234375,726200000,1264.9599609375
2001-06-11 00:00:00,1264.9599609375,1264.9599609375,1249.22998046875,870100000,1254.3900146484375
2001-06-12 00:00:00,1254.3900146484375,1261.0,1235.75,1136500000,1255.8499755859375
2001-06-13 00:00:00,1255.8499755859375,1259.75,1241.5899658203125,1063600000,1241.5999755859375
2001-06-14 00:00:00,1241.5999755859375,1241.5999755859375,1218.9000244140625,1242900000,1219.8699951171875
2001-06-15 00:00:00,1219.8699951171875,1221.5,1203.030029296875,1635550000,1214.3599853515625
2001-06-18 00:00:00,1214.3599853515625,1221.22998046875,1208.3299560546875,1111600000,1208.4300537109375
2001-06-19 00:00:00,1208.4300537109375,1226.1099853515625,1207.7099609375,1184900000,1212.5799560546875
2001-06-20 00:00:00,1212.5799560546875,1225.6099853515625,1210.0699462890625,1350100000,1223.1400146484375
2001-06-21 00:00:00,1223.1400146484375,1240.239990234375,1220.25,1546820000,1237.0400390625
2001-06-22 00:00:00,1237.0400390625,1237.72998046875,1221.4100341796875,1189200000,1225.3499755859375
2001-06-25 00:00:00,1225.3499755859375,1231.5,1213.5999755859375,1050100000,1218.5999755859375
2001-06-26 00:00:00,1218.5999755859375,1220.699951171875,1204.6400146484375,1198900000,1216.760009765625
2001-06-27 00:00:00,1216.760009765625,1219.9200439453125,1207.2900390625,1162100000,1211.0699462890625
2001-06-28 00:00:00,1211.0699462890625,1234.43994140625,1211.0699462890625,1327300000,1226.199951171875
2001-06-29 00:00:00,1226.199951171875,1237.2900390625,1221.1400146484375,1832360000,1224.3800048828125
2001-07-02 00:00:00,1224.4200439453125,1239.780029296875,1224.030029296875,1128300000,1236.719970703125
2001-07-03 00:00:00,1236.7099609375,1236.7099609375,1229.4300537109375,622110000,1234.449951171875
2001-07-05 00:00:00,1234.449951171875,1234.449951171875,1219.1500244140625,934900000,1219.239990234375
2001-07-06 00:00:00,1219.239990234375,1219.239990234375,1188.739990234375,1056700000,1190.5899658203125
2001-07-09 00:00:00,1190.5899658203125,1201.760009765625,1189.75,1045700000,1198.780029296875
2001-07-10 00:00:00,1198.780029296875,1203.4300537109375,1179.9300537109375,1263800000,1181.52001953125
2001-07-11 00:00:00,1181.52001953125,1184.9300537109375,1168.4599609375,1384100000,1180.1800537109375
2001-07-12 00:00:00,1180.1800537109375,1210.25,1180.1800537109375,1394000000,1208.1400146484375
2001-07-13 00:00:00,1208.1400146484375,1218.5400390625,1203.6099853515625,1121700000,1215.6800537109375
2001-07-16 00:00:00,1215.6800537109375,1219.6300048828125,1200.050048828125,1039800000,1202.449951171875
2001-07-17 00:00:00,1202.449951171875,1215.3599853515625,1196.1400146484375,1238100000,1214.43994140625
2001-07-18 00:00:00,1214.43994140625,1214.43994140625,1198.3299560546875,1316300000,1207.7099609375
2001-07-19 00:00:00,1207.7099609375,1225.0400390625,1205.800048828125,1343500000,1215.02001953125
2001-07-20 00:00:00,1215.02001953125,1215.68994140625,1207.0400390625,1170900000,1210.8499755859375
2001-07-23 00:00:00,1210.8499755859375,1215.219970703125,1190.5,986900000,1191.030029296875
2001-07-24 00:00:00,1191.030029296875,1191.030029296875,1165.5400390625,1198700000,1171.6500244140625
2001-07-25 00:00:00,1171.6500244140625,1190.52001953125,1171.280029296875,1280700000,1190.489990234375
2001-07-26 00:00:00,1190.489990234375,1204.1800537109375,1182.6500244140625,1213900000,1202.9300537109375
2001-07-27 00:00:00,1202.9300537109375,1209.260009765625,1195.989990234375,1015300000,1205.8199462890625
2001-07-30 00:00:00,1205.8199462890625,1209.050048828125,1200.4100341796875,909100000,1204.52001953125
2001-07-31 00:00:00,1204.52001953125,1222.739990234375,1204.52001953125,1129200000,1211.22998046875
2001-08-01 00:00:00,1211.22998046875,1223.0400390625,1211.22998046875,1340300000,1215.9300537109375
2001-08-02 00:00:00,1215.9300537109375,1226.27001953125,1215.31005859375,1218300000,1220.75
2001-08-03 00:00:00,1220.75,1220.75,1205.31005859375,939900000,1214.3499755859375
2001-08-06 00:00:00,1214.3499755859375,1214.3499755859375,1197.3499755859375,811700000,1200.47998046875
2001-08-07 00:00:00,1200.469970703125,1207.56005859375,1195.6400146484375,1012000000,1204.4000244140625
2001-08-08 00:00:00,1204.4000244140625,1206.7900390625,1181.27001953125,1124600000,1183.530029296875
2001-08-09 00:00:00,1183.530029296875,1184.7099609375,1174.6800537109375,1104200000,1183.4300537109375
2001-08-10 00:00:00,1183.4300537109375,1193.3299560546875,1169.550048828125,960900000,1190.1600341796875
2001-08-13 00:00:00,1190.1600341796875,1193.8199462890625,1185.1199951171875,837600000,1191.2900390625
2001-08-14 00:00:00,1191.2900390625,1198.7900390625,1184.260009765625,964600000,1186.72998046875
2001-08-15 00:00:00,1186.72998046875,1191.2099609375,1177.6099853515625,1065600000,1178.02001953125
2001-08-16 00:00:00,1178.02001953125,1181.800048828125,1166.0799560546875,1055400000,1181.6600341796875
2001-08-17 00:00:00,1181.6600341796875,1181.6600341796875,1156.0699462890625,974300000,1161.969970703125
2001-08-20 00:00:00,1161.969970703125,1171.4100341796875,1160.93994140625,897100000,1171.4100341796875
2001-08-21 00:00:00,1171.4100341796875,1179.8499755859375,1156.56005859375,1041600000,1157.260009765625
2001-08-22 00:00:00,1157.260009765625,1168.56005859375,1153.3399658203125,1110800000,1165.31005859375
2001-08-23 00:00:00,1165.31005859375,1169.8599853515625,1160.9599609375,986200000,1162.0899658203125
2001-08-24 00:00:00,1162.0899658203125,1185.1500244140625,1162.0899658203125,1043600000,1184.9300537109375
2001-08-27 00:00:00,1184.9300537109375,1186.8499755859375,1178.0699462890625,842600000,1179.2099609375
2001-08-28 00:00:00,1179.2099609375,1179.6600341796875,1161.1700439453125,987100000,1161.510009765625
2001-08-29 00:00:00,1161.510009765625,1166.969970703125,1147.3800048828125,963700000,1148.56005859375
2001-08-30 00:00:00,1148.5999755859375,1151.75,1124.8699951171875,1157000000,1129.030029296875
2001-08-31 00:00:00,1129.030029296875,1141.8299560546875,1126.3800048828125,920100000,1133.5799560546875
2001-09-04 00:00:00,1133.5799560546875,1155.4000244140625,1129.06005859375,1178300000,1132.93994140625
2001-09-05 00:00:00,1132.93994140625,1135.52001953125,1114.8599853515625,1384500000,1131.739990234375
2001-09-06 00:00:00,1131.739990234375,1131.739990234375,1105.8299560546875,1359700000,1106.4000244140625
2001-09-07 00:00:00,1106.4000244140625,1106.4000244140625,1082.1199951171875,1424300000,1085.780029296875
2001-09-10 00:00:00,1085.780029296875,1096.93994140625,1073.1500244140625,1276600000,1092.5400390625
2001-09-17 00:00:00,1092.5400390625,1092.5400390625,1037.4599609375,2330830000,1038.77001953125
2001-09-18 00:00:00,1038.77001953125,1046.4200439453125,1029.25,1650410000,1032.739990234375
2001-09-19 00:00:00,1032.739990234375,1038.9100341796875,984.6199951171875,2120550000,1016.0999755859375
2001-09-20 00:00:00,1016.0999755859375,1016.0999755859375,984.489990234375,2004800000,984.5399780273438
2001-09-21 00:00:00,984.5399780273438,984.5399780273438,944.75,2317300000,965.7999877929688
2001-09-24 00:00:00,965.7999877929688,1008.4400024414062,965.7999877929688,1746600000,1003.4500122070312
2001-09-25 00:00:00,1003.4500122070312,1017.1400146484375,998.3300170898438,1613800000,1012.27001953125
2001-09-26 00:00:00,1012.27001953125,1020.2899780273438,1002.6199951171875,1519100000,1007.0399780273438
2001-09-27 00:00:00,1007.0399780273438,1018.9199829101562,998.239990234375,1467000000,1018.6099853515625
2001-09-28 00:00:00,1018.6099853515625,1040.93994140625,1018.6099853515625,1631500000,1040.93994140625
2001-10-01 00:00:00,1040.93994140625,1040.93994140625,1026.760009765625,1175600000,1038.550048828125
2001-10-02 00:00:00,1038.550048828125,1051.3299560546875,1034.469970703125,1289800000,1051.3299560546875
2001-10-03 00:00:00,1051.3299560546875,1075.3800048828125,1041.47998046875,1650600000,1072.280029296875
2001-10-04 00:00:00,1072.280029296875,1084.1199951171875,1067.8199462890625,1609100000,1069.6300048828125
2001-10-05 00:00:00,1069.6199951171875,1072.3499755859375,1053.5,1301700000,1071.3800048828125
2001-10-08 00:00:00,1071.3699951171875,1071.3699951171875,1056.8800048828125,979000000,1062.43994140625
2001-10-09 00:00:00,1062.43994140625,1063.3699951171875,1053.8299560546875,1227800000,1056.75
2001-10-10 00:00:00,1056.75,1081.6199951171875,1052.760009765625,1312400000,1080.989990234375
2001-10-11 00:00:00,1080.989990234375,1099.1600341796875,1080.989990234375,1704580000,1097.4300537109375
2001-10-12 00:00:00,1097.4300537109375,1097.4300537109375,1072.1500244140625,1331400000,1091.6500244140625
2001-10-15 00:00:00,1091.6500244140625,1091.6500244140625,1078.18994140625,1024700000,1089.97998046875
2001-10-16 00:00:00,1089.97998046875,1101.6600341796875,1087.1300048828125,1210500000,1097.5400390625
2001-10-17 00:00:00,1097.5400390625,1107.1199951171875,1076.5699462890625,1452200000,1077.0899658203125
2001-10-18 00:00:00,1077.0899658203125,1077.93994140625,1064.5400390625,1262900000,1068.6099853515625
2001-10-19 00:00:00,1068.6099853515625,1075.52001953125,1057.239990234375,1294900000,1073.47998046875
2001-10-22 00:00:00,1073.47998046875,1090.5699462890625,1070.7900390625,1105700000,1089.9000244140625
2001-10-23 00:00:00,1089.9000244140625,1098.989990234375,1081.530029296875,1317300000,1084.780029296875
2001-10-24 00:00:00,1084.780029296875,1090.260009765625,1079.97998046875,1336200000,1085.199951171875
2001-10-25 00:00:00,1085.199951171875,1100.0899658203125,1065.6400146484375,1364400000,1100.0899658203125
2001-10-26 00:00:00,1100.0899658203125,1110.6099853515625,1094.239990234375,1244500000,1104.6099853515625
2001-10-29 00:00:00,1104.6099853515625,1104.6099853515625,1078.300048828125,1106100000,1078.300048828125
2001-10-30 00:00:00,1078.300048828125,1078.300048828125,1053.6099853515625,1297400000,1059.7900390625
2001-10-31 00:00:00,1059.7900390625,1074.7900390625,1057.550048828125,1352500000,1059.780029296875
2001-11-01 00:00:00,1059.780029296875,1085.6099853515625,1054.31005859375,1317400000,1084.0999755859375
2001-11-02 00:00:00,1084.0999755859375,1089.6300048828125,1075.5799560546875,1121900000,1087.199951171875
2001-11-05 00:00:00,1087.199951171875,1106.719970703125,1087.199951171875,1267700000,1102.8399658203125
2001-11-06 00:00:00,1102.8399658203125,1119.72998046875,1095.3599853515625,1356000000,1118.8599853515625
2001-11-07 00:00:00,1118.8599853515625,1126.6199951171875,1112.97998046875,1411300000,1115.800048828125
2001-11-08 00:00:00,1115.800048828125,1135.75,1115.4200439453125,1517500000,1118.5400390625
2001-11-09 00:00:00,1118.5400390625,1123.02001953125,1111.1300048828125,1093800000,1120.31005859375
2001-11-12 00:00:00,1120.31005859375,1121.7099609375,1098.3199462890625,991600000,1118.3299560546875
2001-11-13 00:00:00,1118.3299560546875,1139.1400146484375,1118.3299560546875,1370100000,1139.0899658203125
2001-11-14 00:00:00,1139.0899658203125,1148.280029296875,1132.8699951171875,1443400000,1141.2099609375
2001-11-15 00:00:00,1141.2099609375,1146.4599609375,1135.06005859375,1454500000,1142.239990234375
2001-11-16 00:00:00,1142.239990234375,1143.52001953125,1129.9200439453125,1337400000,1138.6500244140625
2001-11-19 00:00:00,1138.6500244140625,1151.06005859375,1138.6500244140625,1316800000,1151.06005859375
2001-11-20 00:00:00,1151.06005859375,1152.449951171875,1142.1700439453125,1330200000,1142.6600341796875
2001-11-21 00:00:00,1142.6600341796875,1142.6600341796875,1129.780029296875,1029300000,1137.030029296875
2001-11-23 00:00:00,1137.030029296875,1151.050048828125,1135.9000244140625,410300000,1150.3399658203125
2001-11-26 00:00:00,1150.3399658203125,1157.8800048828125,1146.1700439453125,1129800000,1157.4200439453125
2001-11-27 00:00:00,1157.4200439453125,1163.3800048828125,1140.81005859375,1288000000,1149.5
2001-11-28 00:00:00,1149.5,1149.5,1128.2900390625,1423700000,1128.52001953125
2001-11-29 00:00:00,1128.52001953125,1140.4000244140625,1125.510009765625,1375700000,1140.199951171875
2001-11-30 00:00:00,1140.199951171875,1143.5699462890625,1135.8900146484375,1343600000,1139.449951171875
2001-12-03 00:00:00,1139.449951171875,1139.449951171875,1125.780029296875,1202900000,1129.9000244140625
2001-12-04 00:00:00,1129.9000244140625,1144.800048828125,1128.8599853515625,1318500000,1144.800048828125
2001-12-05 00:00:00,1143.77001953125,1173.6199951171875,1143.77001953125,1765300000,1170.3499755859375
2001-12-06 00:00:00,1170.3499755859375,1173.3499755859375,1164.4300537109375,1487900000,1167.0999755859375
2001-12-07 00:00:00,1167.0999755859375,1167.0999755859375,1152.6600341796875,1248200000,1158.31005859375
2001-12-10 00:00:00,1158.31005859375,1158.31005859375,1139.6600341796875,1218700000,1139.9300537109375
2001-12-11 00:00:00,1139.9300537109375,1150.8900146484375,1134.3199462890625,1367200000,1136.760009765625
2001-12-12 00:00:00,1136.760009765625,1141.5799560546875,1126.010009765625,1449700000,1137.0699462890625
2001-12-13 00:00:00,1137.0699462890625,1137.0699462890625,1117.8499755859375,1511500000,1119.3800048828125
2001-12-14 00:00:00,1119.3800048828125,1128.280029296875,1114.530029296875,1306800000,1123.0899658203125
2001-12-17 00:00:00,1123.0899658203125,1137.300048828125,1122.6600341796875,1260400000,1134.3599853515625
2001-12-18 00:00:00,1134.3599853515625,1145.0999755859375,1134.3599853515625,1354000000,1142.9200439453125
2001-12-19 00:00:00,1142.9200439453125,1152.43994140625,1134.75,1484900000,1149.56005859375
2001-12-20 00:00:00,1149.56005859375,1151.4200439453125,1139.9300537109375,1490500000,1139.9300537109375
2001-12-21 00:00:00,1139.9300537109375,1147.4599609375,1139.9300537109375,1694000000,1144.8900146484375
2001-12-24 00:00:00,1144.8900146484375,1147.8299560546875,1144.6199951171875,439670000,1144.6500244140625
2001-12-26 00:00:00,1144.6500244140625,1159.1800537109375,1144.6500244140625,791100000,1149.3699951171875
2001-12-27 00:00:00,1149.3699951171875,1157.1300048828125,1149.3699951171875,876300000,1157.1300048828125
2001-12-28 00:00:00,1157.1300048828125,1164.6400146484375,1157.1300048828125,917400000,1161.02001953125
2001-12-31 00:00:00,1161.02001953125,1161.1600341796875,1148.0400390625,943600000,1148.0799560546875
2002-01-02 00:00:00,1148.0799560546875,1154.6700439453125,1136.22998046875,1171000000,1154.6700439453125
2002-01-03 00:00:00,1154.6700439453125,1165.27001953125,1154.010009765625,1398900000,1165.27001953125
2002-01-04 00:00:00,1165.27001953125,1176.550048828125,1163.4200439453125,1513000000,1172.510009765625
2002-01-07 00:00:00,1172.510009765625,1176.969970703125,1163.550048828125,1308300000,1164.8900146484375
2002-01-08 00:00:00,1164.8900146484375,1167.5999755859375,1157.4599609375,1258800000,1160.7099609375
2002-01-09 00:00:00,1160.7099609375,1174.260009765625,1151.8900146484375,1452000000,1155.1400146484375
2002-01-10 00:00:00,1155.1400146484375,1159.9300537109375,1150.8499755859375,1299000000,1156.550048828125
2002-01-11 00:00:00,1156.550048828125,1159.4100341796875,1145.449951171875,1211900000,1145.5999755859375
2002-01-14 00:00:00,1145.5999755859375,1145.5999755859375,1138.1500244140625,1286400000,1138.4100341796875
2002-01-15 00:00:00,1138.4100341796875,1148.81005859375,1136.8800048828125,1386900000,1146.18994140625
2002-01-16 00:00:00,1146.18994140625,1146.18994140625,1127.489990234375,1482500000,1127.5699462890625
2002-01-17 00:00:00,1127.5699462890625,1139.27001953125,1127.5699462890625,1380100000,1138.8800048828125
2002-01-18 00:00:00,1138.8800048828125,1138.8800048828125,1124.449951171875,1333300000,1127.5799560546875
2002-01-22 00:00:00,1127.5799560546875,1135.260009765625,1117.9100341796875,1311600000,1119.31005859375
2002-01-23 00:00:00,1119.31005859375,1131.93994140625,1117.4300537109375,1479200000,1128.1800537109375
2002-01-24 00:00:00,1128.1800537109375,1139.5,1128.1800537109375,1552800000,1132.1500244140625
2002-01-25 00:00:00,1132.1500244140625,1138.31005859375,1127.8199462890625,1345100000,1133.280029296875
2002-01-28 00:00:00,1133.280029296875,1138.6300048828125,1126.6600341796875,1186800000,1133.06005859375
2002-01-29 00:00:00,1133.06005859375,1137.469970703125,1098.739990234375,1812000000,1100.6400146484375
2002-01-30 00:00:00,1100.6400146484375,1113.7900390625,1081.6600341796875,2019600000,1113.5699462890625
2002-01-31 00:00:00,1113.5699462890625,1130.2099609375,1113.300048828125,1557000000,1130.199951171875
2002-02-01 00:00:00,1130.199951171875,1130.199951171875,1118.510009765625,1367200000,1122.199951171875
2002-02-04 00:00:00,1122.199951171875,1122.199951171875,1092.25,1437600000,1094.43994140625
2002-02-05 00:00:00,1094.43994140625,1100.9599609375,1082.5799560546875,1778300000,1090.02001953125
2002-02-06 00:00:00,1090.02001953125,1093.5799560546875,1077.780029296875,1665800000,1083.510009765625
2002-02-07 00:00:00,1083.510009765625,1094.030029296875,1078.43994140625,1441600000,1080.1700439453125
2002-02-08 00:00:00,1080.1700439453125,1096.300048828125,1079.9100341796875,1371900000,1096.219970703125
2002-02-11 00:00:00,1096.219970703125,1112.010009765625,1094.6800537109375,1159400000,1111.93994140625
2002-02-12 00:00:00,1111.93994140625,1112.6800537109375,1102.97998046875,1094200000,1107.5
2002-02-13 00:00:00,1107.5,1120.56005859375,1107.5,1215900000,1118.510009765625
2002-02-14 00:00:00,1118.510009765625,1124.719970703125,1112.300048828125,1272500000,1116.47998046875
2002-02-15 00:00:00,1116.47998046875,1117.0899658203125,1103.22998046875,1359200000,1104.1800537109375
2002-02-19 00:00:00,1104.1800537109375,1104.1800537109375,1082.239990234375,1189900000,1083.3399658203125
2002-02-20 00:00:00,1083.3399658203125,1098.3199462890625,1074.3599853515625,1438900000,1097.97998046875
2002-02-21 00:00:00,1097.97998046875,1101.5,1080.239990234375,1381600000,1080.949951171875
2002-02-22 00:00:00,1080.949951171875,1093.9300537109375,1074.3900146484375,1411000000,1089.8399658203125
2002-02-25 00:00:00,1089.8399658203125,1112.7099609375,1089.8399658203125,1367400000,1109.4300537109375
2002-02-26 00:00:00,1109.4300537109375,1115.050048828125,1101.719970703125,1309200000,1109.3800048828125
2002-02-27 00:00:00,1109.3800048828125,1123.06005859375,1102.260009765625,1393800000,1109.8900146484375
2002-02-28 00:00:00,1109.8900146484375,1121.5699462890625,1106.72998046875,1392200000,1106.72998046875
2002-03-01 00:00:00,1106.72998046875,1131.7900390625,1106.72998046875,1456500000,1131.780029296875
2002-03-04 00:00:00,1131.780029296875,1153.8399658203125,1130.9300537109375,1594300000,1153.8399658203125
2002-03-05 00:00:00,1153.8399658203125,1157.739990234375,1144.780029296875,1549300000,1146.1400146484375
2002-03-06 00:00:00,1146.1400146484375,1165.2900390625,1145.1099853515625,1541300000,1162.77001953125
2002-03-07 00:00:00,1162.77001953125,1167.93994140625,1150.68994140625,1517400000,1157.5400390625
2002-03-08 00:00:00,1157.5400390625,1172.760009765625,1157.5400390625,1412000000,1164.31005859375
2002-03-11 00:00:00,1164.31005859375,1173.030029296875,1159.5799560546875,1210200000,1168.260009765625
2002-03-12 00:00:00,1168.260009765625,1168.260009765625,1154.3399658203125,1304400000,1165.5799560546875
2002-03-13 00:00:00,1165.5799560546875,1165.5799560546875,1151.010009765625,1354000000,1154.0899658203125
2002-03-14 00:00:00,1154.0899658203125,1157.8299560546875,1151.0799560546875,1208800000,1153.0400390625
2002-03-15 00:00:00,1153.0400390625,1166.47998046875,1153.0400390625,1493900000,1166.1600341796875
2002-03-18 00:00:00,1166.1600341796875,1172.72998046875,1159.1400146484375,1169500000,1165.550048828125
2002-03-19 00:00:00,1165.550048828125,1173.93994140625,1165.550048828125,1255000000,1170.2900390625
2002-03-20 00:00:00,1170.2900390625,1170.2900390625,1151.6099853515625,1304900000,1151.8499755859375
2002-03-21 00:00:00,1151.8499755859375,1155.0999755859375,1139.47998046875,1339200000,1153.5899658203125
2002-03-22 00:00:00,1153.5899658203125,1156.489990234375,1144.5999755859375,1243300000,1148.699951171875
2002-03-25 00:00:00,1148.699951171875,1151.0400390625,1131.8699951171875,1057900000,1131.8699951171875
2002-03-26 00:00:00,1131.8699951171875,1147.0,1131.6099853515625,1223600000,1138.489990234375
2002-03-27 00:00:00,1138.489990234375,1146.949951171875,1135.3299560546875,1180100000,1144.5799560546875
2002-03-28 00:00:00,1144.5799560546875,1154.449951171875,1144.5799560546875,1147600000,1147.3900146484375
2002-04-01 00:00:00,1147.3900146484375,1147.8399658203125,1132.8699951171875,1050900000,1146.5400390625
2002-04-02 00:00:00,1146.5400390625,1146.5400390625,1135.7099609375,1176700000,1136.760009765625
2002-04-03 00:00:00,1136.760009765625,1138.8499755859375,1119.6800537109375,1219700000,1125.4000244140625
2002-04-04 00:00:00,1125.4000244140625,1130.449951171875,1120.06005859375,1283800000,1126.3399658203125
2002-04-05 00:00:00,1126.3399658203125,1133.31005859375,1119.489990234375,1110200000,1122.72998046875
2002-04-08 00:00:00,1122.72998046875,1125.4100341796875,1111.7900390625,1095300000,1125.2900390625
2002-04-09 00:00:00,1125.2900390625,1128.2900390625,1116.72998046875,1235400000,1117.800048828125
2002-04-10 00:00:00,1117.800048828125,1131.760009765625,1117.800048828125,1447900000,1130.469970703125
2002-04-11 00:00:00,1130.469970703125,1130.469970703125,1102.4200439453125,1505600000,1103.68994140625
2002-04-12 00:00:00,1103.68994140625,1112.77001953125,1102.739990234375,1282100000,1111.010009765625
2002-04-15 00:00:00,1111.010009765625,1114.8599853515625,1099.4100341796875,1120400000,1102.550048828125
2002-04-16 00:00:00,1102.550048828125,1129.4000244140625,1102.550048828125,1341300000,1128.3699951171875
2002-04-17 00:00:00,1128.3699951171875,1133.0,1123.3699951171875,1376900000,1126.0699462890625
2002-04-18 00:00:00,1126.0699462890625,1130.489990234375,1109.2900390625,1359300000,1124.469970703125
2002-04-19 00:00:00,1124.469970703125,1128.8199462890625,1122.5899658203125,1185000000,1125.1700439453125
2002-04-22 00:00:00,1125.1700439453125,1125.1700439453125,1105.6199951171875,1181800000,1107.8299560546875
2002-04-23 00:00:00,1107.8299560546875,1111.1700439453125,1098.93994140625,1388500000,1100.9599609375
2002-04-24 00:00:00,1100.9599609375,1108.4599609375,1092.510009765625,1373200000,1093.1400146484375
2002-04-25 00:00:00,1093.1400146484375,1094.3599853515625,1084.81005859375,1517400000,1091.47998046875
2002-04-26 00:00:00,1091.47998046875,1096.77001953125,1076.31005859375,1374200000,1076.3199462890625
2002-04-29 00:00:00,1076.3199462890625,1078.949951171875,1063.6199951171875,1314700000,1065.449951171875
2002-04-30 00:00:00,1065.449951171875,1082.6199951171875,1063.4599609375,1628600000,1076.9200439453125
2002-05-01 00:00:00,1076.9200439453125,1088.3199462890625,1065.2900390625,1451400000,1086.4599609375
2002-05-02 00:00:00,1086.4599609375,1091.4200439453125,1079.4599609375,1364000000,1084.56005859375
2002-05-03 00:00:00,1084.56005859375,1084.56005859375,1068.8900146484375,1284500000,1073.4300537109375
2002-05-06 00:00:00,1073.4300537109375,1075.9599609375,1052.6500244140625,1122600000,1052.6700439453125
2002-05-07 00:00:00,1052.6700439453125,1058.6700439453125,1048.9599609375,1354700000,1049.489990234375
2002-05-08 00:00:00,1049.489990234375,1088.9200439453125,1049.489990234375,1502000000,1088.8499755859375
2002-05-09 00:00:00,1088.8499755859375,1088.8499755859375,1072.22998046875,1153000000,1073.010009765625
2002-05-10 00:00:00,1073.010009765625,1075.4300537109375,1053.9300537109375,1171900000,1054.989990234375
2002-05-13 00:00:00,1054.989990234375,1074.8399658203125,1053.9000244140625,1088600000,1074.56005859375
2002-05-14 00:00:00,1074.56005859375,1097.7099609375,1074.56005859375,1414500000,1097.280029296875
2002-05-15 00:00:00,1097.280029296875,1104.22998046875,1088.93994140625,1420200000,1091.0699462890625
2002-05-16 00:00:00,1091.0699462890625,1099.2900390625,1089.1700439453125,1256600000,1098.22998046875
2002-05-17 00:00:00,1098.22998046875,1106.5899658203125,1096.77001953125,1274400000,1106.5899658203125
2002-05-20 00:00:00,1106.5899658203125,1106.5899658203125,1090.6099853515625,989800000,1091.8800048828125
2002-05-21 00:00:00,1091.8800048828125,1099.550048828125,1079.0799560546875,1200500000,1079.8800048828125
2002-05-22 00:00:00,1079.8800048828125,1086.02001953125,1075.6400146484375,1136300000,1086.02001953125
2002-05-23 00:00:00,1086.02001953125,1097.0999755859375,1080.550048828125,1192900000,1097.0799560546875
2002-05-24 00:00:00,1097.0799560546875,1097.0799560546875,1082.18994140625,885400000,1083.8199462890625
2002-05-28 00:00:00,1083.8199462890625,1085.97998046875,1070.31005859375,996500000,1074.550048828125
2002-05-29 00:00:00,1074.550048828125,1074.8299560546875,1067.6600341796875,1081800000,1067.6600341796875
2002-05-30 00:00:00,1067.6600341796875,1069.5,1054.260009765625,1286600000,1064.6600341796875
2002-05-31 00:00:00,1064.6600341796875,1079.9300537109375,1064.6600341796875,1277300000,1067.1400146484375
2002-06-03 00:00:00,1067.1400146484375,1070.739990234375,1039.9000244140625,1324300000,1040.6800537109375
2002-06-04 00:00:00,1040.6800537109375,1046.06005859375,1030.52001953125,1466600000,1040.68994140625
2002-06-05 00:00:00,1040.68994140625,1050.1099853515625,1038.8399658203125,1300100000,1049.9000244140625
2002-06-06 00:00:00,1049.9000244140625,1049.9000244140625,1026.9100341796875,1601500000,1029.1500244140625
2002-06-07 00:00:00,1029.1500244140625,1033.02001953125,1012.489990234375,1341300000,1027.530029296875
2002-06-10 00:00:00,1027.530029296875,1038.1800537109375,1025.449951171875,1226200000,1030.739990234375
2002-06-11 00:00:00,1030.739990234375,1039.0400390625,1012.9400024414062,1212400000,1013.5999755859375
2002-06-12 00:00:00,1013.260009765625,1021.8499755859375,1002.5800170898438,1795720000,1020.260009765625
2002-06-13 00:00:00,1020.260009765625,1023.469970703125,1008.1199951171875,1405500000,1009.5599975585938
2002-06-14 00:00:00,1009.5599975585938,1009.5599975585938,981.6300048828125,1549000000,1007.27001953125
2002-06-17 00:00:00,1007.27001953125,1036.1700439453125,1007.27001953125,1236600000,1036.1700439453125
2002-06-18 00:00:00,1036.1700439453125,1040.8299560546875,1030.9200439453125,1193100000,1037.1400146484375
2002-06-19 00:00:00,1037.1400146484375,1037.6099853515625,1017.8800048828125,1336100000,1019.989990234375
2002-06-20 00:00:00,1019.989990234375,1023.3300170898438,1004.5900268554688,1389700000,1006.2899780273438
2002-06-21 00:00:00,1006.2899780273438,1006.2899780273438,985.6500244140625,1497200000,989.1400146484375
2002-06-24 00:00:00,989.1400146484375,1002.1099853515625,970.8499755859375,1552600000,992.719970703125
2002-06-25 00:00:00,992.719970703125,1005.8800048828125,974.2100219726562,1513700000,976.1400146484375
2002-06-26 00:00:00,976.1400146484375,977.4299926757812,952.9199829101562,2014290000,973.530029296875
2002-06-27 00:00:00,973.530029296875,990.6699829101562,963.739990234375,1908600000,990.6400146484375
2002-06-28 00:00:00,990.6400146484375,1001.7899780273438,988.3099975585938,2117000000,989.8200073242188
2002-07-01 00:00:00,989.8200073242188,994.4600219726562,967.4299926757812,1425500000,968.6500244140625
2002-07-02 00:00:00,968.6500244140625,968.6500244140625,945.5399780273438,1823000000,948.0900268554688
2002-07-03 00:00:00,948.0900268554688,954.2999877929688,934.8699951171875,1527800000,953.989990234375
2002-07-05 00:00:00,953.989990234375,989.0700073242188,953.989990234375,699400000,989.030029296875
2002-07-08 00:00:00,989.030029296875,993.5599975585938,972.9099731445312,1184400000,976.97998046875
2002-07-09 00:00:00,976.97998046875,979.6300048828125,951.7100219726562,1348900000,952.8300170898438
2002-07-10 00:00:00,952.8300170898438,956.3400268554688,920.2899780273438,1816900000,920.469970703125
2002-07-11 00:00:00,920.469970703125,929.1599731445312,900.9400024414062,2080480000,927.3699951171875
2002-07-12 00:00:00,927.3699951171875,934.3099975585938,913.7100219726562,1607400000,921.3900146484375
2002-07-15 00:00:00,921.3900146484375,921.3900146484375,876.4600219726562,2574800000,917.9299926757812
2002-07-16 00:00:00,917.9299926757812,918.6500244140625,897.1300048828125,1843700000,900.9400024414062
2002-07-17 00:00:00,901.0499877929688,926.52001953125,895.030029296875,2566500000,906.0399780273438
2002-07-18 00:00:00,905.4500122070312,907.7999877929688,880.5999755859375,1736300000,881.5599975585938
2002-07-19 00:00:00,881.5599975585938,881.5599975585938,842.0700073242188,2654100000,847.75
2002-07-22 00:00:00,847.760009765625,854.1300048828125,813.260009765625,2248060000,819.8499755859375
2002-07-23 00:00:00,819.8499755859375,827.6900024414062,796.1300048828125,2441020000,797.7000122070312
2002-07-24 00:00:00,797.7100219726562,844.3200073242188,775.6799926757812,2775560000,843.4299926757812
2002-07-25 00:00:00,843.4199829101562,853.8300170898438,816.1099853515625,2424700000,838.6799926757812
2002-07-26 00:00:00,838.6799926757812,852.8499755859375,835.9199829101562,1796100000,852.8400268554688
2002-07-29 00:00:00,852.8400268554688,898.9600219726562,852.8400268554688,1778650000,898.9600219726562
2002-07-30 00:00:00,898.9600219726562,909.8099975585938,884.7000122070312,1826090000,902.780029296875
2002-07-31 00:00:00,902.780029296875,911.6400146484375,889.8800048828125,2049360000,911.6199951171875
2002-08-01 00:00:00,911.6199951171875,911.6199951171875,882.47998046875,1672200000,884.6599731445312
2002-08-02 00:00:00,884.4000244140625,884.719970703125,853.9500122070312,1538100000,864.239990234375
2002-08-05 00:00:00,864.239990234375,864.239990234375,833.4400024414062,1425500000,834.5999755859375
2002-08-06 00:00:00,834.5999755859375,874.4400024414062,834.5999755859375,1514100000,859.5700073242188
2002-08-07 00:00:00,859.5700073242188,878.739990234375,854.1500244140625,1490400000,876.77001953125
2002-08-08 00:00:00,876.77001953125,905.8400268554688,875.1699829101562,1646700000,905.4600219726562
2002-08-09 00:00:00,898.72998046875,913.9500122070312,890.77001953125,1294900000,908.6400146484375
2002-08-12 00:00:00,908.6400146484375,908.6400146484375,892.3800048828125,1036500000,903.7999877929688
2002-08-13 00:00:00,903.7999877929688,911.7100219726562,883.6199951171875,1297700000,884.2100219726562
2002-08-14 00:00:00,884.2100219726562,920.2100219726562,876.2000122070312,1533800000,919.6199951171875
2002-08-15 00:00:00,919.6199951171875,933.2899780273438,918.1699829101562,1505100000,930.25
2002-08-16 00:00:00,930.25,935.3800048828125,916.2100219726562,1265300000,928.77001953125
2002-08-19 00:00:00,928.77001953125,951.1699829101562,927.2100219726562,1299800000,950.7000122070312
2002-08-20 00:00:00,950.7000122070312,950.7000122070312,931.8599853515625,1308500000,937.4299926757812
2002-08-21 00:00:00,937.4299926757812,951.5900268554688,931.3200073242188,1353100000,949.3599853515625
2002-08-22 00:00:00,949.3599853515625,965.0,946.4299926757812,1373000000,962.7000122070312
2002-08-23 00:00:00,962.7000122070312,962.7000122070312,937.1699829101562,1071500000,940.8599853515625
2002-08-26 00:00:00,940.8599853515625,950.7999877929688,930.4199829101562,1016900000,947.9500122070312
2002-08-27 00:00:00,947.9500122070312,955.8200073242188,930.3599853515625,1307700000,934.8200073242188
2002-08-28 00:00:00,934.8200073242188,934.8200073242188,913.2100219726562,1146600000,917.8699951171875
2002-08-29 00:00:00,917.8699951171875,924.5900268554688,903.3300170898438,1271100000,917.7999877929688
2002-08-30 00:00:00,917.7999877929688,928.1500244140625,910.1699829101562,929900000,916.0700073242188
2002-09-03 00:00:00,916.0700073242188,916.0700073242188,877.510009765625,1289800000,878.02001953125
2002-09-04 00:00:00,878.02001953125,896.0999755859375,875.72998046875,1372100000,893.4000244140625
2002-09-05 00:00:00,893.4000244140625,893.4000244140625,870.5,1401300000,879.1500244140625
2002-09-06 00:00:00,879.1500244140625,899.0700073242188,879.1500244140625,1184500000,893.9199829101562
2002-09-09 00:00:00,893.9199829101562,907.3400268554688,882.9199829101562,1130600000,902.9600219726562
2002-09-10 00:00:00,902.9600219726562,909.8900146484375,900.5,1186400000,909.5800170898438
2002-09-11 00:00:00,910.6300048828125,924.02001953125,908.469970703125,846600000,909.4500122070312
2002-09-12 00:00:00,909.4500122070312,909.4500122070312,884.8400268554688,1191600000,886.9099731445312
2002-09-13 00:00:00,886.9099731445312,892.75,877.0499877929688,1271000000,889.8099975585938
2002-09-16 00:00:00,889.8099975585938,891.8400268554688,878.9099731445312,1001400000,891.0999755859375
2002-09-17 00:00:00,891.0999755859375,902.6799926757812,872.3800048828125,1448600000,873.52001953125
2002-09-18 00:00:00,873.52001953125,878.4500122070312,857.3900146484375,1501000000,869.4600219726562
2002-09-19 00:00:00,869.4600219726562,869.4600219726562,843.0900268554688,1524000000,843.3200073242188
2002-09-20 00:00:00,843.3200073242188,849.3200073242188,839.0900268554688,1792800000,845.3900146484375
2002-09-23 00:00:00,845.3900146484375,845.3900146484375,825.760009765625,1381100000,833.7000122070312
2002-09-24 00:00:00,833.7000122070312,833.7000122070312,817.3800048828125,1670240000,819.2899780273438
2002-09-25 00:00:00,819.27001953125,844.219970703125,818.4600219726562,1651500000,839.6599731445312
2002-09-26 00:00:00,839.6599731445312,856.5999755859375,839.6599731445312,1650000000,854.9500122070312
2002-09-27 00:00:00,854.9500122070312,854.9500122070312,826.8400268554688,1507300000,827.3699951171875
2002-09-30 00:00:00,827.3699951171875,827.3699951171875,800.2000122070312,1721870000,815.280029296875
2002-10-01 00:00:00,815.280029296875,847.9299926757812,812.8200073242188,1780900000,847.9099731445312
2002-10-02 00:00:00,843.77001953125,851.9299926757812,826.5,1668900000,827.9099731445312
2002-10-03 00:00:00,827.9099731445312,840.02001953125,817.25,1674500000,818.9500122070312
2002-10-04 00:00:00,818.9500122070312,825.9000244140625,794.0999755859375,1835930000,800.5800170898438
2002-10-07 00:00:00,800.5800170898438,808.2100219726562,782.9600219726562,1576500000,785.280029296875
2002-10-08 00:00:00,785.280029296875,808.8599853515625,779.5,1938430000,798.5499877929688
2002-10-09 00:00:00,798.5499877929688,798.5499877929688,775.7999877929688,1885030000,776.760009765625
2002-10-10 00:00:00,776.760009765625,806.510009765625,768.6300048828125,2090230000,803.9199829101562
2002-10-11 00:00:00,803.9199829101562,843.27001953125,803.9199829101562,1854130000,835.3200073242188
2002-10-14 00:00:00,835.3200073242188,844.3900146484375,828.3699951171875,1200300000,841.4400024414062
2002-10-15 00:00:00,841.4400024414062,881.27001953125,841.4400024414062,1956000000,881.27001953125
2002-10-16 00:00:00,881.27001953125,881.27001953125,856.280029296875,1585000000,860.02001953125
2002-10-17 00:00:00,860.02001953125,885.3499755859375,860.02001953125,1780390000,879.2000122070312
2002-10-18 00:00:00,879.2000122070312,886.6799926757812,866.5800170898438,1423100000,884.3900146484375
2002-10-21 00:00:00,884.3900146484375,900.6900024414062,873.0599975585938,1447000000,899.719970703125
2002-10-22 00:00:00,899.719970703125,899.719970703125,882.4000244140625,1549200000,890.1599731445312
2002-10-23 00:00:00,890.1599731445312,896.1400146484375,873.8200073242188,1593900000,896.1400146484375
2002-10-24 00:00:00,896.1400146484375,902.9400024414062,879.0,1700570000,882.5
2002-10-25 00:00:00,882.5,897.7100219726562,877.030029296875,1340400000,897.6500244140625
2002-10-28 00:00:00,897.6500244140625,907.4400024414062,886.1500244140625,1382600000,890.22998046875
2002-10-29 00:00:00,890.22998046875,890.6400146484375,867.9099731445312,1529700000,882.1500244140625
2002-10-30 00:00:00,882.1500244140625,895.280029296875,879.1900024414062,1422300000,890.7100219726562
2002-10-31 00:00:00,890.7100219726562,898.8300170898438,879.75,1641300000,885.760009765625
2002-11-01 00:00:00,885.760009765625,903.4199829101562,877.7100219726562,1450400000,900.9600219726562
2002-11-04 00:00:00,900.9600219726562,924.5800170898438,900.9600219726562,1645900000,908.3499755859375
2002-11-05 00:00:00,908.3499755859375,915.8300170898438,904.9099731445312,1354100000,915.3900146484375
2002-11-06 00:00:00,915.3900146484375,925.6599731445312,905.0,1674000000,923.760009765625
2002-11-07 00:00:00,923.760009765625,923.760009765625,898.6799926757812,1466900000,902.6500244140625
2002-11-08 00:00:00,902.6500244140625,910.1099853515625,891.6199951171875,1446500000,894.739990234375
2002-11-11 00:00:00,894.739990234375,894.739990234375,874.6300048828125,1113000000,876.1900024414062
2002-11-12 00:00:00,876.1900024414062,894.2999877929688,876.1900024414062,1377100000,882.9500122070312
2002-11-13 00:00:00,882.9500122070312,892.510009765625,872.0499877929688,1463400000,882.530029296875
2002-11-14 00:00:00,882.530029296875,904.27001953125,882.530029296875,1519000000,904.27001953125
2002-11-15 00:00:00,904.27001953125,910.2100219726562,895.3499755859375,1400100000,909.8300170898438
2002-11-18 00:00:00,909.8300170898438,915.9099731445312,899.47998046875,1282600000,900.3599853515625
2002-11-19 00:00:00,900.3599853515625,905.4500122070312,893.0900268554688,1337400000,896.739990234375
2002-11-20 00:00:00,896.739990234375,915.010009765625,894.9299926757812,1517300000,914.1500244140625
2002-11-21 00:00:00,914.1500244140625,935.1300048828125,914.1500244140625,2415100000,933.760009765625
2002-11-22 00:00:00,933.760009765625,937.280029296875,928.4099731445312,1626800000,930.5499877929688
2002-11-25 00:00:00,930.5499877929688,937.1500244140625,923.3099975585938,1574000000,932.8699951171875
2002-11-26 00:00:00,932.8699951171875,932.8699951171875,912.0999755859375,1543600000,913.3099975585938
2002-11-27 00:00:00,913.3099975585938,940.4099731445312,913.3099975585938,1350300000,938.8699951171875
2002-11-29 00:00:00,938.8699951171875,941.8200073242188,935.5800170898438,643460000,936.3099975585938
2002-12-02 00:00:00,936.3099975585938,954.280029296875,927.719970703125,1612000000,934.530029296875
2002-12-03 00:00:00,934.530029296875,934.530029296875,918.72998046875,1488400000,920.75
2002-12-04 00:00:00,920.75,925.25,909.510009765625,1588900000,917.5800170898438
2002-12-05 00:00:00,917.5800170898438,921.489990234375,905.9000244140625,1250200000,906.5499877929688
2002-12-06 00:00:00,906.5499877929688,915.47998046875,895.9600219726562,1241100000,912.22998046875
2002-12-09 00:00:00,912.22998046875,912.22998046875,891.969970703125,1320800000,892.0
2002-12-10 00:00:00,892.0,904.9500122070312,892.0,1286600000,904.4500122070312
2002-12-11 00:00:00,904.4500122070312,909.9400024414062,896.47998046875,1285100000,904.9600219726562
2002-12-12 00:00:00,904.9600219726562,908.3699951171875,897.0,1255300000,901.5800170898438
2002-12-13 00:00:00,901.5800170898438,901.5800170898438,888.47998046875,1330800000,889.47998046875
2002-12-16 00:00:00,889.47998046875,910.4199829101562,889.47998046875,1271600000,910.4000244140625
2002-12-17 00:00:00,910.4000244140625,911.219970703125,901.739990234375,1251800000,902.989990234375
2002-12-18 00:00:00,902.989990234375,902.989990234375,887.8200073242188,1446200000,891.1199951171875
2002-12-19 00:00:00,890.02001953125,899.1900024414062,880.3200073242188,1385900000,884.25
2002-12-20 00:00:00,884.25,897.7899780273438,884.25,1782730000,895.760009765625
2002-12-23 00:00:00,895.739990234375,902.4299926757812,892.260009765625,1112100000,897.3800048828125
2002-12-24 00:00:00,897.3800048828125,897.3800048828125,892.2899780273438,458310000,892.469970703125
2002-12-26 00:00:00,892.469970703125,903.8900146484375,887.47998046875,721100000,889.6599731445312
2002-12-27 00:00:00,889.6599731445312,890.4600219726562,873.6199951171875,758400000,875.4000244140625
2002-12-30 00:00:00,875.4000244140625,882.0999755859375,870.22998046875,1057800000,879.3900146484375
2002-12-31 00:00:00,879.3900146484375,881.9299926757812,869.4500122070312,1088500000,879.8200073242188
2003-01-02 00:00:00,879.8200073242188,909.030029296875,879.8200073242188,1229200000,909.030029296875
2003-01-03 00:00:00,909.030029296875,911.25,903.0700073242188,1130800000,908.5900268554688
2003-01-06 00:00:00,908.5900268554688,931.77001953125,908.5900268554688,1435900000,929.010009765625
2003-01-07 00:00:00,929.010009765625,930.8099975585938,919.9299926757812,1545200000,922.9299926757812
2003-01-08 00:00:00,922.9299926757812,922.9299926757812,908.3200073242188,1467600000,909.9299926757812
2003-01-09 00:00:00,909.9299926757812,928.3099975585938,909.9299926757812,1560300000,927.5700073242188
2003-01-10 00:00:00,927.5800170898438,932.8900146484375,917.6599731445312,1485400000,927.5700073242188
2003-01-13 00:00:00,927.5700073242188,935.0499877929688,922.0499877929688,1396300000,926.260009765625
2003-01-14 00:00:00,926.260009765625,931.6599731445312,921.719970703125,1379400000,931.6599731445312
2003-01-15 00:00:00,931.6599731445312,932.5900268554688,916.7000122070312,1432100000,918.219970703125
2003-01-16 00:00:00,918.219970703125,926.030029296875,911.97998046875,1534600000,914.5999755859375
2003-01-17 00:00:00,914.5999755859375,914.5999755859375,899.02001953125,1358200000,901.780029296875
2003-01-21 00:00:00,901.780029296875,906.0,887.6199951171875,1335200000,887.6199951171875
2003-01-22 00:00:00,887.6199951171875,889.739990234375,877.6400146484375,1560800000,878.3599853515625
2003-01-23 00:00:00,878.3599853515625,890.25,876.8900146484375,1744550000,887.3400268554688
2003-01-24 00:00:00,887.3400268554688,887.3400268554688,859.7100219726562,1574800000,861.4000244140625
2003-01-27 00:00:00,861.4000244140625,863.9500122070312,844.25,1435900000,847.47998046875
2003-01-28 00:00:00,847.47998046875,860.760009765625,847.47998046875,1459100000,858.5399780273438
2003-01-29 00:00:00,858.5399780273438,868.719970703125,845.8599853515625,1595400000,864.3599853515625
2003-01-30 00:00:00,864.3599853515625,865.47998046875,843.739990234375,1510300000,844.6099853515625
2003-01-31 00:00:00,844.6099853515625,858.3300170898438,840.3400268554688,1578530000,855.7000122070312
2003-02-03 00:00:00,855.7000122070312,864.6400146484375,855.7000122070312,1258500000,860.3200073242188
2003-02-04 00:00:00,860.3200073242188,860.3200073242188,840.1900024414062,1451600000,848.2000122070312
2003-02-05 00:00:00,848.2000122070312,861.6300048828125,842.1099853515625,1450800000,843.5900268554688
2003-02-06 00:00:00,843.5900268554688,844.22998046875,833.25,1430900000,838.1500244140625
2003-02-07 00:00:00,838.1500244140625,845.72998046875,826.7000122070312,1276800000,829.6900024414062
2003-02-10 00:00:00,829.6900024414062,837.1599731445312,823.530029296875,1238200000,835.969970703125
2003-02-11 00:00:00,835.969970703125,843.02001953125,825.0900268554688,1307000000,829.2000122070312
2003-02-12 00:00:00,829.2000122070312,832.1199951171875,818.489990234375,1260500000,818.6799926757812
2003-02-13 00:00:00,818.6799926757812,821.25,806.2899780273438,1489300000,817.3699951171875
2003-02-14 00:00:00,817.3699951171875,834.8900146484375,815.030029296875,1404600000,834.8900146484375
2003-02-18 00:00:00,834.8900146484375,852.8699951171875,834.8900146484375,1250800000,851.1699829101562
2003-02-19 00:00:00,851.1699829101562,851.1699829101562,838.7899780273438,1075600000,845.1300048828125
2003-02-20 00:00:00,845.1300048828125,849.3699951171875,836.5599975585938,1194100000,837.0999755859375
2003-02-21 00:00:00,837.0999755859375,852.280029296875,831.47998046875,1398200000,848.1699829101562
2003-02-24 00:00:00,848.1699829101562,848.1699829101562,832.1599731445312,1229200000,832.5800170898438
2003-02-25 00:00:00,832.5800170898438,839.5499877929688,818.5399780273438,1483700000,838.5700073242188
2003-02-26 00:00:00,838.5700073242188,840.0999755859375,826.6799926757812,1374400000,827.5499877929688
2003-02-27 00:00:00,827.5499877929688,842.1900024414062,827.5499877929688,1287800000,837.280029296875
2003-02-28 00:00:00,837.280029296875,847.0,837.280029296875,1373300000,841.1500244140625
2003-03-03 00:00:00,841.1500244140625,852.3400268554688,832.739990234375,1208900000,834.8099975585938
2003-03-04 00:00:00,834.8099975585938,835.4299926757812,821.9600219726562,1256600000,821.989990234375
2003-03-05 00:00:00,821.989990234375,829.8699951171875,819.0,1332700000,829.8499755859375
2003-03-06 00:00:00,829.8499755859375,829.8499755859375,819.8499755859375,1299200000,822.0999755859375
2003-03-07 00:00:00,822.0999755859375,829.5499877929688,811.22998046875,1368500000,828.8900146484375
2003-03-10 00:00:00,828.8900146484375,828.8900146484375,806.5700073242188,1255000000,807.47998046875
2003-03-11 00:00:00,807.47998046875,814.25,800.2999877929688,1427700000,800.72998046875
2003-03-12 00:00:00,800.72998046875,804.1900024414062,788.9000244140625,1620000000,804.1900024414062
2003-03-13 00:00:00,804.1900024414062,832.02001953125,804.1900024414062,1816300000,831.9000244140625
2003-03-14 00:00:00,831.8900146484375,841.3900146484375,828.260009765625,1541900000,833.27001953125
2003-03-17 00:00:00,833.27001953125,862.7899780273438,827.1699829101562,1700420000,862.7899780273438
2003-03-18 00:00:00,862.7899780273438,866.9400024414062,857.3599853515625,1555100000,866.4500122070312
2003-03-19 00:00:00,866.4500122070312,874.989990234375,861.2100219726562,1473400000,874.02001953125
2003-03-20 00:00:00,874.02001953125,879.5999755859375,859.010009765625,1439100000,875.6699829101562
2003-03-21 00:00:00,875.8400268554688,895.9000244140625,875.8400268554688,1883710000,895.7899780273438
2003-03-24 00:00:00,895.7899780273438,895.7899780273438,862.02001953125,1293000000,864.22998046875
2003-03-25 00:00:00,864.22998046875,879.8699951171875,862.5900268554688,1333400000,874.739990234375
2003-03-26 00:00:00,874.739990234375,875.7999877929688,866.469970703125,1319700000,869.9500122070312
2003-03-27 00:00:00,869.9500122070312,874.1500244140625,858.0900268554688,1232900000,868.52001953125
2003-03-28 00:00:00,868.52001953125,869.8800048828125,860.8300170898438,1227000000,863.5
2003-03-31 00:00:00,863.5,863.5,843.6799926757812,1495500000,848.1799926757812
2003-04-01 00:00:00,848.1799926757812,861.280029296875,847.8499755859375,1461600000,858.47998046875
2003-04-02 00:00:00,858.47998046875,884.5700073242188,858.47998046875,1589800000,880.9000244140625
2003-04-03 00:00:00,880.9000244140625,885.8900146484375,876.1199951171875,1339500000,876.4500122070312
2003-04-04 00:00:00,876.4500122070312,882.72998046875,874.22998046875,1241200000,878.8499755859375
2003-04-07 00:00:00,878.8499755859375,904.8900146484375,878.8499755859375,1494000000,879.9299926757812
2003-04-08 00:00:00,879.9299926757812,883.1099853515625,874.6799926757812,1235400000,878.2899780273438
2003-04-09 00:00:00,878.2899780273438,887.3499755859375,865.719970703125,1293700000,865.989990234375
2003-04-10 00:00:00,865.989990234375,871.780029296875,862.760009765625,1275300000,871.5800170898438
2003-04-11 00:00:00,871.5800170898438,883.3400268554688,865.9199829101562,1141600000,868.2999877929688
2003-04-14 00:00:00,868.2999877929688,885.260009765625,868.2999877929688,1131000000,885.22998046875
2003-04-15 00:00:00,885.22998046875,891.27001953125,881.8499755859375,1460200000,890.8099975585938
2003-04-16 00:00:00,890.8099975585938,896.77001953125,877.9299926757812,1587600000,879.9099731445312
2003-04-17 00:00:00,879.9099731445312,893.8300170898438,879.2000122070312,1430600000,893.5800170898438
2003-04-21 00:00:00,893.5800170898438,898.010009765625,888.1699829101562,1118700000,892.010009765625
2003-04-22 00:00:00,892.010009765625,911.739990234375,886.7000122070312,1631200000,911.3699951171875
2003-04-23 00:00:00,911.3699951171875,919.739990234375,909.8900146484375,1667200000,919.02001953125
2003-04-24 00:00:00,919.02001953125,919.02001953125,906.6900024414062,1648100000,911.4299926757812
2003-04-25 00:00:00,911.4299926757812,911.4299926757812,897.52001953125,1335800000,898.8099975585938
2003-04-28 00:00:00,898.8099975585938,918.1500244140625,898.8099975585938,1273000000,914.8400268554688
2003-04-29 00:00:00,914.8400268554688,924.239990234375,911.0999755859375,1525600000,917.8400268554688
2003-04-30 00:00:00,917.8400268554688,922.010009765625,911.7000122070312,1788510000,916.9199829101562
2003-05-01 00:00:00,916.9199829101562,919.6799926757812,902.8300170898438,1397500000,916.2999877929688
2003-05-02 00:00:00,916.2999877929688,930.5599975585938,912.3499755859375,1554300000,930.0800170898438
2003-05-05 00:00:00,930.0800170898438,933.8800048828125,924.5499877929688,1446300000,926.5499877929688
2003-05-06 00:00:00,926.5499877929688,939.6099853515625,926.3800048828125,1649600000,934.3900146484375
2003-05-07 00:00:00,934.3900146484375,937.219970703125,926.4099731445312,1531900000,929.6199951171875
2003-05-08 00:00:00,929.6199951171875,929.6199951171875,919.719970703125,1379600000,920.27001953125
2003-05-09 00:00:00,920.27001953125,933.77001953125,920.27001953125,1326100000,933.4099731445312
2003-05-12 00:00:00,933.4099731445312,946.8400268554688,929.2999877929688,1378800000,945.1099853515625
2003-05-13 00:00:00,945.1099853515625,947.510009765625,938.9099731445312,1418100000,942.2999877929688
2003-05-14 00:00:00,942.2999877929688,947.2899780273438,935.239990234375,1401800000,939.280029296875
2003-05-15 00:00:00,939.280029296875,948.22998046875,938.7899780273438,1508700000,946.6699829101562
2003-05-16 00:00:00,946.6699829101562,948.6500244140625,938.5999755859375,1505500000,944.2999877929688
2003-05-19 00:00:00,944.2999877929688,944.2999877929688,920.22998046875,1375700000,920.77001953125
2003-05-20 00:00:00,920.77001953125,925.3400268554688,912.0499877929688,1505300000,919.72998046875
2003-05-21 00:00:00,919.72998046875,923.8499755859375,914.9099731445312,1457800000,923.4199829101562
2003-05-22 00:00:00,923.4199829101562,935.2999877929688,922.5399780273438,1448500000,931.8699951171875
2003-05-23 00:00:00,931.8699951171875,935.2000122070312,927.4199829101562,1201000000,933.219970703125
2003-05-27 00:00:00,933.219970703125,952.760009765625,927.3300170898438,1532000000,951.47998046875
2003-05-28 00:00:00,951.47998046875,959.3900146484375,950.1199951171875,1559000000,953.219970703125
2003-05-29 00:00:00,953.219970703125,962.0800170898438,946.22998046875,1685800000,949.6400146484375
2003-05-30 00:00:00,949.6400146484375,965.3800048828125,949.6400146484375,1688800000,963.5900268554688
2003-06-02 00:00:00,963.5900268554688,979.1099853515625,963.5900268554688,1662500000,967.0
2003-06-03 00:00:00,967.0,973.02001953125,964.469970703125,1450200000,971.5599975585938
2003-06-04 00:00:00,971.5599975585938,987.8499755859375,970.719970703125,1618700000,986.239990234375
2003-06-05 00:00:00,986.239990234375,990.1400146484375,978.1300048828125,1693100000,990.1400146484375
2003-06-06 00:00:00,990.1400146484375,1007.6900024414062,986.010009765625,1837200000,987.760009765625
2003-06-09 00:00:00,987.760009765625,987.760009765625,972.5900268554688,1307000000,975.9299926757812
2003-06-10 00:00:00,975.9299926757812,984.8400268554688,975.9299926757812,1275400000,984.8400268554688
2003-06-11 00:00:00,984.8400268554688,997.47998046875,981.6099853515625,1520000000,997.47998046875
2003-06-12 00:00:00,997.47998046875,1002.739990234375,991.27001953125,1553100000,998.510009765625
2003-06-13 00:00:00,998.510009765625,1000.9199829101562,984.27001953125,1271600000,988.6099853515625
2003-06-16 00:00:00,988.6099853515625,1010.8599853515625,988.6099853515625,1345900000,1010.739990234375
2003-06-17 00:00:00,1010.739990234375,1015.3300170898438,1007.0399780273438,1479700000,1011.6599731445312
2003-06-18 00:00:00,1011.6599731445312,1015.1199951171875,1004.6099853515625,1488900000,1010.0900268554688
2003-06-19 00:00:00,1010.0900268554688,1011.219970703125,993.0800170898438,1530100000,994.7000122070312
2003-06-20 00:00:00,994.7000122070312,1002.0900268554688,993.3599853515625,1698000000,995.6900024414062
2003-06-23 00:00:00,995.6900024414062,995.6900024414062,977.4000244140625,1398100000,981.6400146484375
2003-06-24 00:00:00,981.6400146484375,987.8400268554688,979.0800170898438,1388300000,983.4500122070312
2003-06-25 00:00:00,983.4500122070312,991.6400146484375,974.8599853515625,1459200000,975.3200073242188
2003-06-26 00:00:00,975.3200073242188,986.530029296875,973.7999877929688,1387400000,985.8200073242188
2003-06-27 00:00:00,985.8200073242188,988.8800048828125,974.2899780273438,1267800000,976.219970703125
2003-06-30 00:00:00,976.219970703125,983.6099853515625,973.5999755859375,1587200000,974.5
2003-07-01 00:00:00,974.5,983.260009765625,962.0999755859375,1460200000,982.3200073242188
2003-07-02 00:00:00,982.3200073242188,993.780029296875,982.3200073242188,1519300000,993.75
2003-07-03 00:00:00,993.75,995.0,983.3400268554688,775900000,985.7000122070312
2003-07-07 00:00:00,985.7000122070312,1005.5599975585938,985.7000122070312,1429100000,1004.4199829101562
2003-07-08 00:00:00,1004.4199829101562,1008.9199829101562,998.72998046875,1565700000,1007.8400268554688
2003-07-09 00:00:00,1007.8400268554688,1010.4299926757812,998.1699829101562,1618000000,1002.2100219726562
2003-07-10 00:00:00,1002.2100219726562,1002.2100219726562,983.6300048828125,1465700000,988.7000122070312
2003-07-11 00:00:00,988.7000122070312,1000.8599853515625,988.7000122070312,1212700000,998.1400146484375
2003-07-14 00:00:00,998.1400146484375,1015.4099731445312,998.1400146484375,1448900000,1003.8599853515625
2003-07-15 00:00:00,1003.8599853515625,1009.6099853515625,996.6699829101562,1518600000,1000.4199829101562
2003-07-16 00:00:00,1000.4199829101562,1003.469970703125,989.2999877929688,1662000000,994.0900268554688
2003-07-17 00:00:00,994.0,994.0,978.5999755859375,1661400000,981.72998046875
2003-07-18 00:00:00,981.72998046875,994.25,981.7100219726562,1365200000,993.3200073242188
2003-07-21 00:00:00,993.3200073242188,993.3200073242188,975.6300048828125,1254200000,978.7999877929688
2003-07-22 00:00:00,978.7999877929688,990.2899780273438,976.0800170898438,1439700000,988.1099853515625
2003-07-23 00:00:00,988.1099853515625,989.8599853515625,979.7899780273438,1362700000,988.6099853515625
2003-07-24 00:00:00,988.6099853515625,998.8900146484375,981.0700073242188,1559000000,981.5999755859375
2003-07-25 00:00:00,981.5999755859375,998.7100219726562,977.489990234375,1397500000,998.6799926757812
2003-07-28 00:00:00,998.6799926757812,1000.6799926757812,993.5900268554688,1328600000,996.52001953125
2003-07-29 00:00:00,996.52001953125,998.6400146484375,984.1500244140625,1508900000,989.280029296875
2003-07-30 00:00:00,989.280029296875,992.6199951171875,985.9600219726562,1391900000,987.489990234375
2003-07-31 00:00:00,987.489990234375,1004.5900268554688,987.489990234375,1608000000,990.3099975585938
2003-08-01 00:00:00,990.3099975585938,990.3099975585938,978.8599853515625,1390600000,980.1500244140625
2003-08-04 00:00:00,980.1500244140625,985.75,966.7899780273438,1318700000,982.8200073242188
2003-08-05 00:00:00,982.8200073242188,982.8200073242188,964.969970703125,1351700000,965.4600219726562
2003-08-06 00:00:00,965.4600219726562,975.739990234375,960.8400268554688,1491000000,967.0800170898438
2003-08-07 00:00:00,967.0800170898438,974.8900146484375,963.8200073242188,1389300000,974.1199951171875
2003-08-08 00:00:00,974.1199951171875,980.5700073242188,973.8300170898438,1086600000,977.5900268554688
2003-08-11 00:00:00,977.5900268554688,985.4600219726562,974.2100219726562,1022200000,980.5900268554688
2003-08-12 00:00:00,980.5900268554688,990.4099731445312,979.9000244140625,1132300000,990.3499755859375
2003-08-13 00:00:00,990.3499755859375,992.5,980.8499755859375,1208800000,984.030029296875
2003-08-14 00:00:00,984.030029296875,991.9099731445312,980.3599853515625,1186800000,990.510009765625
2003-08-15 00:00:00,990.510009765625,992.3900146484375,987.0999755859375,636370000,990.6699829101562
2003-08-18 00:00:00,990.6699829101562,1000.3499755859375,990.6699829101562,1127600000,999.739990234375
2003-08-19 00:00:00,999.739990234375,1003.2999877929688,995.2999877929688,1300600000,1002.3499755859375
2003-08-20 00:00:00,1002.3499755859375,1003.5399780273438,996.6199951171875,1210800000,1000.2999877929688
2003-08-21 00:00:00,1000.2999877929688,1009.530029296875,999.3300170898438,1407100000,1003.27001953125
2003-08-22 00:00:00,1003.27001953125,1011.010009765625,992.6199951171875,1308900000,993.0599975585938
2003-08-25 00:00:00,993.0599975585938,993.7100219726562,987.9099731445312,971700000,993.7100219726562
2003-08-26 00:00:00,993.7100219726562,997.9299926757812,983.5700073242188,1178700000,996.72998046875
2003-08-27 00:00:00,996.72998046875,998.0499877929688,993.3300170898438,1051400000,996.7899780273438
2003-08-28 00:00:00,996.7899780273438,1004.1199951171875,991.4199829101562,1165200000,1002.8400268554688
2003-08-29 00:00:00,1002.8400268554688,1008.8499755859375,999.52001953125,945100000,1008.010009765625
2003-09-02 00:00:00,1008.010009765625,1022.5900268554688,1005.72998046875,1470500000,1021.989990234375
2003-09-03 00:00:00,1021.989990234375,1029.3399658203125,1021.989990234375,1675600000,1026.27001953125
2003-09-04 00:00:00,1026.27001953125,1029.1700439453125,1022.1900024414062,1453900000,1027.969970703125
2003-09-05 00:00:00,1027.969970703125,1029.2099609375,1018.1900024414062,1465200000,1021.3900146484375
2003-09-08 00:00:00,1021.3900146484375,1032.4100341796875,1021.3900146484375,1299300000,1031.6400146484375
2003-09-09 00:00:00,1031.6400146484375,1031.6400146484375,1021.1400146484375,1414800000,1023.1699829101562
2003-09-10 00:00:00,1023.1699829101562,1023.1699829101562,1009.739990234375,1582100000,1010.9199829101562
2003-09-11 00:00:00,1010.9199829101562,1020.8800048828125,1010.9199829101562,1335900000,1016.4199829101562
2003-09-12 00:00:00,1016.4199829101562,1019.6500244140625,1007.7100219726562,1236700000,1018.6300048828125
2003-09-15 00:00:00,1018.6300048828125,1019.7899780273438,1013.5900268554688,1151300000,1014.8099975585938
2003-09-16 00:00:00,1014.8099975585938,1029.6600341796875,1014.8099975585938,1403200000,1029.3199462890625
2003-09-17 00:00:00,1029.3199462890625,1031.3399658203125,1024.530029296875,1338210000,1025.969970703125
2003-09-18 00:00:00,1025.969970703125,1040.1600341796875,1025.75,1498800000,1039.5799560546875
2003-09-19 00:00:00,1039.5799560546875,1040.2900390625,1031.8900146484375,1518600000,1036.300048828125
2003-09-22 00:00:00,1036.300048828125,1036.300048828125,1018.2999877929688,1278800000,1022.8200073242188
2003-09-23 00:00:00,1022.8200073242188,1030.1199951171875,1021.5399780273438,1301700000,1029.030029296875
2003-09-24 00:00:00,1029.030029296875,1029.8299560546875,1008.9299926757812,1556000000,1009.3800048828125
2003-09-25 00:00:00,1009.3800048828125,1015.969970703125,1003.260009765625,1530000000,1003.27001953125
2003-09-26 00:00:00,1003.27001953125,1003.4500122070312,996.0800170898438,1472500000,996.8499755859375
2003-09-29 00:00:00,996.8499755859375,1006.8900146484375,995.3099975585938,1366500000,1006.5800170898438
2003-09-30 00:00:00,1006.5800170898438,1006.5800170898438,990.3599853515625,1590500000,995.969970703125
2003-10-01 00:00:00,995.969970703125,1018.219970703125,995.969970703125,1566300000,1018.219970703125
2003-10-02 00:00:00,1018.219970703125,1021.8699951171875,1013.3800048828125,1269300000,1020.239990234375
2003-10-03 00:00:00,1020.239990234375,1039.31005859375,1020.239990234375,1570500000,1029.8499755859375
2003-10-06 00:00:00,1029.8499755859375,1036.47998046875,1029.1500244140625,1025800000,1034.3499755859375
2003-10-07 00:00:00,1034.3499755859375,1039.25,1026.27001953125,1279500000,1039.25
2003-10-08 00:00:00,1039.25,1040.06005859375,1030.9599609375,1262500000,1033.780029296875
2003-10-09 00:00:00,1033.780029296875,1048.280029296875,1033.780029296875,1578700000,1038.72998046875
2003-10-10 00:00:00,1038.72998046875,1040.8399658203125,1035.739990234375,1108100000,1038.06005859375
2003-10-13 00:00:00,1038.06005859375,1048.9000244140625,1038.06005859375,1040500000,1045.3499755859375
2003-10-14 00:00:00,1045.3499755859375,1049.489990234375,1040.8399658203125,1271900000,1049.47998046875
2003-10-15 00:00:00,1049.47998046875,1053.7900390625,1043.1500244140625,1521100000,1046.760009765625
2003-10-16 00:00:00,1046.760009765625,1052.93994140625,1044.0400390625,1417700000,1050.0699462890625
2003-10-17 00:00:00,1050.0699462890625,1051.8900146484375,1036.5699462890625,1352000000,1039.3199462890625
2003-10-20 00:00:00,1039.3199462890625,1044.68994140625,1036.1300048828125,1172600000,1044.6800537109375
2003-10-21 00:00:00,1044.6800537109375,1048.5699462890625,1042.5899658203125,1498000000,1046.030029296875
2003-10-22 00:00:00,1046.030029296875,1046.030029296875,1028.3900146484375,1647200000,1030.3599853515625
2003-10-23 00:00:00,1030.3599853515625,1035.43994140625,1025.8900146484375,1604300000,1033.77001953125
2003-10-24 00:00:00,1033.77001953125,1033.77001953125,1018.3200073242188,1420300000,1028.9100341796875
2003-10-27 00:00:00,1028.9100341796875,1037.75,1028.9100341796875,1371800000,1031.1300048828125
2003-10-28 00:00:00,1031.1300048828125,1046.7900390625,1031.1300048828125,1629200000,1046.7900390625
2003-10-29 00:00:00,1046.7900390625,1049.8299560546875,1043.3499755859375,1562600000,1048.1099853515625
2003-10-30 00:00:00,1048.1099853515625,1052.81005859375,1043.8199462890625,1629700000,1046.93994140625
2003-10-31 00:00:00,1046.93994140625,1053.0899658203125,1046.93994140625,1498900000,1050.7099609375
2003-11-03 00:00:00,1050.7099609375,1061.43994140625,1050.7099609375,1378200000,1059.02001953125
2003-11-04 00:00:00,1059.02001953125,1059.02001953125,1051.699951171875,1417600000,1053.25
2003-11-05 00:00:00,1053.25,1054.5400390625,1044.8800048828125,1401800000,1051.81005859375
2003-11-06 00:00:00,1051.81005859375,1058.93994140625,1046.9300537109375,1453900000,1058.050048828125
2003-11-07 00:00:00,1058.050048828125,1062.3900146484375,1052.1700439453125,1440500000,1053.2099609375
2003-11-10 00:00:00,1053.2099609375,1053.6500244140625,1045.5799560546875,1243600000,1047.1099853515625
2003-11-11 00:00:00,1047.1099853515625,1048.22998046875,1043.4599609375,1162500000,1046.5699462890625
2003-11-12 00:00:00,1046.5699462890625,1059.0999755859375,1046.5699462890625,1349300000,1058.530029296875
2003-11-13 00:00:00,1058.56005859375,1059.6199951171875,1052.9599609375,1383000000,1058.4100341796875
2003-11-14 00:00:00,1058.4100341796875,1063.6500244140625,1048.1099853515625,1356100000,1050.3499755859375
2003-11-17 00:00:00,1050.3499755859375,1050.3499755859375,1035.280029296875,1374300000,1043.6300048828125
2003-11-18 00:00:00,1043.6300048828125,1048.77001953125,1034.0,1354300000,1034.1500244140625
2003-11-19 00:00:00,1034.1500244140625,1043.949951171875,1034.1500244140625,1326200000,1042.43994140625
2003-11-20 00:00:00,1042.43994140625,1046.47998046875,1033.4200439453125,1326700000,1033.6500244140625
2003-11-21 00:00:00,1033.6500244140625,1037.5699462890625,1031.199951171875,1273800000,1035.280029296875
2003-11-24 00:00:00,1035.280029296875,1052.0799560546875,1035.280029296875,1302800000,1052.0799560546875
2003-11-25 00:00:00,1052.0799560546875,1058.050048828125,1049.31005859375,1333700000,1053.8900146484375
2003-11-26 00:00:00,1053.8900146484375,1058.449951171875,1048.280029296875,1097700000,1058.449951171875
2003-11-28 00:00:00,1058.449951171875,1060.6300048828125,1056.77001953125,487220000,1058.199951171875
2003-12-01 00:00:00,1058.199951171875,1070.469970703125,1058.199951171875,1375000000,1070.1199951171875
2003-12-02 00:00:00,1070.1199951171875,1071.219970703125,1065.219970703125,1383200000,1066.6199951171875
2003-12-03 00:00:00,1066.6199951171875,1074.300048828125,1064.6300048828125,1441700000,1064.72998046875
2003-12-04 00:00:00,1064.72998046875,1070.3699951171875,1063.1500244140625,1463100000,1069.719970703125
2003-12-05 00:00:00,1069.719970703125,1069.719970703125,1060.0899658203125,1265900000,1061.5
2003-12-08 00:00:00,1061.5,1069.5899658203125,1060.9300537109375,1218900000,1069.300048828125
2003-12-09 00:00:00,1069.300048828125,1071.93994140625,1059.1600341796875,1465500000,1060.1800537109375
2003-12-10 00:00:00,1060.1800537109375,1063.02001953125,1053.4100341796875,1444000000,1059.050048828125
2003-12-11 00:00:00,1059.050048828125,1073.6300048828125,1059.050048828125,1441100000,1071.2099609375
2003-12-12 00:00:00,1071.2099609375,1074.760009765625,1067.6400146484375,1223100000,1074.1400146484375
2003-12-15 00:00:00,1074.1400146484375,1082.7900390625,1068.0,1520800000,1068.0400390625
2003-12-16 00:00:00,1068.0400390625,1075.93994140625,1068.0400390625,1547900000,1075.1300048828125
2003-12-17 00:00:00,1075.1300048828125,1076.5400390625,1071.1400146484375,1441700000,1076.47998046875
2003-12-18 00:00:00,1076.47998046875,1089.5,1076.47998046875,1579900000,1089.1800537109375
2003-12-19 00:00:00,1089.1800537109375,1091.06005859375,1084.18994140625,1657300000,1088.6600341796875
2003-12-22 00:00:00,1088.6600341796875,1092.93994140625,1086.1400146484375,1251700000,1092.93994140625
2003-12-23 00:00:00,1092.93994140625,1096.949951171875,1091.72998046875,1145300000,1096.02001953125
2003-12-24 00:00:00,1096.02001953125,1096.4000244140625,1092.72998046875,518060000,1094.0400390625
2003-12-26 00:00:00,1094.0400390625,1098.469970703125,1094.0400390625,356070000,1095.8900146484375
2003-12-29 00:00:00,1095.8900146484375,1109.47998046875,1095.8900146484375,1058800000,1109.47998046875
2003-12-30 00:00:00,1109.47998046875,1109.75,1106.4100341796875,1012600000,1109.6400146484375
2003-12-31 00:00:00,1109.6400146484375,1112.56005859375,1106.2099609375,1027500000,1111.9200439453125
2004-01-02 00:00:00,1111.9200439453125,1118.8499755859375,1105.0799560546875,1153200000,1108.47998046875
2004-01-05 00:00:00,1108.47998046875,1122.219970703125,1108.47998046875,1578200000,1122.219970703125
2004-01-06 00:00:00,1122.219970703125,1124.4599609375,1118.43994140625,1494500000,1123.6700439453125
2004-01-07 00:00:00,1123.6700439453125,1126.3299560546875,1116.449951171875,1704900000,1126.3299560546875
2004-01-08 00:00:00,1126.3299560546875,1131.9200439453125,1124.9100341796875,1868400000,1131.9200439453125
2004-01-09 00:00:00,1131.9200439453125,1131.9200439453125,1120.9000244140625,1720700000,1121.8599853515625
2004-01-12 00:00:00,1121.8599853515625,1127.8499755859375,1120.9000244140625,1510200000,1127.22998046875
2004-01-13 00:00:00,1127.22998046875,1129.0699462890625,1115.18994140625,1595900000,1121.219970703125
2004-01-14 00:00:00,1121.219970703125,1130.75,1121.219970703125,1514600000,1130.52001953125
2004-01-15 00:00:00,1130.52001953125,1137.1099853515625,1124.5400390625,1695000000,1132.050048828125
2004-01-16 00:00:00,1132.050048828125,1139.8299560546875,1132.050048828125,1721100000,1139.8299560546875
2004-01-20 00:00:00,1139.8299560546875,1142.9300537109375,1135.4000244140625,1698200000,1138.77001953125
2004-01-21 00:00:00,1138.77001953125,1149.2099609375,1134.6199951171875,1757600000,1147.6199951171875
2004-01-22 00:00:00,1147.6199951171875,1150.510009765625,1143.010009765625,1693700000,1143.93994140625
2004-01-23 00:00:00,1143.93994140625,1150.31005859375,1136.8499755859375,1561200000,1141.550048828125
2004-01-26 00:00:00,1141.550048828125,1155.3800048828125,1141.0,1480600000,1155.3699951171875
2004-01-27 00:00:00,1155.3699951171875,1155.3699951171875,1144.050048828125,1673100000,1144.050048828125
2004-01-28 00:00:00,1144.050048828125,1149.1400146484375,1126.5,1842000000,1128.47998046875
2004-01-29 00:00:00,1128.47998046875,1134.3900146484375,1122.3800048828125,1921900000,1134.1099853515625
2004-01-30 00:00:00,1134.1099853515625,1134.1700439453125,1127.72998046875,1635000000,1131.1300048828125
2004-02-02 00:00:00,1131.1300048828125,1142.449951171875,1127.8699951171875,1599200000,1135.260009765625
2004-02-03 00:00:00,1135.260009765625,1137.43994140625,1131.3299560546875,1476900000,1136.030029296875
2004-02-04 00:00:00,1136.030029296875,1136.030029296875,1124.739990234375,1634800000,1126.52001953125
2004-02-05 00:00:00,1126.52001953125,1131.1700439453125,1124.43994140625,1566600000,1128.5899658203125
2004-02-06 00:00:00,1128.5899658203125,1142.7900390625,1128.3900146484375,1477600000,1142.760009765625
2004-02-09 00:00:00,1142.760009765625,1144.4599609375,1139.2099609375,1303500000,1139.81005859375
2004-02-10 00:00:00,1139.81005859375,1147.02001953125,1138.699951171875,1403900000,1145.5400390625
2004-02-11 00:00:00,1145.5400390625,1158.8900146484375,1142.3299560546875,1699300000,1157.760009765625
2004-02-12 00:00:00,1157.760009765625,1157.760009765625,1151.43994140625,1464300000,1152.1099853515625
2004-02-13 00:00:00,1152.1099853515625,1156.8800048828125,1143.239990234375,1329200000,1145.81005859375
2004-02-17 00:00:00,1145.81005859375,1158.97998046875,1145.81005859375,1396500000,1156.989990234375
2004-02-18 00:00:00,1156.989990234375,1157.4000244140625,1149.5400390625,1382400000,1151.8199462890625
2004-02-19 00:00:00,1151.8199462890625,1158.5699462890625,1146.8499755859375,1562800000,1147.06005859375
2004-02-20 00:00:00,1147.06005859375,1149.81005859375,1139.0,1479600000,1144.1099853515625
2004-02-23 00:00:00,1144.1099853515625,1146.68994140625,1136.97998046875,1380400000,1140.989990234375
2004-02-24 00:00:00,1140.989990234375,1144.5400390625,1134.4300537109375,1543600000,1139.0899658203125
2004-02-25 00:00:00,1139.0899658203125,1145.239990234375,1138.9599609375,1360700000,1143.6700439453125
2004-02-26 00:00:00,1143.6700439453125,1147.22998046875,1138.6199951171875,1383900000,1144.9100341796875
2004-02-27 00:00:00,1145.800048828125,1151.6800537109375,1141.800048828125,1540400000,1144.93994140625
2004-03-01 00:00:00,1144.93994140625,1157.449951171875,1144.93994140625,1497100000,1155.969970703125
2004-03-02 00:00:00,1155.969970703125,1156.5400390625,1147.31005859375,1476000000,1149.0999755859375
2004-03-03 00:00:00,1149.0999755859375,1152.43994140625,1143.780029296875,1334500000,1151.030029296875
2004-03-04 00:00:00,1151.030029296875,1154.969970703125,1149.81005859375,1265800000,1154.8699951171875
2004-03-05 00:00:00,1154.8699951171875,1163.22998046875,1148.77001953125,1398200000,1156.8599853515625
2004-03-08 00:00:00,1156.8599853515625,1159.93994140625,1146.969970703125,1254400000,1147.199951171875
2004-03-09 00:00:00,1147.199951171875,1147.3199462890625,1136.8399658203125,1499400000,1140.5799560546875
2004-03-10 00:00:00,1140.5799560546875,1141.449951171875,1122.530029296875,1648400000,1123.8900146484375
2004-03-11 00:00:00,1123.8900146484375,1125.9599609375,1105.8699951171875,1889900000,1106.780029296875
2004-03-12 00:00:00,1106.780029296875,1120.6300048828125,1106.780029296875,1388500000,1120.5699462890625
2004-03-15 00:00:00,1120.5699462890625,1120.5699462890625,1103.3599853515625,1600600000,1104.489990234375
2004-03-16 00:00:00,1104.489990234375,1113.760009765625,1102.6099853515625,1500700000,1110.699951171875
2004-03-17 00:00:00,1110.699951171875,1125.760009765625,1110.699951171875,1490100000,1123.75
2004-03-18 00:00:00,1123.75,1125.5,1113.25,1369200000,1122.3199462890625
2004-03-19 00:00:00,1122.3199462890625,1122.719970703125,1109.68994140625,1457400000,1109.780029296875
2004-03-22 00:00:00,1109.780029296875,1109.780029296875,1089.5400390625,1452300000,1095.4000244140625
2004-03-23 00:00:00,1095.4000244140625,1101.52001953125,1091.5699462890625,1458200000,1093.949951171875
2004-03-24 00:00:00,1093.949951171875,1098.3199462890625,1087.1600341796875,1527800000,1091.3299560546875
2004-03-25 00:00:00,1091.3299560546875,1110.3800048828125,1091.3299560546875,1471700000,1109.18994140625
2004-03-26 00:00:00,1109.18994140625,1115.27001953125,1106.1300048828125,1319100000,1108.06005859375
2004-03-29 00:00:00,1108.06005859375,1124.3699951171875,1108.06005859375,1405500000,1122.469970703125
2004-03-30 00:00:00,1122.469970703125,1127.5999755859375,1119.6600341796875,1332400000,1127.0
2004-03-31 00:00:00,1127.0,1130.8299560546875,1121.4599609375,1560700000,1126.2099609375
2004-04-01 00:00:00,1126.2099609375,1135.6700439453125,1126.199951171875,1560700000,1132.1700439453125
2004-04-02 00:00:00,1132.1700439453125,1144.81005859375,1132.1700439453125,1629200000,1141.81005859375
2004-04-05 00:00:00,1141.81005859375,1150.5699462890625,1141.6400146484375,1413700000,1150.5699462890625
2004-04-06 00:00:00,1150.5699462890625,1150.5699462890625,1143.300048828125,1397700000,1148.1600341796875
2004-04-07 00:00:00,1148.1600341796875,1148.1600341796875,1138.4100341796875,1458800000,1140.530029296875
2004-04-08 00:00:00,1140.530029296875,1148.969970703125,1134.52001953125,1199800000,1139.3199462890625
2004-04-12 00:00:00,1139.3199462890625,1147.2900390625,1139.3199462890625,1102400000,1145.199951171875
2004-04-13 00:00:00,1145.199951171875,1147.780029296875,1127.699951171875,1423200000,1129.43994140625
2004-04-14 00:00:00,1129.43994140625,1132.52001953125,1122.1500244140625,1547700000,1128.1700439453125
2004-04-15 00:00:00,1128.1700439453125,1134.0799560546875,1120.75,1568700000,1128.8399658203125
2004-04-16 00:00:00,1128.8399658203125,1136.800048828125,1126.9000244140625,1487800000,1134.6099853515625
2004-04-19 00:00:00,1134.56005859375,1136.1800537109375,1129.8399658203125,1194900000,1135.8199462890625
2004-04-20 00:00:00,1135.8199462890625,1139.260009765625,1118.0899658203125,1508500000,1118.1500244140625
2004-04-21 00:00:00,1118.1500244140625,1125.719970703125,1116.030029296875,1738100000,1124.0899658203125
2004-04-22 00:00:00,1124.0899658203125,1142.77001953125,1121.949951171875,1826700000,1139.9300537109375
2004-04-23 00:00:00,1139.9300537109375,1141.9200439453125,1134.81005859375,1396100000,1140.5999755859375
2004-04-26 00:00:00,1140.5999755859375,1145.0799560546875,1132.9100341796875,1290600000,1135.530029296875
2004-04-27 00:00:00,1135.530029296875,1146.56005859375,1135.530029296875,1518000000,1138.1099853515625
2004-04-28 00:00:00,1138.1099853515625,1138.1099853515625,1121.699951171875,1855600000,1122.4100341796875
2004-04-29 00:00:00,1122.4100341796875,1128.800048828125,1108.0400390625,1859000000,1113.8900146484375
2004-04-30 00:00:00,1113.8900146484375,1119.260009765625,1107.22998046875,1634700000,1107.300048828125
2004-05-03 00:00:00,1107.300048828125,1118.719970703125,1107.300048828125,1571600000,1117.489990234375
2004-05-04 00:00:00,1117.489990234375,1127.739990234375,1112.8900146484375,1662100000,1119.550048828125
2004-05-05 00:00:00,1119.550048828125,1125.0699462890625,1117.9000244140625,1469000000,1121.530029296875
2004-05-06 00:00:00,1121.530029296875,1121.530029296875,1106.300048828125,1509300000,1113.989990234375
2004-05-07 00:00:00,1113.989990234375,1117.300048828125,1098.6300048828125,1653600000,1098.699951171875
2004-05-10 00:00:00,1098.699951171875,1098.699951171875,1079.6300048828125,1918400000,1087.1199951171875
2004-05-11 00:00:00,1087.1199951171875,1095.68994140625,1087.1199951171875,1533800000,1095.449951171875
2004-05-12 00:00:00,1095.449951171875,1097.550048828125,1076.3199462890625,1697600000,1097.280029296875
2004-05-13 00:00:00,1097.280029296875,1102.77001953125,1091.760009765625,1411100000,1096.43994140625
2004-05-14 00:00:00,1096.43994140625,1102.0999755859375,1088.239990234375,1335900000,1095.699951171875
2004-05-17 00:00:00,1095.699951171875,1095.699951171875,1079.3599853515625,1430100000,1084.0999755859375
2004-05-18 00:00:00,1084.0999755859375,1094.0999755859375,1084.0999755859375,1353000000,1091.489990234375
2004-05-19 00:00:00,1091.489990234375,1105.9300537109375,1088.489990234375,1548600000,1088.6800537109375
2004-05-20 00:00:00,1088.6800537109375,1092.6199951171875,1085.4300537109375,1211000000,1089.18994140625
2004-05-21 00:00:00,1089.18994140625,1099.6400146484375,1089.18994140625,1258600000,1093.56005859375
2004-05-24 00:00:00,1093.56005859375,1101.280029296875,1091.77001953125,1227500000,1095.4100341796875
2004-05-25 00:00:00,1095.4100341796875,1113.800048828125,1090.739990234375,1545700000,1113.050048828125
2004-05-26 00:00:00,1113.050048828125,1116.7099609375,1109.9100341796875,1369400000,1114.93994140625
2004-05-27 00:00:00,1114.93994140625,1123.949951171875,1114.8599853515625,1447500000,1121.280029296875
2004-05-28 00:00:00,1121.280029296875,1122.68994140625,1118.0999755859375,1172600000,1120.6800537109375
2004-06-01 00:00:00,1120.6800537109375,1122.699951171875,1113.3199462890625,1238000000,1121.199951171875
2004-06-02 00:00:00,1121.199951171875,1128.0999755859375,1118.6400146484375,1251700000,1124.989990234375
2004-06-03 00:00:00,1124.989990234375,1125.31005859375,1116.5699462890625,1232400000,1116.6400146484375
2004-06-04 00:00:00,1116.6400146484375,1129.1700439453125,1116.6400146484375,1115300000,1122.5
2004-06-07 00:00:00,1122.5,1140.5400390625,1122.5,1211800000,1140.4200439453125
2004-06-08 00:00:00,1140.4200439453125,1142.1800537109375,1135.449951171875,1190300000,1142.1800537109375
2004-06-09 00:00:00,1142.1800537109375,1142.1800537109375,1131.1700439453125,1276800000,1131.3299560546875
2004-06-10 00:00:00,1131.3299560546875,1136.469970703125,1131.3299560546875,1160600000,1136.469970703125
2004-06-14 00:00:00,1136.469970703125,1136.469970703125,1122.1600341796875,1179400000,1125.2900390625
2004-06-15 00:00:00,1125.2900390625,1137.3599853515625,1125.2900390625,1345900000,1132.010009765625
2004-06-16 00:00:00,1132.010009765625,1135.280029296875,1130.550048828125,1168400000,1133.56005859375
2004-06-17 00:00:00,1133.56005859375,1133.56005859375,1126.8900146484375,1296700000,1132.050048828125
2004-06-18 00:00:00,1132.050048828125,1138.9599609375,1129.8299560546875,1500600000,1135.02001953125
2004-06-21 00:00:00,1135.02001953125,1138.050048828125,1129.6400146484375,1123900000,1130.300048828125
2004-06-22 00:00:00,1130.300048828125,1135.050048828125,1124.3699951171875,1382300000,1134.4100341796875
2004-06-23 00:00:00,1134.4100341796875,1145.1500244140625,1131.72998046875,1444200000,1144.06005859375
2004-06-24 00:00:00,1144.06005859375,1146.3399658203125,1139.93994140625,1394900000,1140.6500244140625
2004-06-25 00:00:00,1140.6500244140625,1145.969970703125,1134.239990234375,1812900000,1134.4300537109375
2004-06-28 00:00:00,1134.4300537109375,1142.5999755859375,1131.719970703125,1354600000,1133.3499755859375
2004-06-29 00:00:00,1133.3499755859375,1138.260009765625,1131.81005859375,1375000000,1136.199951171875
2004-06-30 00:00:00,1136.199951171875,1144.199951171875,1133.6199951171875,1473800000,1140.8399658203125
2004-07-01 00:00:00,1140.8399658203125,1140.8399658203125,1123.06005859375,1495700000,1128.93994140625
2004-07-02 00:00:00,1128.93994140625,1129.1500244140625,1123.260009765625,1085000000,1125.3800048828125
2004-07-06 00:00:00,1125.3800048828125,1125.3800048828125,1113.2099609375,1283300000,1116.2099609375
2004-07-07 00:00:00,1116.2099609375,1122.3699951171875,1114.9200439453125,1328600000,1118.3299560546875
2004-07-08 00:00:00,1118.3299560546875,1119.1199951171875,1108.719970703125,1401100000,1109.1099853515625
2004-07-09 00:00:00,1109.1099853515625,1115.5699462890625,1109.1099853515625,1186300000,1112.81005859375
2004-07-12 00:00:00,1112.81005859375,1116.1099853515625,1106.7099609375,1114600000,1114.3499755859375
2004-07-13 00:00:00,1114.3499755859375,1116.300048828125,1112.989990234375,1199700000,1115.1400146484375
2004-07-14 00:00:00,1115.1400146484375,1119.5999755859375,1107.8299560546875,1462000000,1111.469970703125
2004-07-15 00:00:00,1111.469970703125,1114.6300048828125,1106.6700439453125,1408700000,1106.68994140625
2004-07-16 00:00:00,1106.68994140625,1112.1700439453125,1101.0699462890625,1450300000,1101.3900146484375
2004-07-19 00:00:00,1101.3900146484375,1105.52001953125,1096.550048828125,1319900000,1100.9000244140625
2004-07-20 00:00:00,1100.9000244140625,1108.8800048828125,1099.0999755859375,1445800000,1108.6700439453125
2004-07-21 00:00:00,1108.6700439453125,1116.27001953125,1093.8800048828125,1679500000,1093.8800048828125
2004-07-22 00:00:00,1093.8800048828125,1099.6600341796875,1084.1600341796875,1680800000,1096.8399658203125
2004-07-23 00:00:00,1096.8399658203125,1096.8399658203125,1083.56005859375,1337500000,1086.199951171875
2004-07-26 00:00:00,1086.199951171875,1089.8199462890625,1078.780029296875,1413400000,1084.0699462890625
2004-07-27 00:00:00,1084.0699462890625,1096.6500244140625,1084.0699462890625,1610800000,1094.8299560546875
2004-07-28 00:00:00,1094.8299560546875,1098.8399658203125,1082.1700439453125,1554300000,1095.4200439453125
2004-07-29 00:00:00,1095.4200439453125,1103.510009765625,1095.4200439453125,1530100000,1100.4300537109375
2004-07-30 00:00:00,1100.4300537109375,1103.72998046875,1096.9599609375,1298200000,1101.719970703125
2004-08-02 00:00:00,1101.719970703125,1108.5999755859375,1097.3399658203125,1276000000,1106.6199951171875
2004-08-03 00:00:00,1106.6199951171875,1106.6199951171875,1099.260009765625,1338300000,1099.68994140625
2004-08-04 00:00:00,1099.68994140625,1102.449951171875,1092.4000244140625,1369200000,1098.6300048828125
2004-08-05 00:00:00,1098.6300048828125,1098.7900390625,1079.97998046875,1397400000,1080.699951171875
2004-08-06 00:00:00,1080.699951171875,1080.699951171875,1062.22998046875,1521000000,1063.969970703125
2004-08-09 00:00:00,1063.969970703125,1069.4599609375,1063.969970703125,1086000000,1065.219970703125
2004-08-10 00:00:00,1065.219970703125,1079.0400390625,1065.219970703125,1245600000,1079.0400390625
2004-08-11 00:00:00,1079.0400390625,1079.0400390625,1065.9200439453125,1410400000,1075.7900390625
2004-08-12 00:00:00,1075.7900390625,1075.7900390625,1062.8199462890625,1405100000,1063.22998046875
2004-08-13 00:00:00,1063.22998046875,1067.5799560546875,1060.719970703125,1175100000,1064.800048828125
2004-08-16 00:00:00,1064.800048828125,1080.6600341796875,1064.800048828125,1206200000,1079.3399658203125
2004-08-17 00:00:00,1079.3399658203125,1086.780029296875,1079.3399658203125,1267800000,1081.7099609375
2004-08-18 00:00:00,1081.7099609375,1095.1700439453125,1078.9300537109375,1282500000,1095.1700439453125
2004-08-19 00:00:00,1095.1700439453125,1095.1700439453125,1086.280029296875,1249400000,1091.22998046875
2004-08-20 00:00:00,1091.22998046875,1100.260009765625,1089.5699462890625,1199900000,1098.3499755859375
2004-08-23 00:00:00,1098.3499755859375,1101.4000244140625,1094.72998046875,1021900000,1095.6800537109375
2004-08-24 00:00:00,1095.6800537109375,1100.93994140625,1092.8199462890625,1092500000,1096.18994140625
2004-08-25 00:00:00,1096.18994140625,1106.2900390625,1093.239990234375,1192200000,1104.9599609375
2004-08-26 00:00:00,1104.9599609375,1106.780029296875,1102.4599609375,1023600000,1105.0899658203125
2004-08-27 00:00:00,1105.0899658203125,1109.6800537109375,1104.6199951171875,845400000,1107.77001953125
2004-08-30 00:00:00,1107.77001953125,1107.77001953125,1099.1500244140625,843100000,1099.1500244140625
2004-08-31 00:00:00,1099.1500244140625,1104.239990234375,1094.719970703125,1138200000,1104.239990234375
2004-09-01 00:00:00,1104.239990234375,1109.239990234375,1099.1800537109375,1142100000,1105.9100341796875
2004-09-02 00:00:00,1105.9100341796875,1119.1099853515625,1105.5999755859375,1118400000,1118.31005859375
2004-09-03 00:00:00,1118.31005859375,1120.800048828125,1113.5699462890625,924170000,1113.6300048828125
2004-09-07 00:00:00,1113.6300048828125,1124.0799560546875,1113.6300048828125,1214400000,1121.300048828125
2004-09-08 00:00:00,1121.300048828125,1123.050048828125,1116.27001953125,1246300000,1116.27001953125
2004-09-09 00:00:00,1116.27001953125,1121.300048828125,1113.6199951171875,1371300000,1118.3800048828125
2004-09-10 00:00:00,1118.3800048828125,1125.260009765625,1114.3900146484375,1261200000,1123.9200439453125
2004-09-13 00:00:00,1123.9200439453125,1129.780029296875,1123.3499755859375,1299800000,1125.8199462890625
2004-09-14 00:00:00,1125.8199462890625,1129.4599609375,1124.719970703125,1204500000,1128.3299560546875
2004-09-15 00:00:00,1128.3299560546875,1128.3299560546875,1119.8199462890625,1256000000,1120.3699951171875
2004-09-16 00:00:00,1120.3699951171875,1126.06005859375,1120.3699951171875,1113900000,1123.5
2004-09-17 00:00:00,1123.5,1130.1400146484375,1123.5,1422600000,1128.550048828125
2004-09-20 00:00:00,1128.550048828125,1128.550048828125,1120.3399658203125,1197600000,1122.199951171875
2004-09-21 00:00:00,1122.199951171875,1131.5400390625,1122.199951171875,1325000000,1129.300048828125
2004-09-22 00:00:00,1129.300048828125,1129.300048828125,1112.6700439453125,1379900000,1113.56005859375
2004-09-23 00:00:00,1113.56005859375,1113.6099853515625,1108.050048828125,1286300000,1108.3599853515625
2004-09-24 00:00:00,1108.3599853515625,1113.81005859375,1108.3599853515625,1255400000,1110.1099853515625
2004-09-27 00:00:00,1110.1099853515625,1110.1099853515625,1103.239990234375,1263500000,1103.52001953125
2004-09-28 00:00:00,1103.52001953125,1111.77001953125,1101.2900390625,1396600000,1110.06005859375
2004-09-29 00:00:00,1110.06005859375,1114.800048828125,1107.4200439453125,1402900000,1114.800048828125
2004-09-30 00:00:00,1114.800048828125,1116.31005859375,1109.6800537109375,1748000000,1114.5799560546875
2004-10-01 00:00:00,1114.5799560546875,1131.6400146484375,1114.5799560546875,1582200000,1131.5
2004-10-04 00:00:00,1131.5,1140.1300048828125,1131.5,1534000000,1135.1700439453125
2004-10-05 00:00:00,1135.1700439453125,1137.8699951171875,1132.030029296875,1418400000,1134.47998046875
2004-10-06 00:00:00,1134.47998046875,1142.050048828125,1132.93994140625,1416700000,1142.050048828125
2004-10-07 00:00:00,1142.050048828125,1142.050048828125,1130.5,1447500000,1130.6500244140625
2004-10-08 00:00:00,1130.6500244140625,1132.9200439453125,1120.18994140625,1291600000,1122.1400146484375
2004-10-11 00:00:00,1122.1400146484375,1126.199951171875,1122.1400146484375,943800000,1124.3900146484375
2004-10-12 00:00:00,1124.3900146484375,1124.3900146484375,1115.77001953125,1320100000,1121.8399658203125
2004-10-13 00:00:00,1121.8399658203125,1127.010009765625,1109.6300048828125,1546200000,1113.6500244140625
2004-10-14 00:00:00,1113.6500244140625,1114.9599609375,1102.06005859375,1489500000,1103.2900390625
2004-10-15 00:00:00,1103.2900390625,1113.1700439453125,1102.1400146484375,1645100000,1108.199951171875
2004-10-18 00:00:00,1108.199951171875,1114.4599609375,1103.3299560546875,1373300000,1114.02001953125
2004-10-19 00:00:00,1114.02001953125,1117.9599609375,1103.1500244140625,1737500000,1103.22998046875
2004-10-20 00:00:00,1103.22998046875,1104.0899658203125,1094.25,1685700000,1103.6600341796875
2004-10-21 00:00:00,1103.6600341796875,1108.8699951171875,1098.469970703125,1673000000,1106.489990234375
2004-10-22 00:00:00,1106.489990234375,1108.1400146484375,1095.469970703125,1469600000,1095.739990234375
2004-10-25 00:00:00,1095.739990234375,1096.81005859375,1090.2900390625,1380500000,1094.800048828125
2004-10-26 00:00:00,1094.81005859375,1111.0999755859375,1094.81005859375,1685400000,1111.0899658203125
2004-10-27 00:00:00,1111.0899658203125,1126.2900390625,1107.4300537109375,1741900000,1125.4000244140625
2004-10-28 00:00:00,1125.3399658203125,1130.6700439453125,1120.5999755859375,1628200000,1127.43994140625
2004-10-29 00:00:00,1127.43994140625,1131.4000244140625,1124.6199951171875,1500800000,1130.199951171875
2004-11-01 00:00:00,1130.199951171875,1133.4100341796875,1127.5999755859375,1395900000,1130.510009765625
2004-11-02 00:00:00,1130.510009765625,1140.47998046875,1128.1199951171875,1659000000,1130.56005859375
2004-11-03 00:00:00,1130.5400390625,1147.5699462890625,1130.5400390625,1767500000,1143.199951171875
2004-11-04 00:00:00,1143.199951171875,1161.6700439453125,1142.3399658203125,1782700000,1161.6700439453125
2004-11-05 00:00:00,1161.6700439453125,1170.8699951171875,1160.6600341796875,1724400000,1166.1700439453125
2004-11-08 00:00:00,1166.1700439453125,1166.77001953125,1162.3199462890625,1358700000,1164.8900146484375
2004-11-09 00:00:00,1164.8900146484375,1168.9599609375,1162.47998046875,1450800000,1164.0799560546875
2004-11-10 00:00:00,1164.0799560546875,1169.25,1162.510009765625,1504300000,1162.9100341796875
2004-11-11 00:00:00,1162.9100341796875,1174.800048828125,1162.9100341796875,1393000000,1173.47998046875
2004-11-12 00:00:00,1173.47998046875,1184.1700439453125,1171.4300537109375,1531600000,1184.1700439453125
2004-11-15 00:00:00,1184.1700439453125,1184.47998046875,1179.8499755859375,1453300000,1183.81005859375
2004-11-16 00:00:00,1183.81005859375,1183.81005859375,1175.3199462890625,1364400000,1175.4300537109375
2004-11-17 00:00:00,1175.4300537109375,1188.4599609375,1175.4300537109375,1684200000,1181.93994140625
2004-11-18 00:00:00,1181.93994140625,1184.9000244140625,1180.1500244140625,1456700000,1183.550048828125
2004-11-19 00:00:00,1183.550048828125,1184.0,1169.18994140625,1526600000,1170.3399658203125
2004-11-22 00:00:00,1170.3399658203125,1178.1800537109375,1167.8900146484375,1392700000,1177.239990234375
2004-11-23 00:00:00,1177.239990234375,1179.52001953125,1171.4100341796875,1428300000,1176.93994140625
2004-11-24 00:00:00,1176.93994140625,1182.4599609375,1176.93994140625,1149600000,1181.760009765625
2004-11-26 00:00:00,1181.760009765625,1186.6199951171875,1181.0799560546875,504580000,1182.6500244140625
2004-11-29 00:00:00,1182.6500244140625,1186.93994140625,1172.3699951171875,1378500000,1178.5699462890625
2004-11-30 00:00:00,1178.5699462890625,1178.6600341796875,1173.81005859375,1553500000,1173.8199462890625
2004-12-01 00:00:00,1173.780029296875,1191.3699951171875,1173.780029296875,1772800000,1191.3699951171875
2004-12-02 00:00:00,1191.3699951171875,1194.800048828125,1186.719970703125,1774900000,1190.3299560546875
2004-12-03 00:00:00,1190.3299560546875,1197.4599609375,1187.7099609375,1566700000,1191.1700439453125
2004-12-06 00:00:00,1191.1700439453125,1192.4100341796875,1185.1800537109375,1354400000,1190.25
2004-12-07 00:00:00,1190.25,1192.1700439453125,1177.0699462890625,1533900000,1177.0699462890625
2004-12-08 00:00:00,1177.0699462890625,1184.050048828125,1177.0699462890625,1525200000,1182.81005859375
2004-12-09 00:00:00,1182.81005859375,1190.510009765625,1173.7900390625,1624700000,1189.239990234375
2004-12-10 00:00:00,1189.239990234375,1191.449951171875,1185.239990234375,1443700000,1188.0
2004-12-13 00:00:00,1188.0,1198.739990234375,1188.0,1436100000,1198.6800537109375
2004-12-14 00:00:00,1198.6800537109375,1205.2900390625,1197.8399658203125,1544400000,1203.3800048828125
2004-12-15 00:00:00,1203.3800048828125,1206.6099853515625,1199.43994140625,1695800000,1205.719970703125
2004-12-16 00:00:00,1205.719970703125,1207.969970703125,1198.4100341796875,1793900000,1203.2099609375
2004-12-17 00:00:00,1203.2099609375,1203.2099609375,1193.489990234375,2335000000,1194.199951171875
2004-12-20 00:00:00,1194.199951171875,1203.4300537109375,1193.3599853515625,1422800000,1194.6500244140625
2004-12-21 00:00:00,1194.6500244140625,1205.9300537109375,1194.6500244140625,1483700000,1205.449951171875
2004-12-22 00:00:00,1205.449951171875,1211.4200439453125,1203.8499755859375,1390800000,1209.5699462890625
2004-12-23 00:00:00,1209.5699462890625,1213.6600341796875,1208.7099609375,956100000,1210.1300048828125
2004-12-27 00:00:00,1210.1300048828125,1214.1300048828125,1204.9200439453125,922000000,1204.9200439453125
2004-12-28 00:00:00,1204.9200439453125,1213.5400390625,1204.9200439453125,983000000,1213.5400390625
2004-12-29 00:00:00,1213.5400390625,1213.8499755859375,1210.949951171875,925900000,1213.449951171875
2004-12-30 00:00:00,1213.449951171875,1216.469970703125,1213.4100341796875,829800000,1213.550048828125
2004-12-31 00:00:00,1213.550048828125,1217.3299560546875,1211.6500244140625,786900000,1211.9200439453125
2005-01-03 00:00:00,1211.9200439453125,1217.800048828125,1200.3199462890625,1510800000,1202.0799560546875
2005-01-04 00:00:00,1202.0799560546875,1205.8399658203125,1185.3900146484375,1721000000,1188.050048828125
2005-01-05 00:00:00,1188.050048828125,1192.72998046875,1183.719970703125,1738900000,1183.739990234375
2005-01-06 00:00:00,1183.739990234375,1191.6300048828125,1183.27001953125,1569100000,1187.8900146484375
2005-01-07 00:00:00,1187.8900146484375,1192.199951171875,1182.1600341796875,1477900000,1186.18994140625
2005-01-10 00:00:00,1186.18994140625,1194.780029296875,1184.800048828125,1490400000,1190.25
2005-01-11 00:00:00,1190.25,1190.25,1180.4300537109375,1488800000,1182.989990234375
2005-01-12 00:00:00,1182.989990234375,1187.9200439453125,1175.6400146484375,1562100000,1187.699951171875
2005-01-13 00:00:00,1187.699951171875,1187.699951171875,1175.81005859375,1510300000,1177.449951171875
2005-01-14 00:00:00,1177.449951171875,1185.2099609375,1177.449951171875,1335400000,1184.52001953125
2005-01-18 00:00:00,1184.52001953125,1195.97998046875,1180.0999755859375,1596800000,1195.97998046875
2005-01-19 00:00:00,1195.97998046875,1195.97998046875,1184.4100341796875,1498700000,1184.6300048828125
2005-01-20 00:00:00,1184.6300048828125,1184.6300048828125,1173.4200439453125,1692000000,1175.4100341796875
2005-01-21 00:00:00,1175.4100341796875,1179.449951171875,1167.8199462890625,1643500000,1167.8699951171875
2005-01-24 00:00:00,1167.8699951171875,1173.030029296875,1163.75,1494600000,1163.75
2005-01-25 00:00:00,1163.75,1174.300048828125,1163.75,1610400000,1168.4100341796875
2005-01-26 00:00:00,1168.4100341796875,1175.9599609375,1168.4100341796875,1635900000,1174.0699462890625
2005-01-27 00:00:00,1174.0699462890625,1177.5,1170.1500244140625,1600600000,1174.550048828125
2005-01-28 00:00:00,1174.550048828125,1175.6099853515625,1166.25,1641800000,1171.3599853515625
2005-01-31 00:00:00,1171.3599853515625,1182.0699462890625,1171.3599853515625,1679800000,1181.27001953125
2005-02-01 00:00:00,1181.27001953125,1190.3900146484375,1180.949951171875,1681980000,1189.4100341796875
2005-02-02 00:00:00,1189.4100341796875,1195.25,1188.9200439453125,1561740000,1193.18994140625
2005-02-03 00:00:00,1193.18994140625,1193.18994140625,1185.6400146484375,1554460000,1189.8900146484375
2005-02-04 00:00:00,1189.8900146484375,1203.469970703125,1189.6700439453125,1648160000,1203.030029296875
2005-02-07 00:00:00,1203.030029296875,1204.1500244140625,1199.27001953125,1347270000,1201.719970703125
2005-02-08 00:00:00,1201.719970703125,1205.1099853515625,1200.1600341796875,1416170000,1202.300048828125
2005-02-09 00:00:00,1202.300048828125,1203.8299560546875,1191.5400390625,1511040000,1191.989990234375
2005-02-10 00:00:00,1191.989990234375,1198.75,1191.5400390625,1491670000,1197.010009765625
2005-02-11 00:00:00,1197.010009765625,1208.3800048828125,1193.280029296875,1562300000,1205.300048828125
2005-02-14 00:00:00,1205.300048828125,1206.9300537109375,1203.5899658203125,1290180000,1206.1400146484375
2005-02-15 00:00:00,1206.1400146484375,1212.43994140625,1205.52001953125,1527080000,1210.1199951171875
2005-02-16 00:00:00,1210.1199951171875,1212.43994140625,1205.06005859375,1490100000,1210.3399658203125
2005-02-17 00:00:00,1210.3399658203125,1211.3299560546875,1200.739990234375,1580120000,1200.75
2005-02-18 00:00:00,1200.75,1202.9200439453125,1197.3499755859375,1551200000,1201.5899658203125
2005-02-22 00:00:00,1201.5899658203125,1202.47998046875,1184.1600341796875,1744940000,1184.1600341796875
2005-02-23 00:00:00,1184.1600341796875,1193.52001953125,1184.1600341796875,1501090000,1190.800048828125
2005-02-24 00:00:00,1190.800048828125,1200.4200439453125,1187.800048828125,1518750000,1200.199951171875
2005-02-25 00:00:00,1200.199951171875,1212.1500244140625,1199.6099853515625,1523680000,1211.3699951171875
2005-02-28 00:00:00,1211.3699951171875,1211.3699951171875,1198.1300048828125,1795480000,1203.5999755859375
2005-03-01 00:00:00,1203.5999755859375,1212.25,1203.5999755859375,1708060000,1210.4100341796875
2005-03-02 00:00:00,1210.4100341796875,1215.7900390625,1204.219970703125,1568540000,1210.0799560546875
2005-03-03 00:00:00,1210.0799560546875,1215.719970703125,1204.449951171875,1616240000,1210.469970703125
2005-03-04 00:00:00,1210.469970703125,1224.760009765625,1210.469970703125,1636820000,1222.1199951171875
2005-03-07 00:00:00,1222.1199951171875,1229.1099853515625,1222.1199951171875,1488830000,1225.31005859375
2005-03-08 00:00:00,1225.31005859375,1225.68994140625,1218.5699462890625,1523090000,1219.4300537109375
2005-03-09 00:00:00,1219.4300537109375,1219.4300537109375,1206.6600341796875,1704970000,1207.010009765625
2005-03-10 00:00:00,1207.010009765625,1211.22998046875,1201.4100341796875,1604020000,1209.25
2005-03-11 00:00:00,1209.25,1213.0400390625,1198.1500244140625,1449820000,1200.0799560546875
2005-03-14 00:00:00,1200.0799560546875,1206.8299560546875,1199.510009765625,1437430000,1206.8299560546875
2005-03-15 00:00:00,1206.8299560546875,1210.5400390625,1197.75,1513530000,1197.75
2005-03-16 00:00:00,1197.75,1197.75,1185.6099853515625,1653190000,1188.0699462890625
2005-03-17 00:00:00,1188.0699462890625,1193.280029296875,1186.3399658203125,1581930000,1190.2099609375
2005-03-18 00:00:00,1190.2099609375,1191.97998046875,1182.780029296875,2344370000,1189.6500244140625
2005-03-21 00:00:00,1189.6500244140625,1189.6500244140625,1178.8199462890625,1819440000,1183.780029296875
2005-03-22 00:00:00,1183.780029296875,1189.5899658203125,1171.6300048828125,2114470000,1171.7099609375
2005-03-23 00:00:00,1171.7099609375,1176.260009765625,1168.699951171875,2246870000,1172.530029296875
2005-03-24 00:00:00,1172.530029296875,1180.1099853515625,1171.4200439453125,1721720000,1171.4200439453125
2005-03-28 00:00:00,1171.4200439453125,1179.9100341796875,1171.4200439453125,1746220000,1174.280029296875
2005-03-29 00:00:00,1174.280029296875,1179.3900146484375,1163.68994140625,2223250000,1165.3599853515625
2005-03-30 00:00:00,1165.3599853515625,1181.5400390625,1165.3599853515625,2097110000,1181.4100341796875
2005-03-31 00:00:00,1181.4100341796875,1184.530029296875,1179.489990234375,2214230000,1180.5899658203125
2005-04-01 00:00:00,1180.5899658203125,1189.800048828125,1169.9100341796875,2168690000,1172.9200439453125
2005-04-04 00:00:00,1172.7900390625,1178.6099853515625,1167.719970703125,2079770000,1176.1199951171875
2005-04-05 00:00:00,1176.1199951171875,1183.56005859375,1176.1199951171875,1870800000,1181.3900146484375
2005-04-06 00:00:00,1181.3900146484375,1189.3399658203125,1181.3900146484375,1797400000,1184.0699462890625
2005-04-07 00:00:00,1184.0699462890625,1191.8800048828125,1183.81005859375,1900620000,1191.1400146484375
2005-04-08 00:00:00,1191.1400146484375,1191.75,1181.1300048828125,1661330000,1181.199951171875
2005-04-11 00:00:00,1181.199951171875,1184.0699462890625,1178.68994140625,1525310000,1181.2099609375
2005-04-12 00:00:00,1181.2099609375,1190.1700439453125,1170.8499755859375,1979830000,1187.760009765625
2005-04-13 00:00:00,1187.760009765625,1187.760009765625,1171.4000244140625,2049740000,1173.7900390625
2005-04-14 00:00:00,1173.7900390625,1174.6700439453125,1161.699951171875,2355040000,1162.050048828125
2005-04-15 00:00:00,1162.050048828125,1162.050048828125,1141.9200439453125,2689960000,1142.6199951171875
2005-04-18 00:00:00,1142.6199951171875,1148.9200439453125,1139.800048828125,2180670000,1145.97998046875
2005-04-19 00:00:00,1145.97998046875,1154.6700439453125,1145.97998046875,2142700000,1152.780029296875
2005-04-20 00:00:00,1152.780029296875,1155.5,1136.1500244140625,2217050000,1137.5
2005-04-21 00:00:00,1137.5,1159.949951171875,1137.5,2308560000,1159.949951171875
2005-04-22 00:00:00,1159.949951171875,1159.949951171875,1142.949951171875,2045880000,1152.1199951171875
2005-04-25 00:00:00,1152.1199951171875,1164.050048828125,1152.1199951171875,1795030000,1162.0999755859375
2005-04-26 00:00:00,1162.0999755859375,1164.800048828125,1151.8299560546875,1959740000,1151.8299560546875
2005-04-27 00:00:00,1151.739990234375,1159.8699951171875,1144.4200439453125,2151520000,1156.3800048828125
2005-04-28 00:00:00,1156.3800048828125,1156.3800048828125,1143.219970703125,2182270000,1143.219970703125
2005-04-29 00:00:00,1143.219970703125,1156.969970703125,1139.18994140625,2362360000,1156.8499755859375
2005-05-02 00:00:00,1156.8499755859375,1162.8699951171875,1154.7099609375,1980040000,1162.1600341796875
2005-05-03 00:00:00,1162.1600341796875,1166.8900146484375,1156.7099609375,2167020000,1161.1700439453125
2005-05-04 00:00:00,1161.1700439453125,1176.010009765625,1161.1700439453125,2306480000,1175.6500244140625
2005-05-05 00:00:00,1175.6500244140625,1178.6199951171875,1166.77001953125,1997100000,1172.6300048828125
2005-05-06 00:00:00,1172.6300048828125,1177.75,1170.5,1707200000,1171.3499755859375
2005-05-09 00:00:00,1171.3499755859375,1178.8699951171875,1169.3800048828125,1857020000,1178.8399658203125
2005-05-10 00:00:00,1178.8399658203125,1178.8399658203125,1162.97998046875,1889660000,1166.219970703125
2005-05-11 00:00:00,1166.219970703125,1171.77001953125,1157.7099609375,1834970000,1171.1099853515625
2005-05-12 00:00:00,1171.1099853515625,1173.3699951171875,1157.760009765625,1995290000,1159.3599853515625
2005-05-13 00:00:00,1159.3599853515625,1163.75,1146.1800537109375,2188590000,1154.050048828125
2005-05-16 00:00:00,1154.050048828125,1165.75,1153.6400146484375,1856860000,1165.68994140625
2005-05-17 00:00:00,1165.68994140625,1174.3499755859375,1159.8599853515625,1887260000,1173.800048828125
2005-05-18 00:00:00,1173.800048828125,1187.9000244140625,1173.800048828125,2266320000,1185.56005859375
2005-05-19 00:00:00,1185.56005859375,1191.0899658203125,1184.489990234375,1775860000,1191.0799560546875
2005-05-20 00:00:00,1191.0799560546875,1191.219970703125,1185.18994140625,1631750000,1189.280029296875
2005-05-23 00:00:00,1189.280029296875,1197.43994140625,1188.760009765625,1681170000,1193.8599853515625
2005-05-24 00:00:00,1193.8599853515625,1195.2900390625,1189.8699951171875,1681000000,1194.0699462890625
2005-05-25 00:00:00,1194.0699462890625,1194.0699462890625,1185.9599609375,1742180000,1190.010009765625
2005-05-26 00:00:00,1190.010009765625,1198.949951171875,1190.010009765625,1654110000,1197.6199951171875
2005-05-27 00:00:00,1197.6199951171875,1199.56005859375,1195.280029296875,1381430000,1198.780029296875
2005-05-31 00:00:00,1198.780029296875,1198.780029296875,1191.5,1840680000,1191.5
2005-06-01 00:00:00,1191.5,1205.6400146484375,1191.030029296875,1810100000,1202.219970703125
2005-06-02 00:00:00,1202.27001953125,1204.6700439453125,1198.4200439453125,1813790000,1204.2900390625
2005-06-03 00:00:00,1204.2900390625,1205.0899658203125,1194.550048828125,1627520000,1196.02001953125
2005-06-06 00:00:00,1196.02001953125,1198.780029296875,1192.75,1547120000,1197.510009765625
2005-06-07 00:00:00,1197.510009765625,1208.8499755859375,1197.260009765625,1851370000,1197.260009765625
2005-06-08 00:00:00,1197.260009765625,1201.969970703125,1193.3299560546875,1715490000,1194.6700439453125
2005-06-09 00:00:00,1194.6700439453125,1201.8599853515625,1191.0899658203125,1824120000,1200.9300537109375
2005-06-10 00:00:00,1200.9300537109375,1202.7900390625,1192.6400146484375,1664180000,1198.1099853515625
2005-06-13 00:00:00,1198.1099853515625,1206.030029296875,1194.510009765625,1661350000,1200.8199462890625
2005-06-14 00:00:00,1200.8199462890625,1207.530029296875,1200.1800537109375,1698150000,1203.9100341796875
2005-06-15 00:00:00,1203.9100341796875,1208.0799560546875,1198.6600341796875,1840440000,1206.5799560546875
2005-06-16 00:00:00,1206.550048828125,1212.0999755859375,1205.469970703125,1776040000,1210.9599609375
2005-06-17 00:00:00,1210.9300537109375,1219.550048828125,1210.9300537109375,2407370000,1216.9599609375
2005-06-20 00:00:00,1216.9599609375,1219.0999755859375,1210.6500244140625,1714530000,1216.0999755859375
2005-06-21 00:00:00,1216.0999755859375,1217.1300048828125,1211.8599853515625,1720700000,1213.6099853515625
2005-06-22 00:00:00,1213.6099853515625,1219.5899658203125,1211.68994140625,1823250000,1213.8800048828125
2005-06-23 00:00:00,1213.8800048828125,1216.449951171875,1200.719970703125,2029920000,1200.72998046875
2005-06-24 00:00:00,1200.72998046875,1200.9000244140625,1191.449951171875,2418800000,1191.5699462890625
2005-06-27 00:00:00,1191.5699462890625,1194.3299560546875,1188.300048828125,1738620000,1190.68994140625
2005-06-28 00:00:00,1190.68994140625,1202.5400390625,1190.68994140625,1772410000,1201.5699462890625
2005-06-29 00:00:00,1201.5699462890625,1204.0699462890625,1198.699951171875,1769280000,1199.8499755859375
2005-06-30 00:00:00,1199.8499755859375,1203.27001953125,1190.510009765625,2109490000,1191.3299560546875
2005-07-01 00:00:00,1191.3299560546875,1197.8900146484375,1191.3299560546875,1593820000,1194.43994140625
2005-07-05 00:00:00,1194.43994140625,1206.3399658203125,1192.489990234375,1805820000,1204.989990234375
2005-07-06 00:00:00,1204.989990234375,1206.1099853515625,1194.780029296875,1883470000,1194.93994140625
2005-07-07 00:00:00,1194.93994140625,1198.4599609375,1183.550048828125,1952440000,1197.8699951171875
2005-07-08 00:00:00,1197.8699951171875,1212.72998046875,1197.199951171875,1900810000,1211.8599853515625
2005-07-11 00:00:00,1211.8599853515625,1220.030029296875,1211.8599853515625,1846300000,1219.43994140625
2005-07-12 00:00:00,1219.43994140625,1225.5400390625,1216.5999755859375,1932010000,1222.2099609375
2005-07-13 00:00:00,1222.2099609375,1224.4599609375,1219.6400146484375,1812500000,1223.2900390625
2005-07-14 00:00:00,1223.2900390625,1233.1600341796875,1223.2900390625,2048710000,1226.5
2005-07-15 00:00:00,1226.5,1229.530029296875,1223.5,1716400000,1227.9200439453125
2005-07-18 00:00:00,1227.9200439453125,1227.9200439453125,1221.1300048828125,1582100000,1221.1300048828125
2005-07-19 00:00:00,1221.1300048828125,1230.3399658203125,1221.1300048828125,2041280000,1229.3499755859375
2005-07-20 00:00:00,1229.3499755859375,1236.56005859375,1222.9100341796875,2063340000,1235.199951171875
2005-07-21 00:00:00,1235.199951171875,1235.8299560546875,1224.699951171875,2129840000,1227.0400390625
2005-07-22 00:00:00,1227.0400390625,1234.18994140625,1226.1500244140625,1766990000,1233.6800537109375
2005-07-25 00:00:00,1233.6800537109375,1238.3599853515625,1228.1500244140625,1717580000,1229.030029296875
2005-07-26 00:00:00,1229.030029296875,1234.4200439453125,1229.030029296875,1934180000,1231.1600341796875
2005-07-27 00:00:00,1231.1600341796875,1237.6400146484375,1230.1500244140625,1945800000,1236.7900390625
2005-07-28 00:00:00,1236.7900390625,1245.1500244140625,1235.81005859375,2001680000,1243.719970703125
2005-07-29 00:00:00,1243.719970703125,1245.0400390625,1234.1800537109375,1789600000,1234.1800537109375
2005-08-01 00:00:00,1234.1800537109375,1239.0999755859375,1233.800048828125,1716870000,1235.3499755859375
2005-08-02 00:00:00,1235.3499755859375,1244.68994140625,1235.3499755859375,2043120000,1244.1199951171875
2005-08-03 00:00:00,1244.1199951171875,1245.8599853515625,1240.5699462890625,1999980000,1245.0400390625
2005-08-04 00:00:00,1245.0400390625,1245.0400390625,1235.1500244140625,1981220000,1235.8599853515625
2005-08-05 00:00:00,1235.8599853515625,1235.8599853515625,1225.6199951171875,1930280000,1226.4200439453125
2005-08-08 00:00:00,1226.4200439453125,1232.280029296875,1222.6700439453125,1804140000,1223.1300048828125
2005-08-09 00:00:00,1223.1300048828125,1234.1099853515625,1223.1300048828125,1897520000,1231.3800048828125
2005-08-10 00:00:00,1231.3800048828125,1242.68994140625,1226.5799560546875,2172320000,1229.1300048828125
2005-08-11 00:00:00,1229.1300048828125,1237.81005859375,1228.3299560546875,1941560000,1237.81005859375
2005-08-12 00:00:00,1237.81005859375,1237.81005859375,1225.8699951171875,1709300000,1230.3900146484375
2005-08-15 00:00:00,1230.4000244140625,1236.239990234375,1226.199951171875,1562880000,1233.8699951171875
2005-08-16 00:00:00,1233.8699951171875,1233.8699951171875,1219.050048828125,1820410000,1219.3399658203125
2005-08-17 00:00:00,1219.3399658203125,1225.6300048828125,1218.0699462890625,1859150000,1220.239990234375
2005-08-18 00:00:00,1220.239990234375,1222.6400146484375,1215.9300537109375,1808170000,1219.02001953125
2005-08-19 00:00:00,1219.02001953125,1225.0799560546875,1219.02001953125,1558790000,1219.7099609375
2005-08-22 00:00:00,1219.7099609375,1228.9599609375,1216.469970703125,1621330000,1221.72998046875
2005-08-23 00:00:00,1221.72998046875,1223.0400390625,1214.43994140625,1678620000,1217.5899658203125
2005-08-24 00:00:00,1217.5699462890625,1224.1500244140625,1209.3699951171875,1930800000,1209.5899658203125
2005-08-25 00:00:00,1209.5899658203125,1213.72998046875,1209.5699462890625,1571110000,1212.3699951171875
2005-08-26 00:00:00,1212.4000244140625,1212.4000244140625,1204.22998046875,1541090000,1205.0999755859375
2005-08-29 00:00:00,1205.0999755859375,1214.280029296875,1201.530029296875,1599450000,1212.280029296875
2005-08-30 00:00:00,1212.280029296875,1212.280029296875,1201.0699462890625,1916470000,1208.4100341796875
2005-08-31 00:00:00,1208.4100341796875,1220.3599853515625,1204.4000244140625,2365510000,1220.3299560546875
2005-09-01 00:00:00,1220.3299560546875,1227.2900390625,1216.1800537109375,2229860000,1221.5899658203125
2005-09-02 00:00:00,1221.5899658203125,1224.449951171875,1217.75,1640160000,1218.02001953125
2005-09-06 00:00:00,1218.02001953125,1233.6099853515625,1218.02001953125,1932090000,1233.3900146484375
2005-09-07 00:00:00,1233.3900146484375,1237.06005859375,1230.9300537109375,2067700000,1236.3599853515625
2005-09-08 00:00:00,1236.3599853515625,1236.3599853515625,1229.510009765625,1955380000,1231.6700439453125
2005-09-09 00:00:00,1231.6700439453125,1243.1300048828125,1231.6700439453125,1992560000,1241.47998046875
2005-09-12 00:00:00,1241.47998046875,1242.5999755859375,1239.1500244140625,1938050000,1240.56005859375
2005-09-13 00:00:00,1240.5699462890625,1240.5699462890625,1231.199951171875,2082360000,1231.199951171875
2005-09-14 00:00:00,1231.199951171875,1234.739990234375,1226.1600341796875,1986750000,1227.1600341796875
2005-09-15 00:00:00,1227.1600341796875,1231.8800048828125,1224.8499755859375,2079340000,1227.72998046875
2005-09-16 00:00:00,1228.4200439453125,1237.949951171875,1228.4200439453125,3152470000,1237.9100341796875
2005-09-19 00:00:00,1237.9100341796875,1237.9100341796875,1227.6500244140625,2076540000,1231.02001953125
2005-09-20 00:00:00,1231.02001953125,1236.489990234375,1220.0699462890625,2319250000,1221.3399658203125
2005-09-21 00:00:00,1221.3399658203125,1221.52001953125,1209.8900146484375,2548150000,1210.199951171875
2005-09-22 00:00:00,1210.199951171875,1216.6400146484375,1205.3499755859375,2424720000,1214.6199951171875
2005-09-23 00:00:00,1214.6199951171875,1218.8299560546875,1209.800048828125,1973020000,1215.2900390625
2005-09-26 00:00:00,1215.2900390625,1222.56005859375,1211.8399658203125,2022220000,1215.6300048828125
2005-09-27 00:00:00,1215.6300048828125,1220.1700439453125,1211.1099853515625,1976270000,1215.6600341796875
2005-09-28 00:00:00,1215.6600341796875,1220.97998046875,1212.719970703125,2106980000,1216.8900146484375
2005-09-29 00:00:00,1216.8900146484375,1228.699951171875,1211.5400390625,2176120000,1227.6800537109375
2005-09-30 00:00:00,1227.6800537109375,1229.5699462890625,1225.219970703125,2097520000,1228.81005859375
2005-10-03 00:00:00,1228.81005859375,1233.3399658203125,1225.1500244140625,2097490000,1226.699951171875
2005-10-04 00:00:00,1226.699951171875,1229.8800048828125,1214.02001953125,2341420000,1214.469970703125
2005-10-05 00:00:00,1214.469970703125,1214.469970703125,1196.25,2546780000,1196.3900146484375
2005-10-06 00:00:00,1196.3900146484375,1202.1400146484375,1181.9200439453125,2792030000,1191.489990234375
2005-10-07 00:00:00,1191.489990234375,1199.7099609375,1191.4599609375,2126080000,1195.9000244140625
2005-10-10 00:00:00,1195.9000244140625,1196.52001953125,1186.1199951171875,2195990000,1187.3299560546875
2005-10-11 00:00:00,1187.3299560546875,1193.0999755859375,1183.1600341796875,2299040000,1184.8699951171875
2005-10-12 00:00:00,1184.8699951171875,1190.02001953125,1173.6500244140625,2491280000,1177.6800537109375
2005-10-13 00:00:00,1177.6800537109375,1179.56005859375,1168.199951171875,2351150000,1176.8399658203125
2005-10-14 00:00:00,1176.8399658203125,1187.1300048828125,1175.43994140625,2188940000,1186.5699462890625
2005-10-17 00:00:00,1186.5699462890625,1191.2099609375,1184.47998046875,2054570000,1190.0999755859375
2005-10-18 00:00:00,1190.0999755859375,1190.0999755859375,1178.1300048828125,2197010000,1178.1400146484375
2005-10-19 00:00:00,1178.1400146484375,1195.760009765625,1170.550048828125,2703590000,1195.760009765625
2005-10-20 00:00:00,1195.760009765625,1197.300048828125,1173.300048828125,2617250000,1177.800048828125
2005-10-21 00:00:00,1177.800048828125,1186.4599609375,1174.9200439453125,2470920000,1179.5899658203125
2005-10-24 00:00:00,1179.5899658203125,1199.3900146484375,1179.5899658203125,2197790000,1199.3800048828125
2005-10-25 00:00:00,1199.3800048828125,1201.300048828125,1189.2900390625,2312470000,1196.5400390625
2005-10-26 00:00:00,1196.5400390625,1204.010009765625,1191.3800048828125,2467750000,1191.3800048828125
2005-10-27 00:00:00,1191.3800048828125,1192.6500244140625,1178.8900146484375,2395370000,1178.9000244140625
2005-10-28 00:00:00,1178.9000244140625,1198.4100341796875,1178.9000244140625,2379400000,1198.4100341796875
2005-10-31 00:00:00,1198.4100341796875,1211.4300537109375,1198.4100341796875,2567470000,1207.010009765625
2005-11-01 00:00:00,1207.010009765625,1207.3399658203125,1201.6600341796875,2457850000,1202.760009765625
2005-11-02 00:00:00,1202.760009765625,1215.1700439453125,1201.0699462890625,2648090000,1214.760009765625
2005-11-03 00:00:00,1214.760009765625,1224.699951171875,1214.760009765625,2716630000,1219.93994140625
2005-11-04 00:00:00,1219.93994140625,1222.52001953125,1214.449951171875,2050510000,1220.1400146484375
2005-11-07 00:00:00,1220.1400146484375,1224.1800537109375,1217.2900390625,1987580000,1222.81005859375
2005-11-08 00:00:00,1222.81005859375,1222.81005859375,1216.0799560546875,1965050000,1218.5899658203125
2005-11-09 00:00:00,1218.5899658203125,1226.5899658203125,1216.530029296875,2214460000,1220.6500244140625
2005-11-10 00:00:00,1220.6500244140625,1232.4100341796875,1215.050048828125,2378460000,1230.9599609375
2005-11-11 00:00:00,1230.9599609375,1235.699951171875,1230.719970703125,1773140000,1234.719970703125
2005-11-14 00:00:00,1234.719970703125,1237.199951171875,1231.780029296875,1899780000,1233.760009765625
2005-11-15 00:00:00,1233.760009765625,1237.93994140625,1226.4100341796875,2359370000,1229.010009765625
2005-11-16 00:00:00,1229.010009765625,1232.239990234375,1227.1800537109375,2121580000,1231.2099609375
2005-11-17 00:00:00,1231.2099609375,1242.9599609375,1231.2099609375,2298040000,1242.800048828125
2005-11-18 00:00:00,1242.800048828125,1249.5799560546875,1240.7099609375,2453290000,1248.27001953125
2005-11-21 00:00:00,1248.27001953125,1255.8900146484375,1246.9000244140625,2117350000,1254.8499755859375
2005-11-22 00:00:00,1254.8499755859375,1261.9000244140625,1251.4000244140625,2291420000,1261.22998046875
2005-11-23 00:00:00,1261.22998046875,1270.6400146484375,1259.510009765625,1985400000,1265.6099853515625
2005-11-25 00:00:00,1265.6099853515625,1268.780029296875,1265.5400390625,724940000,1268.25
2005-11-28 00:00:00,1268.25,1268.43994140625,1257.1700439453125,2016900000,1257.4599609375
2005-11-29 00:00:00,1257.4599609375,1266.1800537109375,1257.4599609375,2268340000,1257.47998046875
2005-11-30 00:00:00,1257.47998046875,1260.9300537109375,1249.3900146484375,2374690000,1249.47998046875
2005-12-01 00:00:00,1249.47998046875,1266.1700439453125,1249.47998046875,2614830000,1264.6700439453125
2005-12-02 00:00:00,1264.6700439453125,1266.8499755859375,1261.4200439453125,2125580000,1265.0799560546875
2005-12-05 00:00:00,1265.0799560546875,1265.0799560546875,1258.1199951171875,2325840000,1262.0899658203125
2005-12-06 00:00:00,1262.0899658203125,1272.8900146484375,1262.0899658203125,2110740000,1263.699951171875
2005-12-07 00:00:00,1263.699951171875,1264.8499755859375,1253.02001953125,2093830000,1257.3699951171875
2005-12-08 00:00:00,1257.3699951171875,1263.3599853515625,1250.9100341796875,2178300000,1255.8399658203125
2005-12-09 00:00:00,1255.8399658203125,1263.0799560546875,1254.239990234375,1896290000,1259.3699951171875
2005-12-12 00:00:00,1259.3699951171875,1263.8599853515625,1255.52001953125,1876550000,1260.4300537109375
2005-12-13 00:00:00,1260.4300537109375,1272.1099853515625,1258.56005859375,2390020000,1267.4300537109375
2005-12-14 00:00:00,1267.4300537109375,1275.800048828125,1267.0699462890625,2145520000,1272.739990234375
2005-12-15 00:00:00,1272.739990234375,1275.1700439453125,1267.739990234375,2180590000,1270.93994140625
2005-12-16 00:00:00,1270.93994140625,1275.239990234375,1267.3199462890625,2584190000,1267.3199462890625
2005-12-19 00:00:00,1267.3199462890625,1270.510009765625,1259.280029296875,2208810000,1259.9200439453125
2005-12-20 00:00:00,1259.9200439453125,1263.8599853515625,1257.2099609375,1996690000,1259.6199951171875
2005-12-21 00:00:00,1259.6199951171875,1269.3699951171875,1259.6199951171875,2065170000,1262.7900390625
2005-12-22 00:00:00,1262.7900390625,1268.18994140625,1262.5,1888500000,1268.1199951171875
2005-12-23 00:00:00,1268.1199951171875,1269.760009765625,1265.9200439453125,1285810000,1268.6600341796875
2005-12-27 00:00:00,1268.6600341796875,1271.8299560546875,1256.5400390625,1540470000,1256.5400390625
2005-12-28 00:00:00,1256.5400390625,1261.0999755859375,1256.5400390625,1422360000,1258.1700439453125
2005-12-29 00:00:00,1258.1700439453125,1260.6099853515625,1254.1800537109375,1382540000,1254.4200439453125
2005-12-30 00:00:00,1254.4200439453125,1254.4200439453125,1246.5899658203125,1443500000,1248.2900390625
2006-01-03 00:00:00,1248.2900390625,1270.219970703125,1245.739990234375,2554570000,1268.800048828125
2006-01-04 00:00:00,1268.800048828125,1275.3699951171875,1267.739990234375,2515330000,1273.4599609375
2006-01-05 00:00:00,1273.4599609375,1276.9100341796875,1270.300048828125,2433340000,1273.47998046875
2006-01-06 00:00:00,1273.47998046875,1286.0899658203125,1273.47998046875,2446560000,1285.449951171875
2006-01-09 00:00:00,1285.449951171875,1290.780029296875,1284.8199462890625,2301490000,1290.1500244140625
2006-01-10 00:00:00,1290.1500244140625,1290.1500244140625,1283.760009765625,2373080000,1289.68994140625
2006-01-11 00:00:00,1289.719970703125,1294.9000244140625,1288.1199951171875,2406130000,1294.1800537109375
2006-01-12 00:00:00,1294.1800537109375,1294.1800537109375,1285.0400390625,2318350000,1286.06005859375
2006-01-13 00:00:00,1286.06005859375,1288.9599609375,1282.780029296875,2206510000,1287.6099853515625
2006-01-17 00:00:00,1287.6099853515625,1287.6099853515625,1278.6099853515625,2179970000,1282.9300537109375
2006-01-18 00:00:00,1282.9300537109375,1282.9300537109375,1272.0799560546875,2233200000,1277.9300537109375
2006-01-19 00:00:00,1277.9300537109375,1287.7900390625,1277.9300537109375,2444020000,1285.0400390625
2006-01-20 00:00:00,1285.0400390625,1285.0400390625,1260.9200439453125,2845810000,1261.489990234375
2006-01-23 00:00:00,1261.489990234375,1268.18994140625,1261.489990234375,2256070000,1263.8199462890625
2006-01-24 00:00:00,1263.8199462890625,1271.469970703125,1263.8199462890625,2608720000,1266.8599853515625
2006-01-25 00:00:00,1266.8599853515625,1271.8699951171875,1259.4200439453125,2617060000,1264.6800537109375
2006-01-26 00:00:00,1264.6800537109375,1276.43994140625,1264.6800537109375,2856780000,1273.8299560546875
2006-01-27 00:00:00,1273.8299560546875,1286.3800048828125,1273.8299560546875,2623620000,1283.719970703125
2006-01-30 00:00:00,1283.719970703125,1287.93994140625,1283.510009765625,2282730000,1285.18994140625
2006-01-31 00:00:00,1285.199951171875,1285.199951171875,1276.8499755859375,2708310000,1280.0799560546875
2006-02-01 00:00:00,1280.0799560546875,1283.3299560546875,1277.5699462890625,2589410000,1282.4599609375
2006-02-02 00:00:00,1282.4599609375,1282.4599609375,1267.719970703125,2565300000,1270.8399658203125
2006-02-03 00:00:00,1270.8399658203125,1270.8699951171875,1261.02001953125,2282210000,1264.030029296875
2006-02-06 00:00:00,1264.030029296875,1267.0400390625,1261.6199951171875,2132360000,1265.02001953125
2006-02-07 00:00:00,1265.02001953125,1265.780029296875,1253.6099853515625,2366370000,1254.780029296875
2006-02-08 00:00:00,1254.780029296875,1266.469970703125,1254.780029296875,2456860000,1265.6500244140625
2006-02-09 00:00:00,1265.6500244140625,1274.56005859375,1262.800048828125,2441920000,1263.780029296875
2006-02-10 00:00:00,1263.8199462890625,1269.8900146484375,1254.97998046875,2290050000,1266.989990234375
2006-02-13 00:00:00,1266.989990234375,1266.989990234375,1258.3399658203125,1850080000,1262.8599853515625
2006-02-14 00:00:00,1262.8599853515625,1278.2099609375,1260.800048828125,2437940000,1275.530029296875
2006-02-15 00:00:00,1275.530029296875,1281.0,1271.06005859375,2317590000,1280.0
2006-02-16 00:00:00,1280.0,1289.3900146484375,1280.0,2251490000,1289.3800048828125
2006-02-17 00:00:00,1289.3800048828125,1289.469970703125,1284.0699462890625,2128260000,1287.239990234375
2006-02-21 00:00:00,1287.239990234375,1291.9200439453125,1281.3299560546875,2104320000,1283.030029296875
2006-02-22 00:00:00,1283.030029296875,1294.1700439453125,1283.030029296875,2222380000,1292.6700439453125
2006-02-23 00:00:00,1292.6700439453125,1293.8399658203125,1285.1400146484375,2144210000,1287.7900390625
2006-02-24 00:00:00,1287.7900390625,1292.1099853515625,1285.6199951171875,1933010000,1289.4300537109375
2006-02-27 00:00:00,1289.4300537109375,1297.5699462890625,1289.4300537109375,1975320000,1294.1199951171875
2006-02-28 00:00:00,1294.1199951171875,1294.1199951171875,1278.6600341796875,2370860000,1280.6600341796875
2006-03-01 00:00:00,1280.6600341796875,1291.800048828125,1280.6600341796875,2308320000,1291.239990234375
2006-03-02 00:00:00,1291.239990234375,1291.239990234375,1283.2099609375,2494590000,1289.1400146484375
2006-03-03 00:00:00,1289.1400146484375,1297.3299560546875,1284.199951171875,2152950000,1287.22998046875
2006-03-06 00:00:00,1287.22998046875,1288.22998046875,1275.6700439453125,2280190000,1278.260009765625
2006-03-07 00:00:00,1278.260009765625,1278.260009765625,1271.1099853515625,2268050000,1275.8800048828125
2006-03-08 00:00:00,1275.8800048828125,1280.3299560546875,1268.4200439453125,2442870000,1278.469970703125
2006-03-09 00:00:00,1278.469970703125,1282.739990234375,1272.22998046875,2140110000,1272.22998046875
2006-03-10 00:00:00,1272.22998046875,1284.3699951171875,1271.1099853515625,2123450000,1281.4200439453125
2006-03-13 00:00:00,1281.5799560546875,1287.3699951171875,1281.5799560546875,2070330000,1284.1300048828125
2006-03-14 00:00:00,1284.1300048828125,1298.1400146484375,1282.6700439453125,2165270000,1297.47998046875
2006-03-15 00:00:00,1297.47998046875,1304.4000244140625,1294.969970703125,2293000000,1303.02001953125
2006-03-16 00:00:00,1303.02001953125,1310.449951171875,1303.02001953125,2292180000,1305.3299560546875
2006-03-17 00:00:00,1305.3299560546875,1309.7900390625,1305.3199462890625,2549620000,1307.25
2006-03-20 00:00:00,1307.25,1310.0,1303.5899658203125,1976830000,1305.0799560546875
2006-03-21 00:00:00,1305.0799560546875,1310.8800048828125,1295.8199462890625,2147370000,1297.22998046875
2006-03-22 00:00:00,1297.22998046875,1305.969970703125,1295.81005859375,2039810000,1305.0400390625
2006-03-23 00:00:00,1305.0400390625,1305.0400390625,1298.1099853515625,1980940000,1301.6700439453125
2006-03-24 00:00:00,1301.6700439453125,1306.530029296875,1298.8900146484375,2326070000,1302.949951171875
2006-03-27 00:00:00,1302.949951171875,1303.739990234375,1299.0899658203125,2029700000,1301.6099853515625
2006-03-28 00:00:00,1301.6099853515625,1306.239990234375,1291.8399658203125,2148580000,1293.22998046875
2006-03-29 00:00:00,1293.22998046875,1305.5999755859375,1293.22998046875,2143540000,1302.8900146484375
2006-03-30 00:00:00,1302.8900146484375,1310.1500244140625,1296.719970703125,2294560000,1300.25
2006-03-31 00:00:00,1300.25,1303.0,1294.8699951171875,2236710000,1294.8699951171875
2006-04-03 00:00:00,1302.8800048828125,1309.18994140625,1296.6500244140625,2494080000,1297.81005859375
2006-04-04 00:00:00,1297.81005859375,1307.550048828125,1294.7099609375,2147660000,1305.9300537109375
2006-04-05 00:00:00,1305.9300537109375,1312.81005859375,1304.8199462890625,2420020000,1311.56005859375
2006-04-06 00:00:00,1311.56005859375,1311.989990234375,1302.43994140625,2281680000,1309.0400390625
2006-04-07 00:00:00,1309.0400390625,1314.0699462890625,1294.1800537109375,2082470000,1295.5
2006-04-10 00:00:00,1295.510009765625,1300.739990234375,1293.1700439453125,1898320000,1296.6199951171875
2006-04-11 00:00:00,1296.5999755859375,1300.7099609375,1282.9599609375,2232880000,1286.5699462890625
2006-04-12 00:00:00,1286.5699462890625,1290.9300537109375,1286.449951171875,1938100000,1288.1199951171875
2006-04-13 00:00:00,1288.1199951171875,1292.0899658203125,1283.3699951171875,1891940000,1289.1199951171875
2006-04-17 00:00:00,1289.1199951171875,1292.449951171875,1280.739990234375,1794650000,1285.3299560546875
2006-04-18 00:00:00,1285.3299560546875,1309.02001953125,1285.3299560546875,2595440000,1307.280029296875
2006-04-19 00:00:00,1307.6500244140625,1310.3900146484375,1302.7900390625,2447310000,1309.9300537109375
2006-04-20 00:00:00,1309.9300537109375,1318.1600341796875,1306.3800048828125,2512920000,1311.4599609375
2006-04-21 00:00:00,1311.4599609375,1317.6700439453125,1306.5899658203125,2392630000,1311.280029296875
2006-04-24 00:00:00,1311.280029296875,1311.280029296875,1303.7900390625,2117330000,1308.1099853515625
2006-04-25 00:00:00,1308.1099853515625,1310.7900390625,1299.1700439453125,2366380000,1301.739990234375
2006-04-26 00:00:00,1301.739990234375,1310.969970703125,1301.739990234375,2502690000,1305.4100341796875
2006-04-27 00:00:00,1305.4100341796875,1315.0,1295.5699462890625,2772010000,1309.719970703125
2006-04-28 00:00:00,1309.719970703125,1316.0400390625,1306.1600341796875,2419920000,1310.6099853515625
2006-05-01 00:00:00,1310.6099853515625,1317.2099609375,1303.4599609375,2437040000,1305.18994140625
2006-05-02 00:00:00,1305.18994140625,1313.6600341796875,1305.18994140625,2403470000,1313.2099609375
2006-05-03 00:00:00,1313.2099609375,1313.469970703125,1303.9200439453125,2395230000,1308.1199951171875
2006-05-04 00:00:00,1307.8499755859375,1315.1400146484375,1307.8499755859375,2431450000,1312.25
2006-05-05 00:00:00,1312.25,1326.530029296875,1312.25,2294760000,1325.760009765625
2006-05-08 00:00:00,1325.760009765625,1326.699951171875,1322.8699951171875,2151300000,1324.6600341796875
2006-05-09 00:00:00,1324.6600341796875,1326.5999755859375,1322.47998046875,2157290000,1325.1400146484375
2006-05-10 00:00:00,1324.5699462890625,1325.510009765625,1317.43994140625,2268550000,1322.8499755859375
2006-05-11 00:00:00,1322.6300048828125,1322.6300048828125,1303.449951171875,2531520000,1305.9200439453125
2006-05-12 00:00:00,1305.8800048828125,1305.8800048828125,1290.3800048828125,2567970000,1291.239990234375
2006-05-15 00:00:00,1291.18994140625,1294.81005859375,1284.510009765625,2505660000,1294.5
2006-05-16 00:00:00,1294.5,1297.8800048828125,1288.510009765625,2386210000,1292.0799560546875
2006-05-17 00:00:00,1291.72998046875,1291.72998046875,1267.31005859375,2830200000,1270.3199462890625
2006-05-18 00:00:00,1270.25,1274.8900146484375,1261.75,2537490000,1261.81005859375
2006-05-19 00:00:00,1261.81005859375,1272.1500244140625,1256.280029296875,2982300000,1267.030029296875
2006-05-22 00:00:00,1267.030029296875,1268.77001953125,1252.97998046875,2773010000,1262.0699462890625
2006-05-23 00:00:00,1262.06005859375,1273.6700439453125,1256.1500244140625,2605250000,1256.5799560546875
2006-05-24 00:00:00,1256.56005859375,1264.530029296875,1245.3399658203125,2999030000,1258.5699462890625
2006-05-25 00:00:00,1258.4100341796875,1273.260009765625,1258.4100341796875,2372730000,1272.8800048828125
2006-05-26 00:00:00,1272.7099609375,1280.5400390625,1272.5,1814020000,1280.1600341796875
2006-05-30 00:00:00,1280.0400390625,1280.0400390625,1259.8699951171875,2176190000,1259.8699951171875
2006-05-31 00:00:00,1259.3800048828125,1270.0899658203125,1259.3800048828125,2692160000,1270.0899658203125
2006-06-01 00:00:00,1270.050048828125,1285.7099609375,1269.18994140625,2360160000,1285.7099609375
2006-06-02 00:00:00,1285.7099609375,1290.6800537109375,1280.219970703125,2295540000,1288.219970703125
2006-06-05 00:00:00,1288.1600341796875,1288.1600341796875,1264.6600341796875,2313470000,1265.2900390625
2006-06-06 00:00:00,1265.22998046875,1269.8800048828125,1254.4599609375,2697650000,1263.8499755859375
2006-06-07 00:00:00,1263.6099853515625,1272.469970703125,1255.77001953125,2644170000,1256.1500244140625
2006-06-08 00:00:00,1256.0799560546875,1259.8499755859375,1235.1800537109375,3543790000,1257.9300537109375
2006-06-09 00:00:00,1257.9300537109375,1262.5799560546875,1250.030029296875,2214000000,1252.300048828125
2006-06-12 00:00:00,1252.27001953125,1255.219970703125,1236.4300537109375,2247010000,1237.43994140625
2006-06-13 00:00:00,1236.0799560546875,1243.3699951171875,1222.52001953125,3215770000,1223.68994140625
2006-06-14 00:00:00,1223.6600341796875,1231.4599609375,1219.2900390625,2667990000,1230.0400390625
2006-06-15 00:00:00,1230.010009765625,1258.6400146484375,1230.010009765625,2775480000,1256.1600341796875
2006-06-16 00:00:00,1256.1600341796875,1256.27001953125,1246.3299560546875,2783390000,1251.5400390625
2006-06-19 00:00:00,1251.5400390625,1255.9300537109375,1237.1700439453125,2517200000,1240.1300048828125
2006-06-20 00:00:00,1240.1199951171875,1249.010009765625,1238.8699951171875,2232950000,1240.1199951171875
2006-06-21 00:00:00,1240.0899658203125,1257.9599609375,1240.0899658203125,2361230000,1252.199951171875
2006-06-22 00:00:00,1251.9200439453125,1251.9200439453125,1241.530029296875,2148180000,1245.5999755859375
2006-06-23 00:00:00,1245.5899658203125,1253.1300048828125,1241.4300537109375,2017270000,1244.5
2006-06-26 00:00:00,1244.5,1250.9200439453125,1243.6800537109375,1878580000,1250.56005859375
2006-06-27 00:00:00,1250.550048828125,1253.3699951171875,1238.93994140625,2203130000,1239.199951171875
2006-06-28 00:00:00,1238.989990234375,1247.06005859375,1237.5899658203125,2085490000,1246.0
2006-06-29 00:00:00,1245.93994140625,1272.8800048828125,1245.93994140625,2621250000,1272.8699951171875
2006-06-30 00:00:00,1272.8599853515625,1276.300048828125,1270.199951171875,3049560000,1270.199951171875
2006-07-03 00:00:00,1270.06005859375,1280.3800048828125,1270.06005859375,1114470000,1280.18994140625
2006-07-05 00:00:00,1280.050048828125,1280.050048828125,1265.9100341796875,2165070000,1270.9100341796875
2006-07-06 00:00:00,1270.5799560546875,1278.3199462890625,1270.5799560546875,2009160000,1274.0799560546875
2006-07-07 00:00:00,1274.0799560546875,1275.3800048828125,1263.1300048828125,1988150000,1265.47998046875
2006-07-10 00:00:00,1265.4599609375,1274.06005859375,1264.4599609375,1854590000,1267.3399658203125
2006-07-11 00:00:00,1267.260009765625,1273.6400146484375,1259.6500244140625,2310850000,1272.4300537109375
2006-07-12 00:00:00,1272.3900146484375,1273.31005859375,1257.2900390625,2250450000,1258.5999755859375
2006-07-13 00:00:00,1258.5799560546875,1258.5799560546875,1241.4300537109375,2545760000,1242.280029296875
2006-07-14 00:00:00,1242.2900390625,1242.699951171875,1228.449951171875,2467120000,1236.199951171875
2006-07-17 00:00:00,1236.199951171875,1240.0699462890625,1231.489990234375,2146410000,1234.489990234375
2006-07-18 00:00:00,1234.47998046875,1239.8599853515625,1224.5400390625,2481750000,1236.8599853515625
2006-07-19 00:00:00,1236.739990234375,1261.81005859375,1236.739990234375,2701980000,1259.81005859375
2006-07-20 00:00:00,1259.81005859375,1262.56005859375,1249.1300048828125,2345580000,1249.1300048828125
2006-07-21 00:00:00,1249.1199951171875,1250.9599609375,1238.719970703125,2704090000,1240.2900390625
2006-07-24 00:00:00,1240.25,1262.5,1240.25,2312720000,1260.9100341796875
2006-07-25 00:00:00,1260.9100341796875,1272.3900146484375,1257.18994140625,2563930000,1268.8800048828125
2006-07-26 00:00:00,1268.8699951171875,1273.8900146484375,1261.93994140625,2667710000,1268.4000244140625
2006-07-27 00:00:00,1268.199951171875,1275.8499755859375,1261.9200439453125,2776710000,1263.199951171875
2006-07-28 00:00:00,1263.1500244140625,1280.4200439453125,1263.1500244140625,2480420000,1278.550048828125
2006-07-31 00:00:00,1278.530029296875,1278.6600341796875,1274.31005859375,2461300000,1276.6600341796875
2006-08-01 00:00:00,1278.530029296875,1278.6600341796875,1265.7099609375,2527690000,1270.9200439453125
2006-08-02 00:00:00,1270.72998046875,1283.4200439453125,1270.72998046875,2610750000,1277.4100341796875
2006-08-03 00:00:00,1278.219970703125,1283.9599609375,1271.25,2728440000,1280.27001953125
2006-08-04 00:00:00,1280.260009765625,1292.9200439453125,1273.8199462890625,2530970000,1279.3599853515625
2006-08-07 00:00:00,1279.31005859375,1279.31005859375,1273.0,2045660000,1275.77001953125
2006-08-08 00:00:00,1275.6700439453125,1282.75,1268.3699951171875,2457840000,1271.47998046875
2006-08-09 00:00:00,1271.1300048828125,1283.739990234375,1264.72998046875,2555180000,1265.949951171875
2006-08-10 00:00:00,1265.719970703125,1272.550048828125,1261.300048828125,2402190000,1271.81005859375
2006-08-11 00:00:00,1271.6400146484375,1271.6400146484375,1262.0799560546875,2004540000,1266.739990234375
2006-08-14 00:00:00,1266.6700439453125,1278.9000244140625,1266.6700439453125,2118020000,1268.2099609375
2006-08-15 00:00:00,1268.18994140625,1286.22998046875,1268.18994140625,2334100000,1285.5799560546875
2006-08-16 00:00:00,1285.27001953125,1296.2099609375,1285.27001953125,2554570000,1295.4300537109375
2006-08-17 00:00:00,1295.3699951171875,1300.780029296875,1292.7099609375,2458340000,1297.47998046875
2006-08-18 00:00:00,1297.47998046875,1302.300048828125,1293.5699462890625,2033910000,1302.300048828125
2006-08-21 00:00:00,1302.300048828125,1302.300048828125,1295.510009765625,1759240000,1297.52001953125
2006-08-22 00:00:00,1297.52001953125,1302.489990234375,1294.43994140625,1908740000,1298.8199462890625
2006-08-23 00:00:00,1298.72998046875,1301.5,1289.8199462890625,1893670000,1292.989990234375
2006-08-24 00:00:00,1292.969970703125,1297.22998046875,1291.4000244140625,1930320000,1296.06005859375
2006-08-25 00:00:00,1295.9200439453125,1298.8800048828125,1292.3900146484375,1667580000,1295.0899658203125
2006-08-28 00:00:00,1295.0899658203125,1305.02001953125,1293.969970703125,1834920000,1301.780029296875
2006-08-29 00:00:00,1301.5699462890625,1305.02001953125,1295.2900390625,2093720000,1304.280029296875
2006-08-30 00:00:00,1303.699951171875,1306.739990234375,1302.1500244140625,2060690000,1305.3699951171875
2006-08-31 00:00:00,1304.25,1306.1099853515625,1302.449951171875,1974540000,1303.8199462890625
2006-09-01 00:00:00,1303.800048828125,1312.030029296875,1303.800048828125,1800520000,1311.010009765625
2006-09-05 00:00:00,1310.93994140625,1314.6700439453125,1308.8199462890625,2114480000,1313.25
2006-09-06 00:00:00,1313.0400390625,1313.0400390625,1299.280029296875,2329870000,1300.260009765625
2006-09-07 00:00:00,1300.2099609375,1301.25,1292.1300048828125,2325850000,1294.02001953125
2006-09-08 00:00:00,1294.02001953125,1300.1400146484375,1294.02001953125,2132890000,1298.9200439453125
2006-09-11 00:00:00,1298.8599853515625,1302.3599853515625,1290.9300537109375,2506430000,1299.5400390625
2006-09-12 00:00:00,1299.530029296875,1314.280029296875,1299.530029296875,2791580000,1313.0
2006-09-13 00:00:00,1312.739990234375,1319.9200439453125,1311.1199951171875,2597220000,1318.0699462890625
2006-09-14 00:00:00,1318.0,1318.0,1313.25,2351220000,1316.280029296875
2006-09-15 00:00:00,1316.280029296875,1324.6500244140625,1316.280029296875,3198030000,1319.6600341796875
2006-09-18 00:00:00,1319.8499755859375,1324.8699951171875,1318.1600341796875,2325080000,1321.1800537109375
2006-09-19 00:00:00,1321.1700439453125,1322.0400390625,1312.1700439453125,2390850000,1317.6400146484375
2006-09-20 00:00:00,1318.280029296875,1328.530029296875,1318.280029296875,2543070000,1325.1800537109375
2006-09-21 00:00:00,1324.8900146484375,1328.18994140625,1315.449951171875,2627440000,1318.030029296875
2006-09-22 00:00:00,1318.030029296875,1318.030029296875,1310.93994140625,2162880000,1314.780029296875
2006-09-25 00:00:00,1314.780029296875,1329.3499755859375,1311.5799560546875,2710240000,1326.3699951171875
2006-09-26 00:00:00,1326.3499755859375,1336.5999755859375,1325.300048828125,2673350000,1336.3499755859375
2006-09-27 00:00:00,1336.1199951171875,1340.0799560546875,1333.5400390625,2749190000,1336.5899658203125
2006-09-28 00:00:00,1336.56005859375,1340.280029296875,1333.75,2397820000,1338.8800048828125
2006-09-29 00:00:00,1339.1500244140625,1339.8800048828125,1335.6400146484375,2273430000,1335.8499755859375
2006-10-02 00:00:00,1335.8199462890625,1338.5400390625,1330.280029296875,2154480000,1331.3199462890625
2006-10-03 00:00:00,1331.3199462890625,1338.31005859375,1327.0999755859375,2682690000,1334.1099853515625
2006-10-04 00:00:00,1333.81005859375,1350.199951171875,1331.47998046875,3019880000,1350.199951171875
2006-10-05 00:00:00,1349.8399658203125,1353.7900390625,1347.75,2817240000,1353.219970703125
2006-10-06 00:00:00,1353.219970703125,1353.219970703125,1344.2099609375,2523000000,1349.5899658203125
2006-10-09 00:00:00,1349.5799560546875,1352.68994140625,1346.550048828125,1935170000,1350.6600341796875
2006-10-10 00:00:00,1350.6199951171875,1354.22998046875,1348.5999755859375,2376140000,1353.4200439453125
2006-10-11 00:00:00,1353.280029296875,1353.969970703125,1343.5699462890625,2521000000,1349.949951171875
2006-10-12 00:00:00,1349.93994140625,1363.760009765625,1349.93994140625,2514350000,1362.8299560546875
2006-10-13 00:00:00,1362.8199462890625,1366.6300048828125,1360.5,2482920000,1365.6199951171875
2006-10-16 00:00:00,1365.6099853515625,1370.199951171875,1364.47998046875,2305920000,1369.06005859375
2006-10-17 00:00:00,1369.050048828125,1369.050048828125,1356.8699951171875,2519620000,1364.050048828125
2006-10-18 00:00:00,1363.9300537109375,1372.8699951171875,1360.949951171875,2658840000,1365.800048828125
2006-10-19 00:00:00,1365.949951171875,1368.0899658203125,1362.06005859375,2619830000,1366.9599609375
2006-10-20 00:00:00,1366.93994140625,1368.6600341796875,1362.0999755859375,2526410000,1368.5999755859375
2006-10-23 00:00:00,1368.5799560546875,1377.4000244140625,1363.93994140625,2480430000,1377.02001953125
2006-10-24 00:00:00,1377.02001953125,1377.780029296875,1372.4200439453125,2876890000,1377.3800048828125
2006-10-25 00:00:00,1377.3599853515625,1383.6099853515625,1376.0,2953540000,1382.219970703125
2006-10-26 00:00:00,1382.2099609375,1389.449951171875,1379.469970703125,2793350000,1389.0799560546875
2006-10-27 00:00:00,1388.8900146484375,1388.8900146484375,1375.8499755859375,2458450000,1377.3399658203125
2006-10-30 00:00:00,1377.300048828125,1381.219970703125,1373.4599609375,2770440000,1377.9300537109375
2006-10-31 00:00:00,1377.9300537109375,1381.2099609375,1372.18994140625,2803030000,1377.93994140625
2006-11-01 00:00:00,1377.760009765625,1381.949951171875,1366.260009765625,2821160000,1367.81005859375
2006-11-02 00:00:00,1367.43994140625,1368.3900146484375,1362.2099609375,2646180000,1367.3399658203125
2006-11-03 00:00:00,1367.31005859375,1371.6800537109375,1360.97998046875,2419730000,1364.300048828125
2006-11-06 00:00:00,1364.27001953125,1381.4000244140625,1364.27001953125,2533550000,1379.780029296875
2006-11-07 00:00:00,1379.75,1388.18994140625,1379.18994140625,2636390000,1382.8399658203125
2006-11-08 00:00:00,1382.5,1388.6099853515625,1379.3299560546875,2814820000,1385.719970703125
2006-11-09 00:00:00,1385.4300537109375,1388.9200439453125,1377.31005859375,3012050000,1378.3299560546875
2006-11-10 00:00:00,1378.3299560546875,1381.0400390625,1375.5999755859375,2290200000,1380.9000244140625
2006-11-13 00:00:00,1380.5799560546875,1387.6099853515625,1378.800048828125,2386340000,1384.4200439453125
2006-11-14 00:00:00,1384.3599853515625,1394.489990234375,1379.0699462890625,3027480000,1393.219970703125
2006-11-15 00:00:00,1392.9100341796875,1401.3499755859375,1392.1300048828125,2831130000,1396.5699462890625
2006-11-16 00:00:00,1396.530029296875,1403.760009765625,1396.530029296875,2835730000,1399.760009765625
2006-11-17 00:00:00,1399.760009765625,1401.2099609375,1394.550048828125,2726100000,1401.199951171875
2006-11-20 00:00:00,1401.1700439453125,1404.3699951171875,1397.8499755859375,2546710000,1400.5
2006-11-21 00:00:00,1400.4300537109375,1403.489990234375,1399.989990234375,2597940000,1402.81005859375
2006-11-22 00:00:00,1402.68994140625,1407.8900146484375,1402.260009765625,2237710000,1406.0899658203125
2006-11-24 00:00:00,1405.93994140625,1405.93994140625,1399.25,832550000,1400.949951171875
2006-11-27 00:00:00,1400.949951171875,1400.949951171875,1381.43994140625,2711210000,1381.9599609375
2006-11-28 00:00:00,1381.6099853515625,1387.9100341796875,1377.8299560546875,2639750000,1386.719970703125
2006-11-29 00:00:00,1386.1099853515625,1401.1400146484375,1386.1099853515625,2790970000,1399.47998046875
2006-11-30 00:00:00,1399.469970703125,1406.300048828125,1393.8299560546875,4006230000,1400.6300048828125
2006-12-01 00:00:00,1400.6300048828125,1402.4599609375,1385.9300537109375,2800980000,1396.7099609375
2006-12-04 00:00:00,1396.6700439453125,1411.22998046875,1396.6700439453125,2766320000,1409.1199951171875
2006-12-05 00:00:00,1409.0999755859375,1415.27001953125,1408.780029296875,2755700000,1414.760009765625
2006-12-06 00:00:00,1414.4000244140625,1415.9300537109375,1411.050048828125,2725280000,1412.9000244140625
2006-12-07 00:00:00,1412.8599853515625,1418.27001953125,1406.800048828125,2743150000,1407.2900390625
2006-12-08 00:00:00,1407.27001953125,1414.0899658203125,1403.6700439453125,2440460000,1409.8399658203125
2006-12-11 00:00:00,1409.81005859375,1415.5999755859375,1408.56005859375,2289900000,1413.0400390625
2006-12-12 00:00:00,1413.0,1413.780029296875,1404.75,2738170000,1411.56005859375
2006-12-13 00:00:00,1411.3199462890625,1416.6400146484375,1411.050048828125,2552260000,1413.2099609375
2006-12-14 00:00:00,1413.1600341796875,1427.22998046875,1413.1600341796875,2729700000,1425.489990234375
2006-12-15 00:00:00,1425.47998046875,1431.6300048828125,1425.47998046875,3229580000,1427.0899658203125
2006-12-18 00:00:00,1427.0799560546875,1431.81005859375,1420.6500244140625,2568140000,1422.47998046875
2006-12-19 00:00:00,1422.4200439453125,1428.300048828125,1414.8800048828125,2717060000,1425.550048828125
2006-12-20 00:00:00,1425.510009765625,1429.050048828125,1423.510009765625,2387630000,1423.530029296875
2006-12-21 00:00:00,1423.199951171875,1426.4000244140625,1415.9000244140625,2322410000,1418.300048828125
2006-12-22 00:00:00,1418.0999755859375,1418.8199462890625,1410.280029296875,1647590000,1410.760009765625
2006-12-26 00:00:00,1410.75,1417.9100341796875,1410.449951171875,1310310000,1416.9000244140625
2006-12-27 00:00:00,1416.6300048828125,1427.719970703125,1416.6300048828125,1667370000,1426.8399658203125
2006-12-28 00:00:00,1426.77001953125,1427.260009765625,1422.050048828125,1508570000,1424.72998046875
2006-12-29 00:00:00,1424.7099609375,1427.0,1416.8399658203125,1678200000,1418.300048828125
2007-01-03 00:00:00,1418.030029296875,1429.4200439453125,1407.8599853515625,3429160000,1416.5999755859375
2007-01-04 00:00:00,1416.5999755859375,1421.8399658203125,1408.4300537109375,3004460000,1418.3399658203125
2007-01-05 00:00:00,1418.3399658203125,1418.3399658203125,1405.75,2919400000,1409.7099609375
2007-01-08 00:00:00,1409.260009765625,1414.97998046875,1403.969970703125,2763340000,1412.8399658203125
2007-01-09 00:00:00,1412.8399658203125,1415.6099853515625,1405.4200439453125,3038380000,1412.1099853515625
2007-01-10 00:00:00,1408.699951171875,1415.989990234375,1405.3199462890625,2764660000,1414.8499755859375
2007-01-11 00:00:00,1414.8399658203125,1427.1199951171875,1414.8399658203125,2857870000,1423.8199462890625
2007-01-12 00:00:00,1423.8199462890625,1431.22998046875,1422.5799560546875,2686480000,1430.72998046875
2007-01-16 00:00:00,1430.72998046875,1433.9300537109375,1428.6199951171875,2599530000,1431.9000244140625
2007-01-17 00:00:00,1431.77001953125,1435.27001953125,1428.5699462890625,2690270000,1430.6199951171875
2007-01-18 00:00:00,1430.5899658203125,1432.9599609375,1424.2099609375,2822430000,1426.3699951171875
2007-01-19 00:00:00,1426.3499755859375,1431.5699462890625,1425.18994140625,2777480000,1430.5
2007-01-22 00:00:00,1430.469970703125,1431.3900146484375,1420.4000244140625,2540120000,1422.949951171875
2007-01-23 00:00:00,1422.949951171875,1431.3299560546875,1421.6600341796875,2975070000,1427.989990234375
2007-01-24 00:00:00,1427.9599609375,1440.1400146484375,1427.9599609375,2783180000,1440.1300048828125
2007-01-25 00:00:00,1440.1199951171875,1440.68994140625,1422.3399658203125,2994330000,1423.9000244140625
2007-01-26 00:00:00,1423.9000244140625,1427.27001953125,1416.9599609375,2626620000,1422.1800537109375
2007-01-29 00:00:00,1422.030029296875,1426.93994140625,1418.4599609375,2730480000,1420.6199951171875
2007-01-30 00:00:00,1420.6099853515625,1428.8199462890625,1420.6099853515625,2706250000,1428.8199462890625
2007-01-31 00:00:00,1428.6500244140625,1441.6099853515625,1424.780029296875,2976690000,1438.239990234375
2007-02-01 00:00:00,1437.9000244140625,1446.6400146484375,1437.9000244140625,2914890000,1445.93994140625
2007-02-02 00:00:00,1445.93994140625,1449.3299560546875,1444.489990234375,2569450000,1448.3900146484375
2007-02-05 00:00:00,1448.3299560546875,1449.3800048828125,1443.8499755859375,2439430000,1446.989990234375
2007-02-06 00:00:00,1446.97998046875,1450.18994140625,1443.4000244140625,2608710000,1448.0
2007-02-07 00:00:00,1447.4100341796875,1452.989990234375,1446.43994140625,2618820000,1450.02001953125
2007-02-08 00:00:00,1449.989990234375,1450.449951171875,1442.81005859375,2816180000,1448.31005859375
2007-02-09 00:00:00,1448.25,1452.449951171875,1433.43994140625,2951810000,1438.06005859375
2007-02-12 00:00:00,1438.0,1439.1099853515625,1431.43994140625,2395680000,1433.3699951171875
2007-02-13 00:00:00,1433.219970703125,1444.4100341796875,1433.219970703125,2652150000,1444.260009765625
2007-02-14 00:00:00,1443.9100341796875,1457.6500244140625,1443.9100341796875,2699290000,1455.300048828125
2007-02-15 00:00:00,1455.1500244140625,1457.969970703125,1453.18994140625,2490920000,1456.81005859375
2007-02-16 00:00:00,1456.77001953125,1456.77001953125,1451.5699462890625,2399450000,1455.5400390625
2007-02-20 00:00:00,1455.530029296875,1460.530029296875,1449.199951171875,2337860000,1459.6800537109375
2007-02-21 00:00:00,1459.5999755859375,1459.5999755859375,1452.02001953125,2606980000,1457.6300048828125
2007-02-22 00:00:00,1457.2900390625,1461.5699462890625,1450.510009765625,1950770000,1456.3800048828125
2007-02-23 00:00:00,1456.219970703125,1456.219970703125,1448.3599853515625,2579950000,1451.18994140625
2007-02-26 00:00:00,1451.0400390625,1456.949951171875,1445.47998046875,2822170000,1449.3699951171875
2007-02-27 00:00:00,1449.25,1449.25,1389.4200439453125,4065230000,1399.0400390625
2007-02-28 00:00:00,1398.6400146484375,1415.8900146484375,1396.6500244140625,3925250000,1406.8199462890625
2007-03-01 00:00:00,1406.800048828125,1409.4599609375,1380.8699951171875,3874910000,1403.1700439453125
2007-03-02 00:00:00,1403.1600341796875,1403.4000244140625,1386.8699951171875,3312260000,1387.1700439453125
2007-03-05 00:00:00,1387.1099853515625,1391.8599853515625,1373.969970703125,3480520000,1374.1199951171875
2007-03-06 00:00:00,1374.06005859375,1397.9000244140625,1374.06005859375,3358160000,1395.4100341796875
2007-03-07 00:00:00,1395.02001953125,1401.1600341796875,1390.6400146484375,3141350000,1391.969970703125
2007-03-08 00:00:00,1391.8800048828125,1407.9300537109375,1391.8800048828125,3014850000,1401.8900146484375
2007-03-09 00:00:00,1401.8900146484375,1410.1500244140625,1397.300048828125,2623050000,1402.8399658203125
2007-03-12 00:00:00,1402.800048828125,1409.3399658203125,1398.4000244140625,2664000000,1406.5999755859375
2007-03-13 00:00:00,1406.22998046875,1406.22998046875,1377.7099609375,3485570000,1377.949951171875
2007-03-14 00:00:00,1377.8599853515625,1388.0899658203125,1363.97998046875,3758350000,1387.1700439453125
2007-03-15 00:00:00,1387.1099853515625,1395.72998046875,1385.1600341796875,2821900000,1392.280029296875
2007-03-16 00:00:00,1392.280029296875,1397.510009765625,1383.6300048828125,3393640000,1386.949951171875
2007-03-19 00:00:00,1386.949951171875,1403.199951171875,1386.949951171875,2777180000,1402.06005859375
2007-03-20 00:00:00,1402.0400390625,1411.530029296875,1400.699951171875,2795940000,1410.93994140625
2007-03-21 00:00:00,1410.9200439453125,1437.77001953125,1409.75,3184770000,1435.0400390625
2007-03-22 00:00:00,1435.0400390625,1437.6600341796875,1429.8800048828125,3129970000,1434.5400390625
2007-03-23 00:00:00,1434.5400390625,1438.8900146484375,1433.2099609375,2619020000,1436.1099853515625
2007-03-26 00:00:00,1436.1099853515625,1437.6500244140625,1423.280029296875,2754660000,1437.5
2007-03-27 00:00:00,1437.489990234375,1437.489990234375,1425.5400390625,2673040000,1428.6099853515625
2007-03-28 00:00:00,1428.3499755859375,1428.3499755859375,1414.0699462890625,3000440000,1417.22998046875
2007-03-29 00:00:00,1417.1700439453125,1426.239990234375,1413.27001953125,2854710000,1422.530029296875
2007-03-30 00:00:00,1422.52001953125,1429.219970703125,1408.9000244140625,2903960000,1420.8599853515625
2007-04-02 00:00:00,1420.8299560546875,1425.489990234375,1416.3699951171875,2875880000,1424.550048828125
2007-04-03 00:00:00,1424.27001953125,1440.5699462890625,1424.27001953125,2921760000,1437.77001953125
2007-04-04 00:00:00,1437.75,1440.1600341796875,1435.0799560546875,2616320000,1439.3699951171875
2007-04-05 00:00:00,1438.93994140625,1444.8800048828125,1436.6700439453125,2357230000,1443.760009765625
2007-04-09 00:00:00,1443.77001953125,1448.0999755859375,1443.280029296875,2349410000,1444.6099853515625
2007-04-10 00:00:00,1444.5799560546875,1448.72998046875,1443.989990234375,2510110000,1448.3900146484375
2007-04-11 00:00:00,1448.22998046875,1448.3900146484375,1436.1500244140625,2950190000,1438.8699951171875
2007-04-12 00:00:00,1438.8699951171875,1448.02001953125,1433.9100341796875,2770570000,1447.800048828125
2007-04-13 00:00:00,1447.800048828125,1453.1099853515625,1444.1500244140625,2690020000,1452.8499755859375
2007-04-16 00:00:00,1452.8399658203125,1468.6199951171875,1452.8399658203125,2870140000,1468.3299560546875
2007-04-17 00:00:00,1468.469970703125,1474.3499755859375,1467.1500244140625,2920570000,1471.47998046875
2007-04-18 00:00:00,1471.469970703125,1476.5699462890625,1466.4100341796875,2971330000,1472.5
2007-04-19 00:00:00,1472.47998046875,1474.22998046875,1464.469970703125,2913610000,1470.72998046875
2007-04-20 00:00:00,1470.68994140625,1484.739990234375,1470.68994140625,3329940000,1484.3499755859375
2007-04-23 00:00:00,1484.3299560546875,1487.3199462890625,1480.18994140625,2575020000,1480.9300537109375
2007-04-24 00:00:00,1480.9300537109375,1483.8199462890625,1473.739990234375,3119750000,1480.4100341796875
2007-04-25 00:00:00,1480.280029296875,1496.5899658203125,1480.280029296875,3252590000,1495.4200439453125
2007-04-26 00:00:00,1495.27001953125,1498.02001953125,1491.1700439453125,3211800000,1494.25
2007-04-27 00:00:00,1494.2099609375,1497.3199462890625,1488.6700439453125,2732810000,1494.0699462890625
2007-04-30 00:00:00,1494.0699462890625,1497.1600341796875,1482.2900390625,3093420000,1482.3699951171875
2007-05-01 00:00:00,1482.3699951171875,1487.27001953125,1476.699951171875,3400350000,1486.300048828125
2007-05-02 00:00:00,1486.1300048828125,1499.0999755859375,1486.1300048828125,3189800000,1495.9200439453125
2007-05-03 00:00:00,1495.56005859375,1503.3399658203125,1495.56005859375,3007970000,1502.3900146484375
2007-05-04 00:00:00,1502.3499755859375,1510.3399658203125,1501.800048828125,2761930000,1505.6199951171875
2007-05-07 00:00:00,1505.5699462890625,1511.0,1505.5400390625,2545090000,1509.47998046875
2007-05-08 00:00:00,1509.3599853515625,1509.3599853515625,1500.6600341796875,2795720000,1507.719970703125
2007-05-09 00:00:00,1507.3199462890625,1513.800048828125,1503.77001953125,2935550000,1512.5799560546875
2007-05-10 00:00:00,1512.3299560546875,1512.3299560546875,1491.4200439453125,3031240000,1491.469970703125
2007-05-11 00:00:00,1491.469970703125,1506.239990234375,1491.469970703125,2720780000,1505.8499755859375
2007-05-14 00:00:00,1505.760009765625,1510.9000244140625,1498.3399658203125,2776130000,1503.1500244140625
2007-05-15 00:00:00,1503.1099853515625,1514.8299560546875,1500.4300537109375,3071020000,1501.18994140625
2007-05-16 00:00:00,1500.75,1514.1500244140625,1500.75,2915350000,1514.1400146484375
2007-05-17 00:00:00,1514.010009765625,1517.1400146484375,1509.2900390625,2868640000,1512.75
2007-05-18 00:00:00,1512.739990234375,1522.75,1512.739990234375,2959050000,1522.75
2007-05-21 00:00:00,1522.75,1529.8699951171875,1522.7099609375,3465360000,1525.0999755859375
2007-05-22 00:00:00,1525.0999755859375,1529.239990234375,1522.050048828125,2860500000,1524.1199951171875
2007-05-23 00:00:00,1524.0899658203125,1532.4300537109375,1521.9000244140625,3084260000,1522.280029296875
2007-05-24 00:00:00,1522.0999755859375,1529.31005859375,1505.1800537109375,3365530000,1507.510009765625
2007-05-25 00:00:00,1507.5,1517.4100341796875,1507.5,2316250000,1515.72998046875
2007-05-29 00:00:00,1515.550048828125,1521.800048828125,1512.02001953125,2571790000,1518.1099853515625
2007-05-30 00:00:00,1517.5999755859375,1530.22998046875,1510.06005859375,2980210000,1530.22998046875
2007-05-31 00:00:00,1530.18994140625,1535.56005859375,1528.260009765625,3335530000,1530.6199951171875
2007-06-01 00:00:00,1530.6199951171875,1540.56005859375,1530.6199951171875,2927020000,1536.3399658203125
2007-06-04 00:00:00,1536.280029296875,1540.530029296875,1532.31005859375,2738930000,1539.1800537109375
2007-06-05 00:00:00,1539.1199951171875,1539.1199951171875,1525.6199951171875,2939450000,1530.949951171875
2007-06-06 00:00:00,1530.5699462890625,1530.5699462890625,1514.1300048828125,2964190000,1517.3800048828125
2007-06-07 00:00:00,1517.3599853515625,1517.3599853515625,1490.3699951171875,3538470000,1490.719970703125
2007-06-08 00:00:00,1490.7099609375,1507.760009765625,1487.4100341796875,2993460000,1507.6700439453125
2007-06-11 00:00:00,1507.6400146484375,1515.530029296875,1503.3499755859375,2525280000,1509.1199951171875
2007-06-12 00:00:00,1509.1199951171875,1511.3299560546875,1492.969970703125,3056200000,1493.0
2007-06-13 00:00:00,1492.6500244140625,1515.699951171875,1492.6500244140625,3077930000,1515.6700439453125
2007-06-14 00:00:00,1515.5799560546875,1526.449951171875,1515.5799560546875,2813630000,1522.969970703125
2007-06-15 00:00:00,1522.969970703125,1538.7099609375,1522.969970703125,3406030000,1532.9100341796875
2007-06-18 00:00:00,1532.9000244140625,1535.43994140625,1529.31005859375,2480240000,1531.050048828125
2007-06-19 00:00:00,1531.02001953125,1535.8499755859375,1525.6700439453125,2873590000,1533.699951171875
2007-06-20 00:00:00,1533.6800537109375,1537.3199462890625,1512.3599853515625,3286900000,1512.8399658203125
2007-06-21 00:00:00,1512.5,1522.9000244140625,1504.75,3161110000,1522.18994140625
2007-06-22 00:00:00,1522.18994140625,1522.18994140625,1500.739990234375,4284320000,1502.56005859375
2007-06-25 00:00:00,1502.56005859375,1514.2900390625,1492.6800537109375,3287250000,1497.739990234375
2007-06-26 00:00:00,1497.6800537109375,1506.1199951171875,1490.5400390625,3398530000,1492.8900146484375
2007-06-27 00:00:00,1492.6199951171875,1506.800048828125,1484.1800537109375,3398150000,1506.3399658203125
2007-06-28 00:00:00,1506.3199462890625,1514.8399658203125,1503.4100341796875,3006710000,1505.7099609375
2007-06-29 00:00:00,1505.699951171875,1517.530029296875,1493.6099853515625,3165410000,1503.3499755859375
2007-07-02 00:00:00,1504.6600341796875,1519.449951171875,1504.6600341796875,2648990000,1519.4300537109375
2007-07-03 00:00:00,1519.1199951171875,1526.010009765625,1519.1199951171875,1560790000,1524.8699951171875
2007-07-05 00:00:00,1524.8599853515625,1526.5699462890625,1517.719970703125,2622950000,1525.4000244140625
2007-07-06 00:00:00,1524.9599609375,1532.4000244140625,1520.469970703125,2441520000,1530.43994140625
2007-07-09 00:00:00,1530.4300537109375,1534.260009765625,1527.449951171875,2715330000,1531.8499755859375
2007-07-10 00:00:00,1531.8499755859375,1531.8499755859375,1510.010009765625,3244280000,1510.1199951171875
2007-07-11 00:00:00,1509.9300537109375,1519.3399658203125,1506.0999755859375,3082920000,1518.760009765625
2007-07-12 00:00:00,1518.739990234375,1547.9200439453125,1518.739990234375,3489600000,1547.699951171875
2007-07-13 00:00:00,1547.6800537109375,1555.0999755859375,1544.8499755859375,2801120000,1552.5
2007-07-16 00:00:00,1552.5,1555.9000244140625,1546.68994140625,2704110000,1549.52001953125
2007-07-17 00:00:00,1549.52001953125,1555.3199462890625,1547.739990234375,3007140000,1549.3699951171875
2007-07-18 00:00:00,1549.199951171875,1549.199951171875,1533.6700439453125,3609220000,1546.1700439453125
2007-07-19 00:00:00,1546.1300048828125,1555.199951171875,1546.1300048828125,3251450000,1553.0799560546875
2007-07-20 00:00:00,1553.18994140625,1553.18994140625,1529.199951171875,3745780000,1534.0999755859375
2007-07-23 00:00:00,1534.06005859375,1547.22998046875,1534.06005859375,3102700000,1541.5699462890625
2007-07-24 00:00:00,1541.5699462890625,1541.5699462890625,1508.6199951171875,4115830000,1511.0400390625
2007-07-25 00:00:00,1511.030029296875,1524.31005859375,1503.72998046875,4283200000,1518.0899658203125
2007-07-26 00:00:00,1518.0899658203125,1518.0899658203125,1465.300048828125,4472550000,1482.6600341796875
2007-07-27 00:00:00,1482.43994140625,1488.530029296875,1458.949951171875,4784650000,1458.949951171875
2007-07-30 00:00:00,1458.9300537109375,1477.8800048828125,1454.3199462890625,4128780000,1473.9100341796875
2007-07-31 00:00:00,1473.9000244140625,1488.300048828125,1454.25,4524520000,1455.27001953125
2007-08-01 00:00:00,1455.1800537109375,1468.3800048828125,1439.5899658203125,5256780000,1465.81005859375
2007-08-02 00:00:00,1465.4599609375,1476.4300537109375,1460.5799560546875,4368850000,1472.199951171875
2007-08-03 00:00:00,1472.1800537109375,1473.22998046875,1432.800048828125,4272110000,1433.06005859375
2007-08-06 00:00:00,1433.0400390625,1467.6700439453125,1427.3900146484375,5067200000,1467.6700439453125
2007-08-07 00:00:00,1467.6199951171875,1488.300048828125,1455.800048828125,4909390000,1476.7099609375
2007-08-08 00:00:00,1476.219970703125,1503.8900146484375,1476.219970703125,5499560000,1497.489990234375
2007-08-09 00:00:00,1497.2099609375,1497.2099609375,1453.0899658203125,5889600000,1453.0899658203125
2007-08-10 00:00:00,1453.0899658203125,1462.02001953125,1429.739990234375,5345780000,1453.6400146484375
2007-08-13 00:00:00,1453.4200439453125,1466.2900390625,1451.5400390625,3696280000,1452.9200439453125
2007-08-14 00:00:00,1452.8699951171875,1456.739990234375,1426.199951171875,3814630000,1426.5400390625
2007-08-15 00:00:00,1426.1500244140625,1440.780029296875,1404.3599853515625,4290930000,1406.699951171875
2007-08-16 00:00:00,1406.6400146484375,1415.969970703125,1370.5999755859375,6509300000,1411.27001953125
2007-08-17 00:00:00,1411.260009765625,1450.3299560546875,1411.260009765625,3570040000,1445.93994140625
2007-08-20 00:00:00,1445.93994140625,1451.75,1430.5400390625,3321340000,1445.550048828125
2007-08-21 00:00:00,1445.550048828125,1455.3199462890625,1439.760009765625,3012150000,1447.1199951171875
2007-08-22 00:00:00,1447.030029296875,1464.8599853515625,1447.030029296875,3309120000,1464.0699462890625
2007-08-23 00:00:00,1464.050048828125,1472.06005859375,1453.8800048828125,3084390000,1462.5
2007-08-24 00:00:00,1462.3399658203125,1479.4000244140625,1460.5400390625,2541400000,1479.3699951171875
2007-08-27 00:00:00,1479.3599853515625,1479.3599853515625,1465.97998046875,2406180000,1466.7900390625
2007-08-28 00:00:00,1466.719970703125,1466.719970703125,1432.010009765625,3078090000,1432.3599853515625
2007-08-29 00:00:00,1432.010009765625,1463.760009765625,1432.010009765625,2824070000,1463.760009765625
2007-08-30 00:00:00,1463.6700439453125,1468.4300537109375,1451.25,2582960000,1457.6400146484375
2007-08-31 00:00:00,1457.6099853515625,1481.469970703125,1457.6099853515625,2731610000,1473.989990234375
2007-09-04 00:00:00,1473.9599609375,1496.4000244140625,1472.1500244140625,2766600000,1489.4200439453125
2007-09-05 00:00:00,1488.760009765625,1488.760009765625,1466.3399658203125,2991600000,1472.2900390625
2007-09-06 00:00:00,1472.030029296875,1481.489990234375,1467.4100341796875,2459590000,1478.550048828125
2007-09-07 00:00:00,1478.550048828125,1478.550048828125,1449.0699462890625,3191080000,1453.550048828125
2007-09-10 00:00:00,1453.5,1462.25,1439.2900390625,2835720000,1451.699951171875
2007-09-11 00:00:00,1451.68994140625,1472.47998046875,1451.68994140625,3015330000,1471.489990234375
2007-09-12 00:00:00,1471.0999755859375,1479.5,1465.75,2885720000,1471.56005859375
2007-09-13 00:00:00,1471.469970703125,1489.5799560546875,1471.469970703125,2877080000,1483.949951171875
2007-09-14 00:00:00,1483.949951171875,1485.989990234375,1473.1800537109375,2641740000,1484.25
2007-09-17 00:00:00,1484.239990234375,1484.239990234375,1471.8199462890625,2598390000,1476.6500244140625
2007-09-18 00:00:00,1476.6300048828125,1519.8900146484375,1476.6300048828125,3708940000,1519.780029296875
2007-09-19 00:00:00,1519.75,1538.739990234375,1519.75,3846750000,1529.030029296875
2007-09-20 00:00:00,1528.68994140625,1529.1400146484375,1516.4200439453125,2957700000,1518.75
2007-09-21 00:00:00,1518.75,1530.8900146484375,1518.75,3679460000,1525.75
2007-09-24 00:00:00,1525.75,1530.1800537109375,1516.1500244140625,3131310000,1517.72998046875
2007-09-25 00:00:00,1516.3399658203125,1518.27001953125,1507.1300048828125,3187770000,1517.2099609375
2007-09-26 00:00:00,1518.6199951171875,1529.3900146484375,1518.6199951171875,3237390000,1525.4200439453125
2007-09-27 00:00:00,1527.3199462890625,1532.4599609375,1525.81005859375,2872180000,1531.3800048828125
2007-09-28 00:00:00,1531.239990234375,1533.739990234375,1521.989990234375,2925350000,1526.75
2007-10-01 00:00:00,1527.2900390625,1549.02001953125,1527.25,3281990000,1547.0400390625
2007-10-02 00:00:00,1546.9599609375,1548.010009765625,1540.3699951171875,3101910000,1546.6300048828125
2007-10-03 00:00:00,1545.800048828125,1545.8399658203125,1536.3399658203125,3065320000,1539.5899658203125
2007-10-04 00:00:00,1539.9100341796875,1544.02001953125,1537.6300048828125,2690430000,1542.8399658203125
2007-10-05 00:00:00,1543.8399658203125,1561.9100341796875,1543.8399658203125,2919030000,1557.5899658203125
2007-10-08 00:00:00,1556.510009765625,1556.510009765625,1549.0,2040650000,1552.5799560546875
2007-10-09 00:00:00,1553.1800537109375,1565.260009765625,1551.8199462890625,2932040000,1565.1500244140625
2007-10-10 00:00:00,1564.97998046875,1565.4200439453125,1555.4599609375,3044760000,1562.469970703125
2007-10-11 00:00:00,1564.719970703125,1576.0899658203125,1546.719970703125,3911260000,1554.4100341796875
2007-10-12 00:00:00,1555.4100341796875,1563.030029296875,1554.0899658203125,2788690000,1561.800048828125
2007-10-15 00:00:00,1562.25,1564.739990234375,1540.81005859375,3139290000,1548.7099609375
2007-10-16 00:00:00,1547.81005859375,1547.81005859375,1536.2900390625,3234560000,1538.530029296875
2007-10-17 00:00:00,1544.43994140625,1550.6600341796875,1526.010009765625,3638070000,1541.239990234375
2007-10-18 00:00:00,1539.2900390625,1542.7900390625,1531.760009765625,3203210000,1540.0799560546875
2007-10-19 00:00:00,1540.0,1540.0,1500.260009765625,4160970000,1500.6300048828125
2007-10-22 00:00:00,1497.7900390625,1508.06005859375,1490.4000244140625,3471830000,1506.3299560546875
2007-10-23 00:00:00,1509.300048828125,1520.010009765625,1503.6099853515625,3309120000,1519.5899658203125
2007-10-24 00:00:00,1516.6099853515625,1517.22998046875,1489.56005859375,4003300000,1515.8800048828125
2007-10-25 00:00:00,1516.1500244140625,1523.239990234375,1500.4599609375,4183960000,1514.4000244140625
2007-10-26 00:00:00,1522.1700439453125,1535.530029296875,1520.1800537109375,3612120000,1535.280029296875
2007-10-29 00:00:00,1536.9200439453125,1544.6700439453125,1536.4300537109375,3124480000,1540.97998046875
2007-10-30 00:00:00,1539.4200439453125,1539.4200439453125,1529.550048828125,3212520000,1531.02001953125
2007-10-31 00:00:00,1532.1500244140625,1552.760009765625,1529.4000244140625,3953070000,1549.3800048828125
2007-11-01 00:00:00,1545.7900390625,1545.7900390625,1506.6600341796875,4241470000,1508.43994140625
2007-11-02 00:00:00,1511.0699462890625,1513.1500244140625,1492.530029296875,4285990000,1509.6500244140625
2007-11-05 00:00:00,1505.6099853515625,1510.8399658203125,1489.949951171875,3819330000,1502.1700439453125
2007-11-06 00:00:00,1505.3299560546875,1520.77001953125,1499.0699462890625,3879160000,1520.27001953125
2007-11-07 00:00:00,1515.4599609375,1515.4599609375,1475.0400390625,4353160000,1475.6199951171875
2007-11-08 00:00:00,1475.27001953125,1482.5,1450.31005859375,5439720000,1474.77001953125
2007-11-09 00:00:00,1467.5899658203125,1474.0899658203125,1448.510009765625,4587050000,1453.699951171875
2007-11-12 00:00:00,1453.6600341796875,1464.93994140625,1438.530029296875,4192520000,1439.1800537109375
2007-11-13 00:00:00,1441.3499755859375,1481.3699951171875,1441.3499755859375,4141310000,1481.050048828125
2007-11-14 00:00:00,1483.4000244140625,1492.1400146484375,1466.469970703125,4031470000,1470.5799560546875
2007-11-15 00:00:00,1468.0400390625,1472.6700439453125,1443.489990234375,3941010000,1451.1500244140625
2007-11-16 00:00:00,1453.0899658203125,1462.1800537109375,1443.989990234375,4168870000,1458.739990234375
2007-11-19 00:00:00,1456.699951171875,1456.699951171875,1430.4200439453125,4119650000,1433.27001953125
2007-11-20 00:00:00,1434.510009765625,1452.6400146484375,1419.280029296875,4875150000,1439.699951171875
2007-11-21 00:00:00,1434.7099609375,1436.4000244140625,1415.6400146484375,4076230000,1416.77001953125
2007-11-23 00:00:00,1417.6199951171875,1440.8599853515625,1417.6199951171875,1612720000,1440.699951171875
2007-11-26 00:00:00,1440.739990234375,1446.0899658203125,1406.0999755859375,3706470000,1407.219970703125
2007-11-27 00:00:00,1409.5899658203125,1429.489990234375,1407.4300537109375,4320720000,1428.22998046875
2007-11-28 00:00:00,1432.949951171875,1471.6199951171875,1432.949951171875,4508020000,1469.02001953125
2007-11-29 00:00:00,1467.4100341796875,1473.81005859375,1458.3599853515625,3524730000,1469.719970703125
2007-11-30 00:00:00,1471.8299560546875,1488.93994140625,1470.8900146484375,4422200000,1481.1400146484375
2007-12-03 00:00:00,1479.6300048828125,1481.1600341796875,1470.0799560546875,3323250000,1472.4200439453125
2007-12-04 00:00:00,1471.3399658203125,1471.3399658203125,1460.6600341796875,3343620000,1462.7900390625
2007-12-05 00:00:00,1465.219970703125,1486.0899658203125,1465.219970703125,3663660000,1485.010009765625
2007-12-06 00:00:00,1484.5899658203125,1508.02001953125,1482.18994140625,3568570000,1507.3399658203125
2007-12-07 00:00:00,1508.5999755859375,1510.6300048828125,1502.6600341796875,3177710000,1504.6600341796875
2007-12-10 00:00:00,1505.1099853515625,1518.27001953125,1504.9599609375,2911760000,1515.9599609375
2007-12-11 00:00:00,1516.6800537109375,1523.5699462890625,1475.989990234375,4080180000,1477.6500244140625
2007-12-12 00:00:00,1487.5799560546875,1511.9599609375,1468.22998046875,4482120000,1486.5899658203125
2007-12-13 00:00:00,1483.27001953125,1489.4000244140625,1469.2099609375,3635170000,1488.4100341796875
2007-12-14 00:00:00,1486.18994140625,1486.6700439453125,1467.780029296875,3401050000,1467.949951171875
2007-12-17 00:00:00,1465.050048828125,1465.050048828125,1445.4300537109375,3569030000,1445.9000244140625
2007-12-18 00:00:00,1445.9200439453125,1460.1600341796875,1435.6500244140625,3723690000,1454.97998046875
2007-12-19 00:00:00,1454.699951171875,1464.4200439453125,1445.31005859375,3401300000,1453.0
2007-12-20 00:00:00,1456.4200439453125,1461.530029296875,1447.219970703125,3526890000,1460.1199951171875
2007-12-21 00:00:00,1463.18994140625,1485.4000244140625,1463.18994140625,4508590000,1484.4599609375
2007-12-24 00:00:00,1484.550048828125,1497.6300048828125,1484.550048828125,1267420000,1496.449951171875
2007-12-26 00:00:00,1495.1199951171875,1498.8499755859375,1488.199951171875,2010500000,1497.6600341796875
2007-12-27 00:00:00,1495.050048828125,1495.050048828125,1475.8599853515625,2365770000,1476.27001953125
2007-12-28 00:00:00,1479.8299560546875,1488.010009765625,1471.699951171875,2420510000,1478.489990234375
2007-12-31 00:00:00,1475.25,1475.8299560546875,1465.1300048828125,2440880000,1468.3599853515625
2008-01-02 00:00:00,1467.969970703125,1471.77001953125,1442.0699462890625,3452650000,1447.1600341796875
2008-01-03 00:00:00,1447.550048828125,1456.800048828125,1443.72998046875,3429500000,1447.1600341796875
2008-01-04 00:00:00,1444.010009765625,1444.010009765625,1411.18994140625,4166000000,1411.6300048828125
2008-01-07 00:00:00,1414.0699462890625,1423.8699951171875,1403.449951171875,4221260000,1416.1800537109375
2008-01-08 00:00:00,1415.7099609375,1430.280029296875,1388.300048828125,4705390000,1390.18994140625
2008-01-09 00:00:00,1390.25,1409.18994140625,1378.699951171875,5351030000,1409.1300048828125
2008-01-10 00:00:00,1406.780029296875,1429.0899658203125,1395.31005859375,5170490000,1420.3299560546875
2008-01-11 00:00:00,1419.9100341796875,1419.9100341796875,1394.8299560546875,4495840000,1401.02001953125
2008-01-14 00:00:00,1402.9100341796875,1417.8900146484375,1402.9100341796875,3682090000,1416.25
2008-01-15 00:00:00,1411.8800048828125,1411.8800048828125,1380.5999755859375,4601640000,1380.949951171875
2008-01-16 00:00:00,1377.4100341796875,1391.989990234375,1364.27001953125,5440620000,1373.199951171875
2008-01-17 00:00:00,1374.7900390625,1377.719970703125,1330.6700439453125,5303130000,1333.25
2008-01-18 00:00:00,1333.9000244140625,1350.280029296875,1312.510009765625,6004840000,1325.18994140625
2008-01-22 00:00:00,1312.93994140625,1322.0899658203125,1274.2900390625,6544690000,1310.5
2008-01-23 00:00:00,1310.4100341796875,1339.0899658203125,1270.050048828125,3241680000,1338.5999755859375
2008-01-24 00:00:00,1340.1300048828125,1355.1500244140625,1334.31005859375,5735300000,1352.0699462890625
2008-01-25 00:00:00,1357.3199462890625,1368.56005859375,1327.5,4882250000,1330.6099853515625
2008-01-28 00:00:00,1330.699951171875,1353.969970703125,1322.260009765625,4100930000,1353.9599609375
2008-01-29 00:00:00,1355.93994140625,1364.9300537109375,1350.18994140625,4232960000,1362.300048828125
2008-01-30 00:00:00,1362.219970703125,1385.8599853515625,1352.949951171875,4742760000,1355.81005859375
2008-01-31 00:00:00,1351.97998046875,1385.6199951171875,1334.0799560546875,4970290000,1378.550048828125
2008-02-01 00:00:00,1378.5999755859375,1396.02001953125,1375.9300537109375,4650770000,1395.4200439453125
2008-02-04 00:00:00,1395.3800048828125,1395.3800048828125,1379.68994140625,3495780000,1380.8199462890625
2008-02-05 00:00:00,1380.280029296875,1380.280029296875,1336.6400146484375,4315740000,1336.6400146484375
2008-02-06 00:00:00,1339.47998046875,1351.9599609375,1324.3399658203125,4008120000,1326.449951171875
2008-02-07 00:00:00,1324.010009765625,1347.1600341796875,1316.75,4589160000,1336.9100341796875
2008-02-08 00:00:00,1336.8800048828125,1341.219970703125,1321.06005859375,3768490000,1331.2900390625
2008-02-11 00:00:00,1331.9200439453125,1341.4000244140625,1320.3199462890625,3593140000,1339.1300048828125
2008-02-12 00:00:00,1340.550048828125,1362.0999755859375,1339.3599853515625,4044640000,1348.8599853515625
2008-02-13 00:00:00,1353.1199951171875,1369.22998046875,1350.780029296875,3856420000,1367.2099609375
2008-02-14 00:00:00,1367.3299560546875,1368.1600341796875,1347.31005859375,3644760000,1348.8599853515625
2008-02-15 00:00:00,1347.52001953125,1350.0,1338.1300048828125,3583300000,1349.989990234375
2008-02-19 00:00:00,1355.8599853515625,1367.280029296875,1345.050048828125,3613550000,1348.780029296875
2008-02-20 00:00:00,1348.3900146484375,1363.7099609375,1336.550048828125,3870520000,1360.030029296875
2008-02-21 00:00:00,1362.2099609375,1367.93994140625,1339.3399658203125,3696660000,1342.530029296875
2008-02-22 00:00:00,1344.219970703125,1354.300048828125,1327.0400390625,3572660000,1353.1099853515625
2008-02-25 00:00:00,1352.75,1374.3599853515625,1346.030029296875,3866350000,1371.800048828125
2008-02-26 00:00:00,1371.760009765625,1387.3399658203125,1363.2900390625,4096060000,1381.2900390625
2008-02-27 00:00:00,1378.949951171875,1388.3399658203125,1372.0,3904700000,1380.02001953125
2008-02-28 00:00:00,1378.1600341796875,1378.1600341796875,1363.1600341796875,3938580000,1367.6800537109375
2008-02-29 00:00:00,1364.0699462890625,1364.0699462890625,1325.4200439453125,4426730000,1330.6300048828125
2008-03-03 00:00:00,1330.449951171875,1335.1300048828125,1320.0400390625,4117570000,1331.3399658203125
2008-03-04 00:00:00,1329.5799560546875,1331.030029296875,1307.3900146484375,4757180000,1326.75
2008-03-05 00:00:00,1327.68994140625,1344.18994140625,1320.219970703125,4277710000,1333.699951171875
2008-03-06 00:00:00,1332.199951171875,1332.199951171875,1303.4200439453125,4323460000,1304.3399658203125
2008-03-07 00:00:00,1301.530029296875,1313.239990234375,1282.4300537109375,4565410000,1293.3699951171875
2008-03-10 00:00:00,1293.1600341796875,1295.010009765625,1272.6600341796875,4261240000,1273.3699951171875
2008-03-11 00:00:00,1274.4000244140625,1320.6500244140625,1274.4000244140625,5109080000,1320.6500244140625
2008-03-12 00:00:00,1321.1300048828125,1333.260009765625,1307.8599853515625,4414280000,1308.77001953125
2008-03-13 00:00:00,1305.260009765625,1321.6800537109375,1282.1099853515625,5073360000,1315.47998046875
2008-03-14 00:00:00,1316.050048828125,1321.469970703125,1274.8599853515625,5153780000,1288.1400146484375
2008-03-17 00:00:00,1283.2099609375,1287.5,1256.97998046875,5683010000,1276.5999755859375
2008-03-18 00:00:00,1277.1600341796875,1330.739990234375,1277.1600341796875,5335630000,1330.739990234375
2008-03-19 00:00:00,1330.969970703125,1341.510009765625,1298.4200439453125,5358550000,1298.4200439453125
2008-03-20 00:00:00,1299.6700439453125,1330.6700439453125,1295.219970703125,6145220000,1329.510009765625
2008-03-24 00:00:00,1330.2900390625,1359.6800537109375,1330.2900390625,4499000000,1349.8800048828125
2008-03-25 00:00:00,1349.0699462890625,1357.469970703125,1341.2099609375,4145120000,1352.989990234375
2008-03-26 00:00:00,1352.449951171875,1352.449951171875,1336.4100341796875,4055670000,1341.1300048828125
2008-03-27 00:00:00,1340.3399658203125,1345.6199951171875,1325.6600341796875,4037930000,1325.760009765625
2008-03-28 00:00:00,1327.02001953125,1334.8699951171875,1312.949951171875,3686980000,1315.219970703125
2008-03-31 00:00:00,1315.9200439453125,1328.52001953125,1312.81005859375,4188990000,1322.699951171875
2008-04-01 00:00:00,1326.4100341796875,1370.1800537109375,1326.4100341796875,4745120000,1370.1800537109375
2008-04-02 00:00:00,1369.9599609375,1377.949951171875,1361.550048828125,4320440000,1367.530029296875
2008-04-03 00:00:00,1365.68994140625,1375.6600341796875,1358.6800537109375,3920100000,1369.31005859375
2008-04-04 00:00:00,1369.8499755859375,1380.9100341796875,1362.8299560546875,3703100000,1370.4000244140625
2008-04-07 00:00:00,1373.68994140625,1386.739990234375,1369.02001953125,3747780000,1372.5400390625
2008-04-08 00:00:00,1370.1600341796875,1370.1600341796875,1360.6199951171875,3602500000,1365.5400390625
2008-04-09 00:00:00,1365.5,1368.3900146484375,1349.969970703125,3556670000,1354.489990234375
2008-04-10 00:00:00,1355.3699951171875,1367.239990234375,1350.1099853515625,3686150000,1360.550048828125
2008-04-11 00:00:00,1357.97998046875,1357.97998046875,1331.2099609375,3723790000,1332.8299560546875
2008-04-14 00:00:00,1332.199951171875,1335.6400146484375,1326.1600341796875,3565020000,1328.3199462890625
2008-04-15 00:00:00,1331.719970703125,1337.719970703125,1324.3499755859375,3581230000,1334.4300537109375
2008-04-16 00:00:00,1337.02001953125,1365.489990234375,1337.02001953125,4260370000,1364.7099609375
2008-04-17 00:00:00,1363.3699951171875,1368.5999755859375,1357.25,3713880000,1365.56005859375
2008-04-18 00:00:00,1369.0,1395.9000244140625,1369.0,4222380000,1390.3299560546875
2008-04-21 00:00:00,1387.719970703125,1390.22998046875,1379.25,3420570000,1388.1700439453125
2008-04-22 00:00:00,1386.4300537109375,1386.4300537109375,1369.8399658203125,3821900000,1375.93994140625
2008-04-23 00:00:00,1378.4000244140625,1387.8699951171875,1372.239990234375,4103610000,1379.9300537109375
2008-04-24 00:00:00,1380.52001953125,1397.719970703125,1371.0899658203125,4461660000,1388.8199462890625
2008-04-25 00:00:00,1387.8800048828125,1399.1099853515625,1379.97998046875,3891150000,1397.8399658203125
2008-04-28 00:00:00,1397.9599609375,1402.9000244140625,1394.4000244140625,3607000000,1396.3699951171875
2008-04-29 00:00:00,1395.6099853515625,1397.0,1386.699951171875,3815320000,1390.93994140625
2008-04-30 00:00:00,1391.219970703125,1404.5699462890625,1384.25,4508890000,1385.5899658203125
2008-05-01 00:00:00,1385.969970703125,1410.0699462890625,1383.0699462890625,4448780000,1409.3399658203125
2008-05-02 00:00:00,1409.1600341796875,1422.719970703125,1406.25,3953030000,1413.9000244140625
2008-05-05 00:00:00,1415.3399658203125,1415.3399658203125,1404.3699951171875,3410090000,1407.489990234375
2008-05-06 00:00:00,1405.5999755859375,1421.5699462890625,1397.0999755859375,3924100000,1418.260009765625
2008-05-07 00:00:00,1417.489990234375,1419.5400390625,1391.1600341796875,4075860000,1392.5699462890625
2008-05-08 00:00:00,1394.2900390625,1402.3499755859375,1389.3900146484375,3827550000,1397.6800537109375
2008-05-09 00:00:00,1394.9000244140625,1394.9000244140625,1384.1099853515625,3518620000,1388.280029296875
2008-05-12 00:00:00,1389.4000244140625,1404.06005859375,1386.199951171875,3370630000,1403.5799560546875
2008-05-13 00:00:00,1404.4000244140625,1406.300048828125,1396.260009765625,4018590000,1403.0400390625
2008-05-14 00:00:00,1405.6500244140625,1420.18994140625,1405.6500244140625,3979370000,1408.6600341796875
2008-05-15 00:00:00,1408.3599853515625,1424.4000244140625,1406.8699951171875,3836480000,1423.5699462890625
2008-05-16 00:00:00,1423.8900146484375,1425.8199462890625,1414.3499755859375,3842590000,1425.3499755859375
2008-05-19 00:00:00,1425.280029296875,1440.239990234375,1421.6300048828125,3683970000,1426.6300048828125
2008-05-20 00:00:00,1424.489990234375,1424.489990234375,1409.0899658203125,3854320000,1413.4000244140625
2008-05-21 00:00:00,1414.06005859375,1419.1199951171875,1388.81005859375,4517990000,1390.7099609375
2008-05-22 00:00:00,1390.8299560546875,1399.0699462890625,1390.22998046875,3955960000,1394.3499755859375
2008-05-23 00:00:00,1392.199951171875,1392.199951171875,1373.719970703125,3516380000,1375.9300537109375
2008-05-27 00:00:00,1375.969970703125,1387.4000244140625,1373.0699462890625,3588860000,1385.3499755859375
2008-05-28 00:00:00,1386.5400390625,1391.25,1378.1600341796875,3927240000,1390.8399658203125
2008-05-29 00:00:00,1390.5,1406.3199462890625,1388.5899658203125,3894440000,1398.260009765625
2008-05-30 00:00:00,1398.3599853515625,1404.4599609375,1398.0799560546875,3845630000,1400.3800048828125
2008-06-02 00:00:00,1399.6199951171875,1399.6199951171875,1377.7900390625,3714320000,1385.6700439453125
2008-06-03 00:00:00,1386.4200439453125,1393.1199951171875,1370.1199951171875,4396380000,1377.6500244140625
2008-06-04 00:00:00,1376.260009765625,1388.1800537109375,1371.739990234375,4338640000,1377.199951171875
2008-06-05 00:00:00,1377.47998046875,1404.050048828125,1377.47998046875,4350790000,1404.050048828125
2008-06-06 00:00:00,1400.06005859375,1400.06005859375,1359.9000244140625,4771660000,1360.6800537109375
2008-06-09 00:00:00,1360.8299560546875,1370.6300048828125,1350.6199951171875,4404570000,1361.760009765625
2008-06-10 00:00:00,1358.97998046875,1366.8399658203125,1351.56005859375,4635070000,1358.43994140625
2008-06-11 00:00:00,1357.0899658203125,1357.0899658203125,1335.469970703125,4779980000,1335.489990234375
2008-06-12 00:00:00,1335.780029296875,1353.030029296875,1331.2900390625,4734240000,1339.8699951171875
2008-06-13 00:00:00,1341.81005859375,1360.030029296875,1341.7099609375,4080420000,1360.030029296875
2008-06-16 00:00:00,1358.8499755859375,1364.699951171875,1352.0699462890625,3706940000,1360.1400146484375
2008-06-17 00:00:00,1360.7099609375,1366.5899658203125,1350.5400390625,3801960000,1350.9300537109375
2008-06-18 00:00:00,1349.5899658203125,1349.5899658203125,1333.4000244140625,4573570000,1337.81005859375
2008-06-19 00:00:00,1336.8900146484375,1347.6600341796875,1330.5,4811670000,1342.8299560546875
2008-06-20 00:00:00,1341.02001953125,1341.02001953125,1314.4599609375,5324900000,1317.9300537109375
2008-06-23 00:00:00,1319.77001953125,1323.780029296875,1315.31005859375,4186370000,1318.0
2008-06-24 00:00:00,1317.22998046875,1326.02001953125,1304.4200439453125,4705050000,1314.2900390625
2008-06-25 00:00:00,1314.5400390625,1335.6300048828125,1314.5400390625,4825640000,1321.969970703125
2008-06-26 00:00:00,1316.2900390625,1316.2900390625,1283.1500244140625,5231280000,1283.1500244140625
2008-06-27 00:00:00,1283.5999755859375,1289.449951171875,1272.0,6208260000,1278.3800048828125
2008-06-30 00:00:00,1278.06005859375,1290.31005859375,1274.8599853515625,5032330000,1280.0
2008-07-01 00:00:00,1276.68994140625,1285.31005859375,1260.6800537109375,5846290000,1284.9100341796875
2008-07-02 00:00:00,1285.8199462890625,1292.1700439453125,1261.510009765625,5276090000,1261.52001953125
2008-07-03 00:00:00,1262.9599609375,1271.47998046875,1252.010009765625,3247590000,1262.9000244140625
2008-07-07 00:00:00,1262.9000244140625,1273.949951171875,1240.6800537109375,5265420000,1252.31005859375
2008-07-08 00:00:00,1251.8399658203125,1274.1700439453125,1242.8399658203125,6034110000,1273.699951171875
2008-07-09 00:00:00,1273.3800048828125,1277.3599853515625,1244.5699462890625,5181000000,1244.68994140625
2008-07-10 00:00:00,1245.25,1257.6500244140625,1236.760009765625,5840430000,1253.3900146484375
2008-07-11 00:00:00,1248.6600341796875,1257.27001953125,1225.3499755859375,6742200000,1239.489990234375
2008-07-14 00:00:00,1241.6099853515625,1253.5,1225.010009765625,5434860000,1228.300048828125
2008-07-15 00:00:00,1226.8299560546875,1234.3499755859375,1200.43994140625,7363640000,1214.9100341796875
2008-07-16 00:00:00,1214.6500244140625,1245.52001953125,1211.3900146484375,6738630000,1245.3599853515625
2008-07-17 00:00:00,1246.31005859375,1262.31005859375,1241.489990234375,7365210000,1260.3199462890625
2008-07-18 00:00:00,1258.219970703125,1262.22998046875,1251.81005859375,5653280000,1260.6800537109375
2008-07-21 00:00:00,1261.8199462890625,1267.739990234375,1255.699951171875,4630640000,1260.0
2008-07-22 00:00:00,1257.0799560546875,1277.4200439453125,1248.8299560546875,6180230000,1277.0
2008-07-23 00:00:00,1278.8699951171875,1291.1700439453125,1276.06005859375,6705830000,1282.18994140625
2008-07-24 00:00:00,1283.219970703125,1283.219970703125,1251.47998046875,6127980000,1252.5400390625
2008-07-25 00:00:00,1253.510009765625,1263.22998046875,1251.75,4672560000,1257.760009765625
2008-07-28 00:00:00,1257.760009765625,1260.0899658203125,1234.3699951171875,4282960000,1234.3699951171875
2008-07-29 00:00:00,1236.3800048828125,1263.199951171875,1236.3800048828125,5414240000,1263.199951171875
2008-07-30 00:00:00,1264.52001953125,1284.3299560546875,1264.52001953125,5631330000,1284.260009765625
2008-07-31 00:00:00,1281.3699951171875,1284.9300537109375,1265.969970703125,5346050000,1267.3800048828125
2008-08-01 00:00:00,1269.4200439453125,1270.52001953125,1254.5400390625,4684870000,1260.31005859375
2008-08-04 00:00:00,1253.27001953125,1260.489990234375,1247.449951171875,4562280000,1249.010009765625
2008-08-05 00:00:00,1254.8699951171875,1284.8800048828125,1254.6700439453125,1219310000,1284.8800048828125
2008-08-06 00:00:00,1283.989990234375,1291.6700439453125,1276.0,4873420000,1289.18994140625
2008-08-07 00:00:00,1286.510009765625,1286.510009765625,1264.2900390625,5319380000,1266.0699462890625
2008-08-08 00:00:00,1266.2900390625,1297.8499755859375,1262.1099853515625,4966810000,1296.3199462890625
2008-08-11 00:00:00,1294.4200439453125,1313.1500244140625,1291.4100341796875,5067310000,1305.3199462890625
2008-08-12 00:00:00,1304.7900390625,1304.7900390625,1285.6400146484375,4711290000,1289.5899658203125
2008-08-13 00:00:00,1288.6400146484375,1294.030029296875,1274.8599853515625,4787600000,1285.8299560546875
2008-08-14 00:00:00,1282.1099853515625,1300.1099853515625,1276.8399658203125,4064000000,1292.9300537109375
2008-08-15 00:00:00,1293.8499755859375,1302.050048828125,1290.739990234375,4041820000,1298.199951171875
2008-08-18 00:00:00,1298.1400146484375,1300.219970703125,1274.510009765625,3829290000,1278.5999755859375
2008-08-19 00:00:00,1276.6500244140625,1276.6500244140625,1263.1099853515625,4159760000,1266.68994140625
2008-08-20 00:00:00,1267.3399658203125,1276.010009765625,1261.1600341796875,4555030000,1274.5400390625
2008-08-21 00:00:00,1271.0699462890625,1281.4000244140625,1265.219970703125,4032590000,1277.719970703125
2008-08-22 00:00:00,1277.5899658203125,1293.0899658203125,1277.5899658203125,3741070000,1292.199951171875
2008-08-25 00:00:00,1290.469970703125,1290.469970703125,1264.8699951171875,3420600000,1266.8399658203125
2008-08-26 00:00:00,1267.030029296875,1275.6500244140625,1263.2099609375,3587570000,1271.510009765625
2008-08-27 00:00:00,1271.2900390625,1285.050048828125,1270.030029296875,3499610000,1281.6600341796875
2008-08-28 00:00:00,1283.7900390625,1300.6800537109375,1283.7900390625,3854280000,1300.6800537109375
2008-08-29 00:00:00,1296.489990234375,1297.5899658203125,1282.739990234375,3288120000,1282.8299560546875
2008-09-02 00:00:00,1287.8299560546875,1303.0400390625,1272.199951171875,4783560000,1277.5799560546875
2008-09-03 00:00:00,1276.6099853515625,1280.5999755859375,1265.5899658203125,5056980000,1274.97998046875
2008-09-04 00:00:00,1271.800048828125,1271.800048828125,1232.8299560546875,5212500000,1236.8299560546875
2008-09-05 00:00:00,1233.2099609375,1244.93994140625,1217.22998046875,5017080000,1242.31005859375
2008-09-08 00:00:00,1249.5,1274.4200439453125,1247.1199951171875,7351340000,1267.7900390625
2008-09-09 00:00:00,1267.97998046875,1268.6600341796875,1224.510009765625,7380630000,1224.510009765625
2008-09-10 00:00:00,1227.5,1243.9000244140625,1221.5999755859375,6543440000,1232.0400390625
2008-09-11 00:00:00,1229.0400390625,1249.97998046875,1211.5400390625,6869250000,1249.050048828125
2008-09-12 00:00:00,1245.8800048828125,1255.0899658203125,1233.81005859375,6273260000,1251.699951171875
2008-09-15 00:00:00,1250.9200439453125,1250.9200439453125,1192.699951171875,8279510000,1192.699951171875
2008-09-16 00:00:00,1188.31005859375,1214.8399658203125,1169.280029296875,9459830000,1213.5999755859375
2008-09-17 00:00:00,1210.3399658203125,1210.3399658203125,1155.8800048828125,9431870000,1156.3900146484375
2008-09-18 00:00:00,1157.0799560546875,1211.1400146484375,1133.5,10082690000,1206.510009765625
2008-09-19 00:00:00,1213.1099853515625,1265.1199951171875,1213.1099853515625,9387170000,1255.0799560546875
2008-09-22 00:00:00,1255.3699951171875,1255.3699951171875,1205.6099853515625,5368130000,1207.0899658203125
2008-09-23 00:00:00,1207.6099853515625,1221.1500244140625,1187.06005859375,5185730000,1188.219970703125
2008-09-24 00:00:00,1188.7900390625,1197.4100341796875,1179.7900390625,4820360000,1185.8699951171875
2008-09-25 00:00:00,1187.8699951171875,1220.030029296875,1187.8699951171875,5877640000,1209.1800537109375
2008-09-26 00:00:00,1204.469970703125,1215.77001953125,1187.5400390625,5383610000,1213.27001953125
2008-09-29 00:00:00,1209.0699462890625,1209.0699462890625,1106.4200439453125,7305060000,1106.4200439453125
2008-09-30 00:00:00,1113.780029296875,1168.030029296875,1113.780029296875,4937680000,1166.3599853515625
2008-10-01 00:00:00,1164.1700439453125,1167.030029296875,1140.77001953125,5782130000,1161.06005859375
2008-10-02 00:00:00,1160.6400146484375,1160.6400146484375,1111.4300537109375,6285640000,1114.280029296875
2008-10-03 00:00:00,1115.1600341796875,1153.8199462890625,1098.1400146484375,6716120000,1099.22998046875
2008-10-06 00:00:00,1097.56005859375,1097.56005859375,1007.969970703125,7956020000,1056.8900146484375
2008-10-07 00:00:00,1057.5999755859375,1072.9100341796875,996.22998046875,7069210000,996.22998046875
2008-10-08 00:00:00,988.9099731445312,1021.0599975585938,970.969970703125,8716330000,984.9400024414062
2008-10-09 00:00:00,988.4199829101562,1005.25,909.1900024414062,6819000000,909.9199829101562
2008-10-10 00:00:00,902.3099975585938,936.3599853515625,839.7999877929688,11456230000,899.219970703125
2008-10-13 00:00:00,912.75,1006.9299926757812,912.75,7263370000,1003.3499755859375
2008-10-14 00:00:00,1009.969970703125,1044.31005859375,972.0700073242188,8161990000,998.010009765625
2008-10-15 00:00:00,994.5999755859375,994.5999755859375,903.989990234375,6542330000,907.8400268554688
2008-10-16 00:00:00,909.530029296875,947.7100219726562,865.8300170898438,7984500000,946.4299926757812
2008-10-17 00:00:00,942.2899780273438,984.6400146484375,918.739990234375,6581780000,940.5499877929688
2008-10-20 00:00:00,943.510009765625,985.4000244140625,943.510009765625,5175640000,985.4000244140625
2008-10-21 00:00:00,980.4000244140625,985.4400024414062,952.469970703125,5121830000,955.0499877929688
2008-10-22 00:00:00,951.6699829101562,951.6699829101562,875.8099975585938,6147980000,896.780029296875
2008-10-23 00:00:00,899.0800170898438,922.8300170898438,858.4400024414062,7189900000,908.1099853515625
2008-10-24 00:00:00,895.219970703125,896.2999877929688,852.8499755859375,6550050000,876.77001953125
2008-10-27 00:00:00,874.280029296875,893.780029296875,846.75,5558050000,848.9199829101562
2008-10-28 00:00:00,848.9199829101562,940.510009765625,845.27001953125,7096950000,940.510009765625
2008-10-29 00:00:00,939.510009765625,969.969970703125,922.260009765625,7077800000,930.0900268554688
2008-10-30 00:00:00,939.3800048828125,963.22998046875,928.5,6175830000,954.0900268554688
2008-10-31 00:00:00,953.1099853515625,984.3800048828125,944.5900268554688,6394350000,968.75
2008-11-03 00:00:00,968.6699829101562,975.5700073242188,958.8200073242188,4492280000,966.2999877929688
2008-11-04 00:00:00,971.3099975585938,1007.510009765625,971.3099975585938,5531290000,1005.75
2008-11-05 00:00:00,1001.8400268554688,1001.8400268554688,949.8599853515625,5426640000,952.77001953125
2008-11-06 00:00:00,952.4000244140625,952.4000244140625,899.72998046875,6102230000,904.8800048828125
2008-11-07 00:00:00,907.4400024414062,931.4600219726562,906.9000244140625,4931640000,930.989990234375
2008-11-10 00:00:00,936.75,951.9500122070312,907.469970703125,4572000000,919.2100219726562
2008-11-11 00:00:00,917.1500244140625,917.1500244140625,884.9000244140625,4998340000,898.9500122070312
2008-11-12 00:00:00,893.3900146484375,893.3900146484375,850.47998046875,5764180000,852.2999877929688
2008-11-13 00:00:00,853.1300048828125,913.010009765625,818.6900024414062,7849120000,911.2899780273438
2008-11-14 00:00:00,904.3599853515625,916.8800048828125,869.8800048828125,5881030000,873.2899780273438
2008-11-17 00:00:00,873.22998046875,882.2899780273438,848.97998046875,4927490000,850.75
2008-11-18 00:00:00,852.3400268554688,865.9000244140625,826.8400268554688,6679470000,859.1199951171875
2008-11-19 00:00:00,859.030029296875,864.5700073242188,806.1799926757812,6548600000,806.5800170898438
2008-11-20 00:00:00,805.8699951171875,820.52001953125,747.780029296875,9093740000,752.4400024414062
2008-11-21 00:00:00,755.8400268554688,801.2000122070312,741.02001953125,9495900000,800.030029296875
2008-11-24 00:00:00,801.2000122070312,865.5999755859375,801.2000122070312,7879440000,851.8099975585938
2008-11-25 00:00:00,853.4000244140625,868.9400024414062,834.989990234375,6952700000,857.3900146484375
2008-11-26 00:00:00,852.9000244140625,887.6799926757812,841.3699951171875,5793260000,887.6799926757812
2008-11-28 00:00:00,886.8900146484375,896.25,881.2100219726562,2740860000,896.239990234375
2008-12-01 00:00:00,888.6099853515625,888.6099853515625,815.6900024414062,6052010000,816.2100219726562
2008-12-02 00:00:00,817.9400024414062,850.5399780273438,817.9400024414062,6170100000,848.8099975585938
2008-12-03 00:00:00,843.5999755859375,873.1199951171875,827.5999755859375,6221880000,870.739990234375
2008-12-04 00:00:00,869.75,875.5999755859375,833.5999755859375,5860390000,845.219970703125
2008-12-05 00:00:00,844.4299926757812,879.4199829101562,818.4099731445312,6165370000,876.0700073242188
2008-12-08 00:00:00,882.7100219726562,918.5700073242188,882.7100219726562,6553600000,909.7000122070312
2008-12-09 00:00:00,906.47998046875,916.260009765625,885.3800048828125,5693110000,888.6699829101562
2008-12-10 00:00:00,892.1699829101562,908.27001953125,885.4500122070312,5942130000,899.239990234375
2008-12-11 00:00:00,898.3499755859375,904.6300048828125,868.72998046875,5513840000,873.5900268554688
2008-12-12 00:00:00,871.7899780273438,883.239990234375,851.3499755859375,5959590000,879.72998046875
2008-12-15 00:00:00,881.0700073242188,884.6300048828125,857.719970703125,4982390000,868.5700073242188
2008-12-16 00:00:00,871.530029296875,914.6599731445312,871.530029296875,6009780000,913.1799926757812
2008-12-17 00:00:00,908.1599731445312,918.8499755859375,895.9400024414062,5907380000,904.4199829101562
2008-12-18 00:00:00,905.97998046875,911.02001953125,877.4400024414062,5675000000,885.280029296875
2008-12-19 00:00:00,886.9600219726562,905.469970703125,883.02001953125,6705310000,887.8800048828125
2008-12-22 00:00:00,887.2000122070312,887.3699951171875,857.0900268554688,4869850000,871.6300048828125
2008-12-23 00:00:00,874.3099975585938,880.4400024414062,860.0999755859375,4051970000,863.1599731445312
2008-12-24 00:00:00,863.8699951171875,869.7899780273438,861.4400024414062,1546550000,868.1500244140625
2008-12-26 00:00:00,869.510009765625,873.739990234375,866.52001953125,1880050000,872.7999877929688
2008-12-29 00:00:00,872.3699951171875,873.7000122070312,857.0700073242188,3323430000,869.4199829101562
2008-12-30 00:00:00,870.5800170898438,891.1199951171875,870.5800170898438,3627800000,890.6400146484375
2008-12-31 00:00:00,890.5900268554688,910.3200073242188,889.6699829101562,4172940000,903.25
2009-01-02 00:00:00,902.989990234375,934.72998046875,899.3499755859375,4048270000,931.7999877929688
2009-01-05 00:00:00,929.1699829101562,936.6300048828125,919.530029296875,5413910000,927.4500122070312
2009-01-06 00:00:00,931.1699829101562,943.8499755859375,927.280029296875,5392620000,934.7000122070312
2009-01-07 00:00:00,927.4500122070312,927.4500122070312,902.3699951171875,4704940000,906.6500244140625
2009-01-08 00:00:00,905.72998046875,910.0,896.8099975585938,4991550000,909.72998046875
2009-01-09 00:00:00,909.9099731445312,911.9299926757812,888.3099975585938,4716500000,890.3499755859375
2009-01-12 00:00:00,890.4000244140625,890.4000244140625,864.3200073242188,4725050000,870.260009765625
2009-01-13 00:00:00,869.7899780273438,877.02001953125,862.02001953125,5567460000,871.7899780273438
2009-01-14 00:00:00,867.280029296875,867.280029296875,836.9299926757812,5407880000,842.6199951171875
2009-01-15 00:00:00,841.989990234375,851.5900268554688,817.0399780273438,7807350000,843.739990234375
2009-01-16 00:00:00,844.4500122070312,858.1300048828125,830.6599731445312,6786040000,850.1199951171875
2009-01-20 00:00:00,849.6400146484375,849.6400146484375,804.469970703125,6375230000,805.219970703125
2009-01-21 00:00:00,806.77001953125,841.719970703125,804.2999877929688,6467830000,840.239990234375
2009-01-22 00:00:00,839.739990234375,839.739990234375,811.2899780273438,5843830000,827.5
2009-01-23 00:00:00,822.1599731445312,838.6099853515625,806.0700073242188,5832160000,831.9500122070312
2009-01-26 00:00:00,832.5,852.530029296875,827.6900024414062,6039940000,836.5700073242188
2009-01-27 00:00:00,837.2999877929688,850.4500122070312,835.4000244140625,5353260000,845.7100219726562
2009-01-28 00:00:00,845.72998046875,877.8599853515625,845.72998046875,6199180000,874.0900268554688
2009-01-29 00:00:00,868.8900146484375,868.8900146484375,844.1500244140625,5067060000,845.1400146484375
2009-01-30 00:00:00,845.6900024414062,851.6599731445312,821.6699829101562,5350580000,825.8800048828125
2009-02-02 00:00:00,823.0900268554688,830.780029296875,812.8699951171875,5673270000,825.4400024414062
2009-02-03 00:00:00,825.6900024414062,842.5999755859375,821.97998046875,5886310000,838.510009765625
2009-02-04 00:00:00,837.77001953125,851.8499755859375,829.1799926757812,6420450000,832.22998046875
2009-02-05 00:00:00,831.75,850.5499877929688,819.9099731445312,6624030000,845.8499755859375
2009-02-06 00:00:00,846.0900268554688,870.75,845.4199829101562,6484100000,868.5999755859375
2009-02-09 00:00:00,868.239990234375,875.010009765625,861.6500244140625,5574370000,869.8900146484375
2009-02-10 00:00:00,866.8699951171875,868.0499877929688,822.989990234375,6770170000,827.1599731445312
2009-02-11 00:00:00,827.4099731445312,838.219970703125,822.2999877929688,5926460000,833.739990234375
2009-02-12 00:00:00,829.9099731445312,835.47998046875,808.0599975585938,6476460000,835.1900024414062
2009-02-13 00:00:00,833.9500122070312,839.4299926757812,825.2100219726562,5296650000,826.8400268554688
2009-02-17 00:00:00,818.6099853515625,818.6099853515625,789.1699829101562,5907820000,789.1699829101562
2009-02-18 00:00:00,791.0599975585938,796.1699829101562,780.4299926757812,5740710000,788.4199829101562
2009-02-19 00:00:00,787.9099731445312,797.5800170898438,777.030029296875,5746940000,778.9400024414062
2009-02-20 00:00:00,775.8699951171875,778.6900024414062,754.25,8210590000,770.0499877929688
2009-02-23 00:00:00,773.25,777.8499755859375,742.3699951171875,6509300000,743.3300170898438
2009-02-24 00:00:00,744.6900024414062,775.489990234375,744.6900024414062,7234490000,773.1400146484375
2009-02-25 00:00:00,770.6400146484375,780.1199951171875,752.8900146484375,7483640000,764.9000244140625
2009-02-26 00:00:00,765.760009765625,779.4199829101562,751.75,7599970000,752.8300170898438
2009-02-27 00:00:00,749.9299926757812,751.27001953125,734.52001953125,8926480000,735.0900268554688
2009-03-02 00:00:00,729.5700073242188,729.5700073242188,699.7000122070312,7868290000,700.8200073242188
2009-03-03 00:00:00,704.4400024414062,711.6699829101562,692.2999877929688,7583230000,696.3300170898438
2009-03-04 00:00:00,698.5999755859375,724.1199951171875,698.5999755859375,7673620000,712.8699951171875
2009-03-05 00:00:00,708.27001953125,708.27001953125,677.9299926757812,7507250000,682.5499877929688
2009-03-06 00:00:00,684.0399780273438,699.0900268554688,666.7899780273438,7331830000,683.3800048828125
2009-03-09 00:00:00,680.760009765625,695.27001953125,672.8800048828125,7277320000,676.530029296875
2009-03-10 00:00:00,679.280029296875,719.5999755859375,679.280029296875,8618330000,719.5999755859375
2009-03-11 00:00:00,719.5900268554688,731.9199829101562,713.8499755859375,7287810000,721.3599853515625
2009-03-12 00:00:00,720.8900146484375,752.6300048828125,714.760009765625,7326630000,750.739990234375
2009-03-13 00:00:00,751.969970703125,758.2899780273438,742.4600219726562,6787090000,756.5499877929688
2009-03-16 00:00:00,758.8400268554688,774.530029296875,753.3699951171875,7883540000,753.8900146484375
2009-03-17 00:00:00,753.8800048828125,778.1199951171875,749.9299926757812,6156800000,778.1199951171875
2009-03-18 00:00:00,776.010009765625,803.0399780273438,765.6400146484375,9098450000,794.3499755859375
2009-03-19 00:00:00,797.9199829101562,803.239990234375,781.8200073242188,9033870000,784.0399780273438
2009-03-20 00:00:00,784.5800170898438,788.9099731445312,766.2000122070312,7643720000,768.5399780273438
2009-03-23 00:00:00,772.3099975585938,823.3699951171875,772.3099975585938,7715770000,822.9199829101562
2009-03-24 00:00:00,820.5999755859375,823.6500244140625,805.47998046875,6767980000,806.1199951171875
2009-03-25 00:00:00,806.8099975585938,826.780029296875,791.3699951171875,7687180000,813.8800048828125
2009-03-26 00:00:00,814.0599975585938,832.97998046875,814.0599975585938,6992960000,832.8599853515625
2009-03-27 00:00:00,828.6799926757812,828.6799926757812,813.4299926757812,5600210000,815.9400024414062
2009-03-30 00:00:00,809.0700073242188,809.0700073242188,779.8099975585938,5912660000,787.530029296875
2009-03-31 00:00:00,790.8800048828125,810.47998046875,790.8800048828125,6089100000,797.8699951171875
2009-04-01 00:00:00,793.5900268554688,813.6199951171875,783.3200073242188,6034140000,811.0800170898438
2009-04-02 00:00:00,814.530029296875,845.6099853515625,814.530029296875,7542810000,834.3800048828125
2009-04-03 00:00:00,835.1300048828125,842.5,826.7000122070312,5855640000,842.5
2009-04-06 00:00:00,839.75,839.75,822.7899780273438,6210000000,835.47998046875
2009-04-07 00:00:00,834.1199951171875,834.1199951171875,814.530029296875,5155580000,815.5499877929688
2009-04-08 00:00:00,816.760009765625,828.4199829101562,814.8400268554688,5938460000,825.1599731445312
2009-04-09 00:00:00,829.2899780273438,856.9099731445312,829.2899780273438,7600710000,856.5599975585938
2009-04-13 00:00:00,855.3300170898438,864.3099975585938,845.3499755859375,6434890000,858.72998046875
2009-04-14 00:00:00,856.8800048828125,856.8800048828125,840.25,7569840000,841.5
2009-04-15 00:00:00,839.4400024414062,852.9299926757812,835.5800170898438,6241100000,852.0599975585938
2009-04-16 00:00:00,854.5399780273438,870.3499755859375,847.0399780273438,6598670000,865.2999877929688
2009-04-17 00:00:00,865.1799926757812,875.6300048828125,860.8699951171875,7352010000,869.5999755859375
2009-04-20 00:00:00,868.27001953125,868.27001953125,832.3900146484375,6973960000,832.3900146484375
2009-04-21 00:00:00,831.25,850.0900268554688,826.8300170898438,7436490000,850.0800170898438
2009-04-22 00:00:00,847.260009765625,861.780029296875,840.5700073242188,7327860000,843.5499877929688
2009-04-23 00:00:00,844.6199951171875,852.8699951171875,835.4500122070312,6563100000,851.9199829101562
2009-04-24 00:00:00,853.9099731445312,871.7999877929688,853.9099731445312,7114440000,866.22998046875
2009-04-27 00:00:00,862.8200073242188,868.8300170898438,854.6500244140625,5613460000,857.510009765625
2009-04-28 00:00:00,854.47998046875,864.47998046875,847.1199951171875,6328000000,855.1599731445312
2009-04-29 00:00:00,856.8499755859375,882.0599975585938,856.8499755859375,6101620000,873.6400146484375
2009-04-30 00:00:00,876.5900268554688,888.7000122070312,868.510009765625,6862540000,872.8099975585938
2009-05-01 00:00:00,872.739990234375,880.47998046875,866.0999755859375,5312170000,877.52001953125
2009-05-04 00:00:00,879.2100219726562,907.8499755859375,879.2100219726562,7038840000,907.239990234375
2009-05-05 00:00:00,906.0999755859375,907.7000122070312,897.3400268554688,6882860000,903.7999877929688
2009-05-06 00:00:00,903.9500122070312,920.280029296875,903.9500122070312,8555040000,919.530029296875
2009-05-07 00:00:00,919.5800170898438,929.5800170898438,901.3599853515625,9120100000,907.3900146484375
2009-05-08 00:00:00,909.030029296875,930.1699829101562,909.030029296875,8163280000,929.22998046875
2009-05-11 00:00:00,922.989990234375,922.989990234375,908.6799926757812,6150600000,909.239990234375
2009-05-12 00:00:00,910.52001953125,915.5700073242188,896.4600219726562,6871750000,908.3499755859375
2009-05-13 00:00:00,905.4000244140625,905.4000244140625,882.7999877929688,7091820000,883.9199829101562
2009-05-14 00:00:00,884.239990234375,898.3599853515625,882.52001953125,6134870000,893.0700073242188
2009-05-15 00:00:00,892.760009765625,896.969970703125,878.9400024414062,5439720000,882.8800048828125
2009-05-18 00:00:00,886.0700073242188,910.0,886.0700073242188,5702150000,909.7100219726562
2009-05-19 00:00:00,909.6699829101562,916.3900146484375,905.219970703125,6616270000,908.1300048828125
2009-05-20 00:00:00,908.6199951171875,924.5999755859375,901.3699951171875,8205060000,903.469970703125
2009-05-21 00:00:00,900.4199829101562,900.4199829101562,879.6099853515625,6019840000,888.3300170898438
2009-05-22 00:00:00,888.6799926757812,896.6500244140625,883.75,5155320000,887.0
2009-05-26 00:00:00,887.0,911.760009765625,881.4600219726562,5667050000,910.3300170898438
2009-05-27 00:00:00,909.9500122070312,913.8400268554688,891.8699951171875,5698800000,893.0599975585938
2009-05-28 00:00:00,892.9600219726562,909.4500122070312,887.5999755859375,5738980000,906.8300170898438
2009-05-29 00:00:00,907.02001953125,920.02001953125,903.5599975585938,6050420000,919.1400146484375
2009-06-01 00:00:00,923.260009765625,947.77001953125,923.260009765625,6370440000,942.8699951171875
2009-06-02 00:00:00,942.8699951171875,949.3800048828125,938.4600219726562,5987340000,944.739990234375
2009-06-03 00:00:00,942.510009765625,942.510009765625,923.8499755859375,5323770000,931.760009765625
2009-06-04 00:00:00,932.489990234375,942.469970703125,929.3200073242188,5352890000,942.4600219726562
2009-06-05 00:00:00,945.6699829101562,951.6900024414062,934.1300048828125,5277910000,940.0900268554688
2009-06-08 00:00:00,938.1199951171875,946.3300170898438,926.4400024414062,4483430000,939.1400146484375
2009-06-09 00:00:00,940.3499755859375,946.9199829101562,936.1500244140625,4439950000,942.4299926757812
2009-06-10 00:00:00,942.72998046875,949.77001953125,927.969970703125,5379420000,939.1500244140625
2009-06-11 00:00:00,939.0399780273438,956.22998046875,939.0399780273438,5500840000,944.8900146484375
2009-06-12 00:00:00,943.4400024414062,946.2999877929688,935.6599731445312,4528120000,946.2100219726562
2009-06-15 00:00:00,942.4500122070312,942.4500122070312,919.6500244140625,4697880000,923.719970703125
2009-06-16 00:00:00,925.5999755859375,928.0,911.5999755859375,4951200000,911.969970703125
2009-06-17 00:00:00,911.8900146484375,918.4400024414062,903.780029296875,5523650000,910.7100219726562
2009-06-18 00:00:00,910.8599853515625,921.9299926757812,907.9400024414062,4684010000,918.3699951171875
2009-06-19 00:00:00,919.9600219726562,927.0900268554688,915.7999877929688,5713390000,921.22998046875
2009-06-22 00:00:00,918.1300048828125,918.1300048828125,893.0399780273438,4903940000,893.0399780273438
2009-06-23 00:00:00,893.4600219726562,898.6900024414062,888.8599853515625,5071020000,895.0999755859375
2009-06-24 00:00:00,896.3099975585938,910.8499755859375,896.3099975585938,4636720000,900.9400024414062
2009-06-25 00:00:00,899.4500122070312,921.4199829101562,896.27001953125,4911240000,920.260009765625
2009-06-26 00:00:00,918.8400268554688,922.0,913.030029296875,6076660000,918.9000244140625
2009-06-29 00:00:00,919.8599853515625,927.989990234375,916.1799926757812,4211760000,927.22998046875
2009-06-30 00:00:00,927.1500244140625,930.010009765625,912.8599853515625,4627570000,919.3200073242188
2009-07-01 00:00:00,920.8200073242188,931.9199829101562,920.8200073242188,3919400000,923.3300170898438
2009-07-02 00:00:00,921.239990234375,921.239990234375,896.4199829101562,3931000000,896.4199829101562
2009-07-06 00:00:00,894.27001953125,898.719970703125,886.3599853515625,4712580000,898.719970703125
2009-07-07 00:00:00,898.5999755859375,898.5999755859375,879.9299926757812,4673300000,881.030029296875
2009-07-08 00:00:00,881.9000244140625,886.7999877929688,869.3200073242188,5721780000,879.5599975585938
2009-07-09 00:00:00,881.280029296875,887.8599853515625,878.4500122070312,4347170000,882.6799926757812
2009-07-10 00:00:00,880.030029296875,883.5700073242188,872.8099975585938,3912080000,879.1300048828125
2009-07-13 00:00:00,879.5700073242188,901.0499877929688,875.3200073242188,4499440000,901.0499877929688
2009-07-14 00:00:00,900.77001953125,905.8400268554688,896.5,4149030000,905.8400268554688
2009-07-15 00:00:00,910.1500244140625,933.9500122070312,910.1500244140625,5238830000,932.6799926757812
2009-07-16 00:00:00,930.1699829101562,943.9600219726562,927.4500122070312,4898640000,940.739990234375
2009-07-17 00:00:00,940.5599975585938,941.8900146484375,934.6500244140625,5141380000,940.3800048828125
2009-07-20 00:00:00,942.0700073242188,951.6199951171875,940.989990234375,4853150000,951.1300048828125
2009-07-21 00:00:00,951.969970703125,956.530029296875,943.219970703125,5309300000,954.5800170898438
2009-07-22 00:00:00,953.4000244140625,959.8300170898438,947.75,4634100000,954.0700073242188
2009-07-23 00:00:00,954.0700073242188,979.4199829101562,953.27001953125,5761650000,976.2899780273438
2009-07-24 00:00:00,972.1599731445312,979.7899780273438,965.9500122070312,4458300000,979.260009765625
2009-07-27 00:00:00,978.6300048828125,982.489990234375,972.2899780273438,4631290000,982.1799926757812
2009-07-28 00:00:00,981.47998046875,982.3499755859375,969.3499755859375,5490350000,979.6199951171875
2009-07-29 00:00:00,977.6599731445312,977.760009765625,968.6500244140625,5178770000,975.1500244140625
2009-07-30 00:00:00,976.010009765625,996.6799926757812,976.010009765625,6035180000,986.75
2009-07-31 00:00:00,986.7999877929688,993.1799926757812,982.8499755859375,5139070000,987.47998046875
2009-08-03 00:00:00,990.219970703125,1003.6099853515625,990.219970703125,5603440000,1002.6300048828125
2009-08-04 00:00:00,1001.4099731445312,1007.1199951171875,996.6799926757812,5713700000,1005.6500244140625
2009-08-05 00:00:00,1005.4099731445312,1006.6400146484375,994.3099975585938,7242120000,1002.719970703125
2009-08-06 00:00:00,1004.0599975585938,1008.0,992.489990234375,6753380000,997.0800170898438
2009-08-07 00:00:00,999.8300170898438,1018.0,999.8300170898438,6827090000,1010.47998046875
2009-08-10 00:00:00,1008.8900146484375,1010.1199951171875,1000.989990234375,5406080000,1007.0999755859375
2009-08-11 00:00:00,1005.77001953125,1005.77001953125,992.4000244140625,5773160000,994.3499755859375
2009-08-12 00:00:00,994.0,1012.780029296875,993.3599853515625,5498170000,1005.8099975585938
2009-08-13 00:00:00,1005.8599853515625,1013.1400146484375,1000.8200073242188,5250660000,1012.72998046875
2009-08-14 00:00:00,1012.22998046875,1012.5999755859375,994.5999755859375,4940750000,1004.0900268554688
2009-08-17 00:00:00,998.1799926757812,998.1799926757812,978.510009765625,4088570000,979.72998046875
2009-08-18 00:00:00,980.6199951171875,991.2000122070312,980.6199951171875,4198970000,989.6699829101562
2009-08-19 00:00:00,986.8800048828125,999.6099853515625,980.6199951171875,4257000000,996.4600219726562
2009-08-20 00:00:00,996.4099731445312,1008.9199829101562,996.3900146484375,4893160000,1007.3699951171875
2009-08-21 00:00:00,1009.0599975585938,1027.5899658203125,1009.0599975585938,5885550000,1026.1300048828125
2009-08-24 00:00:00,1026.5899658203125,1035.8199462890625,1022.47998046875,6302450000,1025.5699462890625
2009-08-25 00:00:00,1026.6300048828125,1037.75,1026.2099609375,5768740000,1028.0
2009-08-26 00:00:00,1027.3499755859375,1032.469970703125,1021.5700073242188,5080060000,1028.1199951171875
2009-08-27 00:00:00,1027.81005859375,1033.3299560546875,1016.2000122070312,5785880000,1030.97998046875
2009-08-28 00:00:00,1031.6199951171875,1039.469970703125,1023.1300048828125,5785780000,1028.9300537109375
2009-08-31 00:00:00,1025.2099609375,1025.2099609375,1014.6199951171875,5004560000,1020.6199951171875
2009-09-01 00:00:00,1019.52001953125,1028.449951171875,996.280029296875,6862360000,998.0399780273438
2009-09-02 00:00:00,996.0700073242188,1000.3400268554688,991.969970703125,5842730000,994.75
2009-09-03 00:00:00,996.1199951171875,1003.4299926757812,992.25,4624280000,1003.239990234375
2009-09-04 00:00:00,1003.8400268554688,1016.47998046875,1001.6500244140625,4097370000,1016.4000244140625
2009-09-08 00:00:00,1018.6699829101562,1026.0699462890625,1018.6699829101562,5235160000,1025.3900146484375
2009-09-09 00:00:00,1025.3599853515625,1036.3399658203125,1023.969970703125,5202550000,1033.3699951171875
2009-09-10 00:00:00,1032.989990234375,1044.1400146484375,1028.0400390625,5191380000,1044.1400146484375
2009-09-11 00:00:00,1043.9200439453125,1048.1800537109375,1038.4000244140625,4922600000,1042.72998046875
2009-09-14 00:00:00,1040.1500244140625,1049.739990234375,1035.0,4979610000,1049.3399658203125
2009-09-15 00:00:00,1049.030029296875,1056.0400390625,1043.4200439453125,6185620000,1052.6300048828125
2009-09-16 00:00:00,1053.989990234375,1068.760009765625,1052.8699951171875,6793530000,1068.760009765625
2009-09-17 00:00:00,1067.8699951171875,1074.77001953125,1061.199951171875,6668110000,1065.489990234375
2009-09-18 00:00:00,1066.5999755859375,1071.52001953125,1064.27001953125,5607970000,1068.300048828125
2009-09-21 00:00:00,1067.1400146484375,1067.280029296875,1057.4599609375,4615280000,1064.6600341796875
2009-09-22 00:00:00,1066.3499755859375,1073.81005859375,1066.3499755859375,5246600000,1071.6600341796875
2009-09-23 00:00:00,1072.68994140625,1080.1500244140625,1060.3900146484375,5531930000,1060.8699951171875
2009-09-24 00:00:00,1062.56005859375,1066.2900390625,1045.8499755859375,5505610000,1050.780029296875
2009-09-25 00:00:00,1049.47998046875,1053.469970703125,1041.1700439453125,4507090000,1044.3800048828125
2009-09-28 00:00:00,1045.3800048828125,1065.1300048828125,1045.3800048828125,3726950000,1062.97998046875
2009-09-29 00:00:00,1063.68994140625,1069.6199951171875,1057.8299560546875,4949900000,1060.6099853515625
2009-09-30 00:00:00,1061.02001953125,1063.4000244140625,1046.469970703125,5998860000,1057.0799560546875
2009-10-01 00:00:00,1054.9100341796875,1054.9100341796875,1029.449951171875,5791450000,1029.8499755859375
2009-10-02 00:00:00,1029.7099609375,1030.5999755859375,1019.9500122070312,5583240000,1025.2099609375
2009-10-05 00:00:00,1026.8699951171875,1042.5799560546875,1025.9200439453125,4313310000,1040.4599609375
2009-10-06 00:00:00,1042.02001953125,1060.550048828125,1042.02001953125,5029840000,1054.719970703125
2009-10-07 00:00:00,1053.6500244140625,1058.02001953125,1050.0999755859375,4238220000,1057.5799560546875
2009-10-08 00:00:00,1060.030029296875,1070.6700439453125,1060.030029296875,4988400000,1065.47998046875
2009-10-09 00:00:00,1065.280029296875,1071.510009765625,1063.0,3763780000,1071.489990234375
2009-10-12 00:00:00,1071.6300048828125,1079.4599609375,1071.6300048828125,3710430000,1076.18994140625
2009-10-13 00:00:00,1074.9599609375,1075.300048828125,1066.7099609375,4320480000,1073.18994140625
2009-10-14 00:00:00,1078.6800537109375,1093.1700439453125,1078.6800537109375,5406420000,1092.02001953125
2009-10-15 00:00:00,1090.3599853515625,1096.56005859375,1086.4100341796875,5369780000,1096.56005859375
2009-10-16 00:00:00,1094.6700439453125,1094.6700439453125,1081.530029296875,4894740000,1087.6800537109375
2009-10-19 00:00:00,1088.219970703125,1100.1700439453125,1086.47998046875,4619240000,1097.9100341796875
2009-10-20 00:00:00,1098.6400146484375,1098.6400146484375,1086.1600341796875,5396930000,1091.06005859375
2009-10-21 00:00:00,1090.3599853515625,1101.3599853515625,1080.77001953125,5616290000,1081.4000244140625
2009-10-22 00:00:00,1080.9599609375,1095.2099609375,1074.31005859375,5192410000,1092.9100341796875
2009-10-23 00:00:00,1095.6199951171875,1095.8299560546875,1075.489990234375,4767460000,1079.5999755859375
2009-10-26 00:00:00,1080.3599853515625,1091.75,1065.22998046875,6363380000,1066.949951171875
2009-10-27 00:00:00,1067.5400390625,1072.47998046875,1060.6199951171875,5337380000,1063.4100341796875
2009-10-28 00:00:00,1061.510009765625,1063.260009765625,1042.18994140625,6600350000,1042.6300048828125
2009-10-29 00:00:00,1043.68994140625,1066.8299560546875,1043.68994140625,5595040000,1066.1099853515625
2009-10-30 00:00:00,1065.4100341796875,1065.4100341796875,1033.3800048828125,6512420000,1036.18994140625
2009-11-02 00:00:00,1036.1800537109375,1052.1800537109375,1029.3800048828125,6202640000,1042.8800048828125
2009-11-03 00:00:00,1040.9200439453125,1046.3599853515625,1033.93994140625,5487500000,1045.4100341796875
2009-11-04 00:00:00,1047.1400146484375,1061.0,1045.1500244140625,5635510000,1046.5
2009-11-05 00:00:00,1047.300048828125,1066.6500244140625,1047.300048828125,4848350000,1066.6300048828125
2009-11-06 00:00:00,1064.949951171875,1071.47998046875,1059.3199462890625,4277130000,1069.300048828125
2009-11-09 00:00:00,1072.31005859375,1093.18994140625,1072.31005859375,4460030000,1093.0799560546875
2009-11-10 00:00:00,1091.8599853515625,1096.4200439453125,1087.4000244140625,4394770000,1093.010009765625
2009-11-11 00:00:00,1096.0400390625,1105.3699951171875,1093.81005859375,4286700000,1098.510009765625
2009-11-12 00:00:00,1098.31005859375,1101.969970703125,1084.9000244140625,4160250000,1087.239990234375
2009-11-13 00:00:00,1087.5899658203125,1097.7900390625,1085.3299560546875,3792610000,1093.47998046875
2009-11-16 00:00:00,1094.1300048828125,1113.68994140625,1094.1300048828125,4565850000,1109.300048828125
2009-11-17 00:00:00,1109.219970703125,1110.52001953125,1102.18994140625,3824070000,1110.3199462890625
2009-11-18 00:00:00,1109.43994140625,1111.0999755859375,1102.699951171875,4293340000,1109.800048828125
2009-11-19 00:00:00,1106.43994140625,1106.43994140625,1088.4000244140625,4178030000,1094.9000244140625
2009-11-20 00:00:00,1094.6600341796875,1094.6600341796875,1086.81005859375,3751230000,1091.3800048828125
2009-11-23 00:00:00,1094.8599853515625,1112.3800048828125,1094.8599853515625,3827920000,1106.239990234375
2009-11-24 00:00:00,1105.8299560546875,1107.56005859375,1097.6300048828125,3700820000,1105.6500244140625
2009-11-25 00:00:00,1106.489990234375,1111.1800537109375,1104.75,3036350000,1110.6300048828125
2009-11-27 00:00:00,1105.469970703125,1105.469970703125,1083.739990234375,2362910000,1091.489990234375
2009-11-30 00:00:00,1091.0699462890625,1097.239990234375,1086.25,3895520000,1095.6300048828125
2009-12-01 00:00:00,1098.8900146484375,1112.280029296875,1098.8900146484375,4249310000,1108.8599853515625
2009-12-02 00:00:00,1109.030029296875,1115.5799560546875,1105.2900390625,3941340000,1109.239990234375
2009-12-03 00:00:00,1110.5899658203125,1117.280029296875,1098.739990234375,4810030000,1099.9200439453125
2009-12-04 00:00:00,1100.4300537109375,1119.1300048828125,1096.52001953125,5781140000,1105.97998046875
2009-12-07 00:00:00,1105.52001953125,1110.719970703125,1100.8299560546875,4103360000,1103.25
2009-12-08 00:00:00,1103.0400390625,1103.0400390625,1088.6099853515625,4748030000,1091.93994140625
2009-12-09 00:00:00,1091.0699462890625,1097.0400390625,1085.8900146484375,4115410000,1095.949951171875
2009-12-10 00:00:00,1098.68994140625,1106.25,1098.68994140625,3996490000,1102.3499755859375
2009-12-11 00:00:00,1103.9599609375,1108.5,1101.3399658203125,3791090000,1106.4100341796875
2009-12-14 00:00:00,1107.8399658203125,1114.760009765625,1107.8399658203125,4548490000,1114.1099853515625
2009-12-15 00:00:00,1114.1099853515625,1114.1099853515625,1105.3499755859375,5045100000,1107.9300537109375
2009-12-16 00:00:00,1108.6099853515625,1116.2099609375,1107.9599609375,4829820000,1109.1800537109375
2009-12-17 00:00:00,1106.3599853515625,1106.3599853515625,1095.8800048828125,7615070000,1096.0799560546875
2009-12-18 00:00:00,1097.8599853515625,1103.739990234375,1093.8800048828125,6325890000,1102.469970703125
2009-12-21 00:00:00,1105.31005859375,1117.6800537109375,1105.31005859375,3977340000,1114.050048828125
2009-12-22 00:00:00,1114.510009765625,1120.27001953125,1114.510009765625,3641130000,1118.02001953125
2009-12-23 00:00:00,1118.8399658203125,1121.5799560546875,1116.0,3166870000,1120.5899658203125
2009-12-24 00:00:00,1121.0799560546875,1126.47998046875,1121.0799560546875,1267710000,1126.47998046875
2009-12-28 00:00:00,1127.530029296875,1130.3800048828125,1123.510009765625,2716400000,1127.780029296875
2009-12-29 00:00:00,1128.550048828125,1130.3800048828125,1126.0799560546875,2491020000,1126.199951171875
2009-12-30 00:00:00,1125.530029296875,1126.4200439453125,1121.93994140625,2277300000,1126.4200439453125
2009-12-31 00:00:00,1126.5999755859375,1127.6400146484375,1114.81005859375,2076990000,1115.0999755859375
2010-01-04 00:00:00,1116.56005859375,1133.8699951171875,1116.56005859375,3991400000,1132.989990234375
2010-01-05 00:00:00,1132.6600341796875,1136.6300048828125,1129.6600341796875,2491020000,1136.52001953125
2010-01-06 00:00:00,1135.7099609375,1139.18994140625,1133.949951171875,4972660000,1137.1400146484375
2010-01-07 00:00:00,1136.27001953125,1142.4599609375,1131.3199462890625,5270680000,1141.68994140625
2010-01-08 00:00:00,1140.52001953125,1145.3900146484375,1136.219970703125,4389590000,1144.97998046875
2010-01-11 00:00:00,1145.9599609375,1149.739990234375,1142.02001953125,4255780000,1146.97998046875
2010-01-12 00:00:00,1143.81005859375,1143.81005859375,1131.77001953125,4716160000,1136.219970703125
2010-01-13 00:00:00,1137.31005859375,1148.4000244140625,1133.1800537109375,4170360000,1145.6800537109375
2010-01-14 00:00:00,1145.6800537109375,1150.4100341796875,1143.800048828125,3915200000,1148.4599609375
2010-01-15 00:00:00,1147.719970703125,1147.77001953125,1131.3900146484375,4758730000,1136.030029296875
2010-01-19 00:00:00,1136.030029296875,1150.449951171875,1135.77001953125,4724830000,1150.22998046875
2010-01-20 00:00:00,1147.949951171875,1147.949951171875,1129.25,4810560000,1138.0400390625
2010-01-21 00:00:00,1138.6800537109375,1141.5799560546875,1114.8399658203125,6874290000,1116.47998046875
2010-01-22 00:00:00,1115.489990234375,1115.489990234375,1090.1800537109375,6208650000,1091.760009765625
2010-01-25 00:00:00,1092.4000244140625,1102.969970703125,1092.4000244140625,4481390000,1096.780029296875
2010-01-26 00:00:00,1095.800048828125,1103.68994140625,1089.8599853515625,4731910000,1092.1700439453125
2010-01-27 00:00:00,1091.93994140625,1099.510009765625,1083.1099853515625,5319120000,1097.5
2010-01-28 00:00:00,1096.9300537109375,1100.219970703125,1078.4599609375,5452400000,1084.530029296875
2010-01-29 00:00:00,1087.6099853515625,1096.449951171875,1071.5899658203125,5412850000,1073.8699951171875
2010-02-01 00:00:00,1073.8900146484375,1089.3800048828125,1073.8900146484375,4077610000,1089.18994140625
2010-02-02 00:00:00,1090.050048828125,1104.72998046875,1087.9599609375,4749540000,1103.3199462890625
2010-02-03 00:00:00,1100.6700439453125,1102.719970703125,1093.969970703125,4285450000,1097.280029296875
2010-02-04 00:00:00,1097.25,1097.25,1062.780029296875,5859690000,1063.1099853515625
2010-02-05 00:00:00,1064.1199951171875,1067.1300048828125,1044.5,6438900000,1066.18994140625
2010-02-08 00:00:00,1065.510009765625,1071.199951171875,1056.510009765625,4089820000,1056.739990234375
2010-02-09 00:00:00,1060.06005859375,1079.280029296875,1060.06005859375,5114260000,1070.52001953125
2010-02-10 00:00:00,1069.6800537109375,1073.6700439453125,1059.3399658203125,4251450000,1068.1300048828125
2010-02-11 00:00:00,1067.0999755859375,1080.0400390625,1060.5899658203125,4400870000,1078.469970703125
2010-02-12 00:00:00,1075.949951171875,1077.81005859375,1062.969970703125,4160680000,1075.510009765625
2010-02-16 00:00:00,1079.1300048828125,1095.6700439453125,1079.1300048828125,4080770000,1094.8699951171875
2010-02-17 00:00:00,1096.1400146484375,1101.030029296875,1094.719970703125,4259230000,1099.510009765625
2010-02-18 00:00:00,1099.030029296875,1108.239990234375,1097.47998046875,3878620000,1106.75
2010-02-19 00:00:00,1105.489990234375,1112.4200439453125,1100.800048828125,3944280000,1109.1700439453125
2010-02-22 00:00:00,1110.0,1112.2900390625,1105.3800048828125,3814440000,1108.010009765625
2010-02-23 00:00:00,1107.489990234375,1108.5799560546875,1092.1800537109375,4521050000,1094.5999755859375
2010-02-24 00:00:00,1095.8900146484375,1106.4200439453125,1095.5,4168360000,1105.239990234375
2010-02-25 00:00:00,1101.239990234375,1103.5,1086.02001953125,4521130000,1102.93994140625
2010-02-26 00:00:00,1103.0999755859375,1107.239990234375,1097.56005859375,3945190000,1104.489990234375
2010-03-01 00:00:00,1105.3599853515625,1116.1099853515625,1105.3599853515625,3847640000,1115.7099609375
2010-03-02 00:00:00,1117.010009765625,1123.4599609375,1116.510009765625,4134680000,1118.31005859375
2010-03-03 00:00:00,1119.3599853515625,1125.6400146484375,1116.5799560546875,3951320000,1118.7900390625
2010-03-04 00:00:00,1119.1199951171875,1123.72998046875,1116.6600341796875,3945010000,1122.969970703125
2010-03-05 00:00:00,1125.1199951171875,1139.3800048828125,1125.1199951171875,4133000000,1138.699951171875
2010-03-08 00:00:00,1138.4000244140625,1141.050048828125,1136.77001953125,3774680000,1138.5
2010-03-09 00:00:00,1137.56005859375,1145.3699951171875,1134.9000244140625,5185570000,1140.449951171875
2010-03-10 00:00:00,1140.219970703125,1148.260009765625,1140.0899658203125,5469120000,1145.6099853515625
2010-03-11 00:00:00,1143.9599609375,1150.239990234375,1138.989990234375,4669060000,1150.239990234375
2010-03-12 00:00:00,1151.7099609375,1153.4100341796875,1146.969970703125,4928160000,1149.989990234375
2010-03-15 00:00:00,1148.530029296875,1150.97998046875,1141.449951171875,4164110000,1150.510009765625
2010-03-16 00:00:00,1150.8299560546875,1160.280029296875,1150.3499755859375,4369770000,1159.4599609375
2010-03-17 00:00:00,1159.93994140625,1169.8399658203125,1159.93994140625,4963200000,1166.2099609375
2010-03-18 00:00:00,1166.1300048828125,1167.77001953125,1161.1600341796875,4234510000,1165.8299560546875
2010-03-19 00:00:00,1166.6800537109375,1169.199951171875,1155.3299560546875,5212410000,1159.9000244140625
2010-03-22 00:00:00,1157.25,1167.8199462890625,1152.8800048828125,4261680000,1165.81005859375
2010-03-23 00:00:00,1166.469970703125,1174.719970703125,1163.8299560546875,4411640000,1174.1700439453125
2010-03-24 00:00:00,1172.699951171875,1173.0400390625,1166.010009765625,4705750000,1167.719970703125
2010-03-25 00:00:00,1170.030029296875,1180.68994140625,1165.0899658203125,5668900000,1165.72998046875
2010-03-26 00:00:00,1167.5799560546875,1173.9300537109375,1161.47998046875,4708420000,1166.5899658203125
2010-03-29 00:00:00,1167.7099609375,1174.8499755859375,1167.7099609375,4375580000,1173.219970703125
2010-03-30 00:00:00,1173.75,1177.8299560546875,1168.9200439453125,4085000000,1173.27001953125
2010-03-31 00:00:00,1171.75,1174.56005859375,1165.77001953125,4484340000,1169.4300537109375
2010-04-01 00:00:00,1171.22998046875,1181.4300537109375,1170.68994140625,4006870000,1178.0999755859375
2010-04-05 00:00:00,1178.7099609375,1187.72998046875,1178.7099609375,3881620000,1187.43994140625
2010-04-06 00:00:00,1186.010009765625,1191.800048828125,1182.77001953125,4086180000,1189.43994140625
2010-04-07 00:00:00,1188.22998046875,1189.5999755859375,1177.25,5101430000,1182.449951171875
2010-04-08 00:00:00,1181.75,1188.550048828125,1175.1199951171875,4726970000,1186.43994140625
2010-04-09 00:00:00,1187.469970703125,1194.6600341796875,1187.1500244140625,4511570000,1194.3699951171875
2010-04-12 00:00:00,1194.93994140625,1199.199951171875,1194.7099609375,4607090000,1196.47998046875
2010-04-13 00:00:00,1195.93994140625,1199.0400390625,1188.8199462890625,5403580000,1197.300048828125
2010-04-14 00:00:00,1198.68994140625,1210.6500244140625,1198.68994140625,5760040000,1210.6500244140625
2010-04-15 00:00:00,1210.77001953125,1213.9200439453125,1208.5,5995330000,1211.6700439453125
2010-04-16 00:00:00,1210.1700439453125,1210.1700439453125,1186.77001953125,8108470000,1192.1300048828125
2010-04-19 00:00:00,1192.06005859375,1197.8699951171875,1183.6800537109375,6597740000,1197.52001953125
2010-04-20 00:00:00,1199.0400390625,1208.5799560546875,1199.0400390625,5316590000,1207.1700439453125
2010-04-21 00:00:00,1207.1600341796875,1210.989990234375,1198.8499755859375,5724310000,1205.93994140625
2010-04-22 00:00:00,1202.52001953125,1210.27001953125,1190.18994140625,6035780000,1208.6700439453125
2010-04-23 00:00:00,1207.8699951171875,1217.280029296875,1205.0999755859375,5326060000,1217.280029296875
2010-04-26 00:00:00,1217.0699462890625,1219.800048828125,1211.0699462890625,5647760000,1212.050048828125
2010-04-27 00:00:00,1209.9200439453125,1211.3800048828125,1181.6199951171875,7454540000,1183.7099609375
2010-04-28 00:00:00,1184.5899658203125,1195.050048828125,1181.81005859375,6342310000,1191.3599853515625
2010-04-29 00:00:00,1193.300048828125,1209.3599853515625,1193.300048828125,6059410000,1206.780029296875
2010-04-30 00:00:00,1206.77001953125,1207.989990234375,1186.3199462890625,6048260000,1186.68994140625
2010-05-03 00:00:00,1188.5799560546875,1205.1300048828125,1188.5799560546875,4938050000,1202.260009765625
2010-05-04 00:00:00,1197.5,1197.5,1168.1199951171875,6594720000,1173.5999755859375
2010-05-05 00:00:00,1169.239990234375,1175.949951171875,1158.1500244140625,6795940000,1165.8699951171875
2010-05-06 00:00:00,1164.3800048828125,1167.5799560546875,1065.7900390625,10617810000,1128.1500244140625
2010-05-07 00:00:00,1127.0400390625,1135.1300048828125,1094.1500244140625,9472910000,1110.8800048828125
2010-05-10 00:00:00,1122.27001953125,1163.8499755859375,1122.27001953125,6893700000,1159.72998046875
2010-05-11 00:00:00,1156.3900146484375,1170.47998046875,1147.7099609375,5842550000,1155.7900390625
2010-05-12 00:00:00,1155.4300537109375,1172.8699951171875,1155.4300537109375,5225460000,1171.6700439453125
2010-05-13 00:00:00,1170.0400390625,1173.5699462890625,1156.1400146484375,4870640000,1157.43994140625
2010-05-14 00:00:00,1157.18994140625,1157.18994140625,1126.1400146484375,6126400000,1135.6800537109375
2010-05-17 00:00:00,1136.52001953125,1141.8800048828125,1114.9599609375,5922920000,1136.93994140625
2010-05-18 00:00:00,1138.780029296875,1148.6600341796875,1117.199951171875,6170840000,1120.800048828125
2010-05-19 00:00:00,1119.5699462890625,1124.27001953125,1100.6600341796875,6765800000,1115.050048828125
2010-05-20 00:00:00,1107.3399658203125,1107.3399658203125,1071.5799560546875,8328570000,1071.5899658203125
2010-05-21 00:00:00,1067.260009765625,1090.1600341796875,1055.9000244140625,5452130000,1087.68994140625
2010-05-24 00:00:00,1084.780029296875,1089.949951171875,1072.699951171875,5224040000,1073.6500244140625
2010-05-25 00:00:00,1067.4200439453125,1074.75,1040.780029296875,7329580000,1074.030029296875
2010-05-26 00:00:00,1075.510009765625,1090.75,1065.5899658203125,4521050000,1067.949951171875
2010-05-27 00:00:00,1074.27001953125,1103.52001953125,1074.27001953125,5698460000,1103.06005859375
2010-05-28 00:00:00,1102.5899658203125,1102.5899658203125,1084.780029296875,4871210000,1089.4100341796875
2010-06-01 00:00:00,1087.300048828125,1094.77001953125,1069.8900146484375,5271480000,1070.7099609375
2010-06-02 00:00:00,1073.010009765625,1098.56005859375,1072.030029296875,5026360000,1098.3800048828125
2010-06-03 00:00:00,1098.8199462890625,1105.6700439453125,1091.81005859375,4995970000,1102.8299560546875
2010-06-04 00:00:00,1098.4300537109375,1098.4300537109375,1060.5,6180580000,1064.8800048828125
2010-06-07 00:00:00,1065.8399658203125,1071.3599853515625,1049.8599853515625,5467560000,1050.469970703125
2010-06-08 00:00:00,1050.81005859375,1063.1500244140625,1042.1700439453125,6192750000,1062.0
2010-06-09 00:00:00,1062.75,1077.739990234375,1052.25,5983200000,1055.68994140625
2010-06-10 00:00:00,1058.77001953125,1087.8499755859375,1058.77001953125,5144780000,1086.8399658203125
2010-06-11 00:00:00,1082.6500244140625,1092.25,1077.1199951171875,4059280000,1091.5999755859375
2010-06-14 00:00:00,1095.0,1105.9100341796875,1089.030029296875,4425830000,1089.6300048828125
2010-06-15 00:00:00,1091.2099609375,1115.5899658203125,1091.2099609375,4644490000,1115.22998046875
2010-06-16 00:00:00,1114.02001953125,1118.739990234375,1107.1300048828125,5002600000,1114.6099853515625
2010-06-17 00:00:00,1115.97998046875,1117.719970703125,1105.8699951171875,4557760000,1116.0400390625
2010-06-18 00:00:00,1116.1600341796875,1121.010009765625,1113.9300537109375,4555360000,1117.510009765625
2010-06-21 00:00:00,1122.7900390625,1131.22998046875,1108.239990234375,4514360000,1113.199951171875
2010-06-22 00:00:00,1113.9000244140625,1118.5,1094.1800537109375,4514380000,1095.31005859375
2010-06-23 00:00:00,1095.5699462890625,1099.6400146484375,1085.31005859375,4526150000,1092.0400390625
2010-06-24 00:00:00,1090.9300537109375,1090.9300537109375,1071.5999755859375,4814830000,1073.68994140625
2010-06-25 00:00:00,1075.0999755859375,1083.56005859375,1067.8900146484375,5128840000,1076.760009765625
2010-06-28 00:00:00,1077.5,1082.5999755859375,1071.449951171875,3896410000,1074.5699462890625
2010-06-29 00:00:00,1071.0999755859375,1071.0999755859375,1035.1800537109375,6136700000,1041.239990234375
2010-06-30 00:00:00,1040.56005859375,1048.0799560546875,1028.3299560546875,5067080000,1030.7099609375
2010-07-01 00:00:00,1031.0999755859375,1033.5799560546875,1010.9099731445312,6435770000,1027.3699951171875
2010-07-02 00:00:00,1027.6500244140625,1032.949951171875,1015.9299926757812,3968500000,1022.5800170898438
2010-07-06 00:00:00,1028.0899658203125,1042.5,1018.3499755859375,4691240000,1028.06005859375
2010-07-07 00:00:00,1028.5400390625,1060.8900146484375,1028.5400390625,4931220000,1060.27001953125
2010-07-08 00:00:00,1062.9200439453125,1071.25,1058.239990234375,4548460000,1070.25
2010-07-09 00:00:00,1070.5,1078.1600341796875,1068.0999755859375,3506570000,1077.9599609375
2010-07-12 00:00:00,1077.22998046875,1080.780029296875,1070.449951171875,3426990000,1078.75
2010-07-13 00:00:00,1080.6500244140625,1099.4599609375,1080.6500244140625,4640460000,1095.3399658203125
2010-07-14 00:00:00,1095.6099853515625,1099.0799560546875,1087.6800537109375,4521050000,1095.1700439453125
2010-07-15 00:00:00,1094.4599609375,1098.6600341796875,1080.530029296875,4552470000,1096.47998046875
2010-07-16 00:00:00,1093.8499755859375,1093.8499755859375,1063.3199462890625,5297350000,1064.8800048828125
2010-07-19 00:00:00,1066.8499755859375,1074.699951171875,1061.1099853515625,4089500000,1071.25
2010-07-20 00:00:00,1064.530029296875,1083.93994140625,1056.8800048828125,4713280000,1083.47998046875
2010-07-21 00:00:00,1086.6700439453125,1088.9599609375,1065.25,4747180000,1069.5899658203125
2010-07-22 00:00:00,1072.1400146484375,1097.5,1072.1400146484375,4826900000,1093.6700439453125
2010-07-23 00:00:00,1092.1700439453125,1103.72998046875,1087.8800048828125,4524570000,1102.6600341796875
2010-07-26 00:00:00,1102.8900146484375,1115.010009765625,1101.300048828125,4009650000,1115.010009765625
2010-07-27 00:00:00,1117.3599853515625,1120.949951171875,1109.780029296875,4725690000,1113.8399658203125
2010-07-28 00:00:00,1112.8399658203125,1114.6600341796875,1103.1099853515625,4002390000,1106.1300048828125
2010-07-29 00:00:00,1108.0699462890625,1115.9000244140625,1092.8199462890625,4612420000,1101.530029296875
2010-07-30 00:00:00,1098.43994140625,1106.43994140625,1088.010009765625,4006450000,1101.5999755859375
2010-08-02 00:00:00,1107.530029296875,1127.300048828125,1107.530029296875,4144180000,1125.8599853515625
2010-08-03 00:00:00,1125.3399658203125,1125.43994140625,1116.760009765625,4071820000,1120.4599609375
2010-08-04 00:00:00,1121.06005859375,1128.75,1119.4599609375,4057850000,1127.239990234375
2010-08-05 00:00:00,1125.780029296875,1126.56005859375,1118.81005859375,3685560000,1125.81005859375
2010-08-06 00:00:00,1122.0699462890625,1123.06005859375,1107.1700439453125,3857890000,1121.6400146484375
2010-08-09 00:00:00,1122.800048828125,1129.239990234375,1120.9100341796875,3979360000,1127.7900390625
2010-08-10 00:00:00,1122.9200439453125,1127.1600341796875,1111.5799560546875,3979360000,1121.06005859375
2010-08-11 00:00:00,1116.8900146484375,1116.8900146484375,1088.550048828125,4511860000,1089.469970703125
2010-08-12 00:00:00,1081.47998046875,1086.719970703125,1076.68994140625,4521050000,1083.6099853515625
2010-08-13 00:00:00,1082.219970703125,1086.25,1079.0,3328890000,1079.25
2010-08-16 00:00:00,1077.489990234375,1082.6199951171875,1069.489990234375,3142450000,1079.3800048828125
2010-08-17 00:00:00,1081.1600341796875,1100.1400146484375,1081.1600341796875,3968210000,1092.5400390625
2010-08-18 00:00:00,1092.0799560546875,1099.77001953125,1085.760009765625,3724260000,1094.1600341796875
2010-08-19 00:00:00,1092.43994140625,1092.43994140625,1070.6600341796875,4290540000,1075.6300048828125
2010-08-20 00:00:00,1075.6300048828125,1075.6300048828125,1063.9100341796875,3761570000,1071.68994140625
2010-08-23 00:00:00,1073.3599853515625,1081.5799560546875,1067.0799560546875,3210950000,1067.3599853515625
2010-08-24 00:00:00,1063.199951171875,1063.199951171875,1046.6800537109375,4436330000,1051.8699951171875
2010-08-25 00:00:00,1048.97998046875,1059.3800048828125,1039.8299560546875,4360190000,1055.3299560546875
2010-08-26 00:00:00,1056.280029296875,1061.449951171875,1045.4000244140625,3646710000,1047.219970703125
2010-08-27 00:00:00,1049.27001953125,1065.2099609375,1039.699951171875,4102460000,1064.5899658203125
2010-08-30 00:00:00,1062.9000244140625,1064.4000244140625,1048.7900390625,2917990000,1048.9200439453125
2010-08-31 00:00:00,1046.8800048828125,1055.1400146484375,1040.8800048828125,4038770000,1049.3299560546875
2010-09-01 00:00:00,1049.719970703125,1081.300048828125,1049.719970703125,4396880000,1080.2900390625
2010-09-02 00:00:00,1080.6600341796875,1090.0999755859375,1080.3900146484375,3704210000,1090.0999755859375
2010-09-03 00:00:00,1093.6099853515625,1105.0999755859375,1093.6099853515625,3534500000,1104.510009765625
2010-09-07 00:00:00,1102.5999755859375,1102.5999755859375,1091.1500244140625,3107380000,1091.8399658203125
2010-09-08 00:00:00,1092.3599853515625,1103.260009765625,1092.3599853515625,3224640000,1098.8699951171875
2010-09-09 00:00:00,1101.1500244140625,1110.27001953125,1101.1500244140625,3387770000,1104.1800537109375
2010-09-10 00:00:00,1104.5699462890625,1110.8800048828125,1103.9200439453125,3061160000,1109.550048828125
2010-09-13 00:00:00,1113.3800048828125,1123.8699951171875,1113.3800048828125,4521050000,1121.9000244140625
2010-09-14 00:00:00,1121.1600341796875,1127.3599853515625,1115.5799560546875,4521050000,1121.0999755859375
2010-09-15 00:00:00,1119.4300537109375,1126.4599609375,1114.6300048828125,3369840000,1125.0699462890625
2010-09-16 00:00:00,1123.8900146484375,1125.43994140625,1118.8800048828125,3364080000,1124.6600341796875
2010-09-17 00:00:00,1126.3900146484375,1131.469970703125,1122.4300537109375,4086140000,1125.5899658203125
2010-09-20 00:00:00,1126.5699462890625,1144.8599853515625,1126.5699462890625,3364080000,1142.7099609375
2010-09-21 00:00:00,1142.8199462890625,1148.5899658203125,1136.219970703125,4175660000,1139.780029296875
2010-09-22 00:00:00,1139.489990234375,1144.3800048828125,1131.5799560546875,3911070000,1134.280029296875
2010-09-23 00:00:00,1131.0999755859375,1136.77001953125,1122.7900390625,3847850000,1124.8299560546875
2010-09-24 00:00:00,1131.68994140625,1148.9000244140625,1131.68994140625,4123950000,1148.6700439453125
2010-09-27 00:00:00,1148.6400146484375,1149.9200439453125,1142.0,3587860000,1142.1600341796875
2010-09-28 00:00:00,1142.31005859375,1150.0,1132.0899658203125,4025840000,1147.699951171875
2010-09-29 00:00:00,1146.75,1148.6300048828125,1140.260009765625,3990280000,1144.72998046875
2010-09-30 00:00:00,1145.969970703125,1157.1600341796875,1136.0799560546875,4284160000,1141.199951171875
2010-10-01 00:00:00,1143.489990234375,1150.300048828125,1139.4200439453125,4298910000,1146.239990234375
2010-10-04 00:00:00,1144.9599609375,1148.1600341796875,1131.8699951171875,3604110000,1137.030029296875
2010-10-05 00:00:00,1140.6800537109375,1162.760009765625,1140.6800537109375,4068840000,1160.75
2010-10-06 00:00:00,1159.81005859375,1162.3299560546875,1154.8499755859375,4073160000,1159.969970703125
2010-10-07 00:00:00,1161.5699462890625,1163.8699951171875,1151.4100341796875,3910550000,1158.06005859375
2010-10-08 00:00:00,1158.3599853515625,1167.72998046875,1155.5799560546875,3871420000,1165.1500244140625
2010-10-11 00:00:00,1165.3199462890625,1168.6800537109375,1162.02001953125,2505900000,1165.3199462890625
2010-10-12 00:00:00,1164.280029296875,1172.5799560546875,1155.7099609375,4076170000,1169.77001953125
2010-10-13 00:00:00,1171.3199462890625,1184.3800048828125,1171.3199462890625,4969410000,1178.0999755859375
2010-10-14 00:00:00,1177.8199462890625,1178.8900146484375,1166.7099609375,4969410000,1173.81005859375
2010-10-15 00:00:00,1177.469970703125,1181.199951171875,1167.1199951171875,5724910000,1176.18994140625
2010-10-18 00:00:00,1176.8299560546875,1185.530029296875,1174.550048828125,4450050000,1184.7099609375
2010-10-19 00:00:00,1178.6400146484375,1178.6400146484375,1159.7099609375,5600120000,1165.9000244140625
2010-10-20 00:00:00,1166.739990234375,1182.93994140625,1166.739990234375,5027880000,1178.1700439453125
2010-10-21 00:00:00,1179.8199462890625,1189.4300537109375,1171.1700439453125,4625470000,1180.260009765625
2010-10-22 00:00:00,1180.52001953125,1183.9300537109375,1178.989990234375,3177890000,1183.0799560546875
2010-10-25 00:00:00,1184.739990234375,1196.1400146484375,1184.739990234375,4221380000,1185.6199951171875
2010-10-26 00:00:00,1184.8800048828125,1187.1099853515625,1177.719970703125,4203680000,1185.6400146484375
2010-10-27 00:00:00,1183.8399658203125,1183.8399658203125,1171.699951171875,4335670000,1182.449951171875
2010-10-28 00:00:00,1184.469970703125,1189.530029296875,1177.0999755859375,4283460000,1183.780029296875
2010-10-29 00:00:00,1183.8699951171875,1185.4599609375,1179.699951171875,3537880000,1183.260009765625
2010-11-01 00:00:00,1185.7099609375,1195.81005859375,1177.6500244140625,4129180000,1184.3800048828125
2010-11-02 00:00:00,1187.8599853515625,1195.8800048828125,1187.8599853515625,3866200000,1193.5699462890625
2010-11-03 00:00:00,1193.7900390625,1198.300048828125,1183.56005859375,4665480000,1197.9599609375
2010-11-04 00:00:00,1198.3399658203125,1221.25,1198.3399658203125,5695470000,1221.06005859375
2010-11-05 00:00:00,1221.199951171875,1227.0799560546875,1220.2900390625,5637460000,1225.8499755859375
2010-11-08 00:00:00,1223.239990234375,1224.5699462890625,1217.550048828125,3937230000,1223.25
2010-11-09 00:00:00,1223.5899658203125,1226.8399658203125,1208.93994140625,4848040000,1213.4000244140625
2010-11-10 00:00:00,1213.1400146484375,1218.75,1204.3299560546875,4561300000,1218.7099609375
2010-11-11 00:00:00,1213.0400390625,1215.449951171875,1204.489990234375,3931120000,1213.5400390625
2010-11-12 00:00:00,1209.0699462890625,1210.5,1194.0799560546875,4213620000,1199.2099609375
2010-11-15 00:00:00,1200.43994140625,1207.4300537109375,1197.1500244140625,3503370000,1197.75
2010-11-16 00:00:00,1194.7900390625,1194.7900390625,1173.0,5116380000,1178.3399658203125
2010-11-17 00:00:00,1178.3299560546875,1183.56005859375,1175.8199462890625,3904780000,1178.5899658203125
2010-11-18 00:00:00,1183.75,1200.2900390625,1183.75,4687260000,1196.68994140625
2010-11-19 00:00:00,1196.1199951171875,1199.969970703125,1189.43994140625,3675390000,1199.72998046875
2010-11-22 00:00:00,1198.0699462890625,1198.93994140625,1184.5799560546875,3689500000,1197.8399658203125
2010-11-23 00:00:00,1192.510009765625,1192.510009765625,1176.9100341796875,4133070000,1180.72998046875
2010-11-24 00:00:00,1183.699951171875,1198.6199951171875,1183.699951171875,3384250000,1198.3499755859375
2010-11-26 00:00:00,1194.1600341796875,1194.1600341796875,1186.9300537109375,1613820000,1189.4000244140625
2010-11-29 00:00:00,1189.0799560546875,1190.3399658203125,1173.6400146484375,3673450000,1187.760009765625
2010-11-30 00:00:00,1182.9599609375,1187.4000244140625,1174.1400146484375,4284700000,1180.550048828125
2010-12-01 00:00:00,1186.5999755859375,1207.6099853515625,1186.5999755859375,4548110000,1206.0699462890625
2010-12-02 00:00:00,1206.81005859375,1221.8900146484375,1206.81005859375,4970800000,1221.530029296875
2010-12-03 00:00:00,1219.9300537109375,1225.5699462890625,1216.8199462890625,3735780000,1224.7099609375
2010-12-06 00:00:00,1223.8699951171875,1225.800048828125,1220.6700439453125,3527370000,1223.1199951171875
2010-12-07 00:00:00,1227.25,1235.050048828125,1223.25,6970630000,1223.75
2010-12-08 00:00:00,1225.02001953125,1228.9300537109375,1219.5,4607590000,1228.280029296875
2010-12-09 00:00:00,1230.1400146484375,1234.7099609375,1226.8499755859375,4522510000,1233.0
2010-12-10 00:00:00,1233.8499755859375,1240.4000244140625,1232.5799560546875,4547310000,1240.4000244140625
2010-12-13 00:00:00,1242.52001953125,1246.72998046875,1240.3399658203125,4361240000,1240.4599609375
2010-12-14 00:00:00,1241.8399658203125,1246.5899658203125,1238.1700439453125,4132350000,1241.5899658203125
2010-12-15 00:00:00,1241.5799560546875,1244.25,1234.010009765625,4407340000,1235.22998046875
2010-12-16 00:00:00,1236.3399658203125,1243.75,1232.8499755859375,4736820000,1242.8699951171875
2010-12-17 00:00:00,1243.6300048828125,1245.81005859375,1239.8699951171875,4632470000,1243.9100341796875
2010-12-20 00:00:00,1245.760009765625,1250.199951171875,1241.510009765625,3548140000,1247.0799560546875
2010-12-21 00:00:00,1249.4300537109375,1255.8199462890625,1249.4300537109375,3479670000,1254.5999755859375
2010-12-22 00:00:00,1254.93994140625,1259.3900146484375,1254.93994140625,1285590000,1258.8399658203125
2010-12-23 00:00:00,1257.530029296875,1258.5899658203125,1254.050048828125,2515020000,1256.77001953125
2010-12-27 00:00:00,1254.6600341796875,1258.4300537109375,1251.47998046875,1992470000,1257.5400390625
2010-12-28 00:00:00,1259.0999755859375,1259.9000244140625,1256.219970703125,2478450000,1258.510009765625
2010-12-29 00:00:00,1258.780029296875,1262.5999755859375,1258.780029296875,2214380000,1259.780029296875
2010-12-30 00:00:00,1259.43994140625,1261.0899658203125,1256.3199462890625,1970720000,1257.8800048828125
2010-12-31 00:00:00,1256.760009765625,1259.3399658203125,1254.18994140625,1799770000,1257.6400146484375
2011-01-03 00:00:00,1257.6199951171875,1276.1700439453125,1257.6199951171875,4286670000,1271.8699951171875
2011-01-04 00:00:00,1272.949951171875,1274.1199951171875,1262.6600341796875,4796420000,1270.199951171875
2011-01-05 00:00:00,1268.780029296875,1277.6300048828125,1265.3599853515625,4764920000,1276.56005859375
2011-01-06 00:00:00,1276.2900390625,1278.1700439453125,1270.4300537109375,4844100000,1273.8499755859375
2011-01-07 00:00:00,1274.4100341796875,1276.8299560546875,1261.699951171875,4963110000,1271.5
2011-01-10 00:00:00,1270.8399658203125,1271.52001953125,1262.1800537109375,4036450000,1269.75
2011-01-11 00:00:00,1272.5799560546875,1277.25,1269.6199951171875,4050750000,1274.47998046875
2011-01-12 00:00:00,1275.6500244140625,1286.8699951171875,1275.6500244140625,4226940000,1285.9599609375
2011-01-13 00:00:00,1285.780029296875,1286.699951171875,1280.469970703125,4310840000,1283.760009765625
2011-01-14 00:00:00,1282.9000244140625,1293.239990234375,1281.239990234375,4661590000,1293.239990234375
2011-01-18 00:00:00,1293.219970703125,1296.06005859375,1290.1600341796875,5284990000,1295.02001953125
2011-01-19 00:00:00,1294.52001953125,1294.5999755859375,1278.9200439453125,4743710000,1281.9200439453125
2011-01-20 00:00:00,1280.8499755859375,1283.3499755859375,1271.260009765625,4935320000,1280.260009765625
2011-01-21 00:00:00,1283.6300048828125,1291.2099609375,1282.0699462890625,4935320000,1283.3499755859375
2011-01-24 00:00:00,1283.2900390625,1291.9300537109375,1282.469970703125,3902470000,1290.8399658203125
2011-01-25 00:00:00,1288.1700439453125,1291.260009765625,1281.0699462890625,4595380000,1291.1800537109375
2011-01-26 00:00:00,1291.969970703125,1299.739990234375,1291.969970703125,4730980000,1296.6300048828125
2011-01-27 00:00:00,1297.510009765625,1301.2900390625,1294.4100341796875,4309190000,1299.5400390625
2011-01-28 00:00:00,1299.6300048828125,1302.6700439453125,1275.0999755859375,5618630000,1276.3399658203125
2011-01-31 00:00:00,1276.5,1287.1700439453125,1276.5,4167160000,1286.1199951171875
2011-02-01 00:00:00,1289.1400146484375,1308.8599853515625,1289.1400146484375,5164500000,1307.5899658203125
2011-02-02 00:00:00,1305.9100341796875,1307.6099853515625,1302.6199951171875,4098260000,1304.030029296875
2011-02-03 00:00:00,1302.77001953125,1308.5999755859375,1294.8299560546875,4370990000,1307.0999755859375
2011-02-04 00:00:00,1307.010009765625,1311.0,1301.6700439453125,3925950000,1310.8699951171875
2011-02-07 00:00:00,1311.8499755859375,1322.8499755859375,1311.8499755859375,3902270000,1319.050048828125
2011-02-08 00:00:00,1318.760009765625,1324.8699951171875,1316.030029296875,3881530000,1324.5699462890625
2011-02-09 00:00:00,1322.47998046875,1324.5400390625,1314.8900146484375,3922240000,1320.8800048828125
2011-02-10 00:00:00,1318.1300048828125,1322.780029296875,1311.739990234375,4184610000,1321.8699951171875
2011-02-11 00:00:00,1318.6600341796875,1330.7900390625,1316.0799560546875,4219300000,1329.1500244140625
2011-02-14 00:00:00,1328.72998046875,1332.9599609375,1326.9000244140625,3567040000,1332.3199462890625
2011-02-15 00:00:00,1330.4300537109375,1330.4300537109375,1324.6099853515625,3926860000,1328.010009765625
2011-02-16 00:00:00,1329.510009765625,1337.6099853515625,1329.510009765625,1966450000,1336.3199462890625
2011-02-17 00:00:00,1334.3699951171875,1341.5,1331.0,1966450000,1340.4300537109375
2011-02-18 00:00:00,1340.3800048828125,1344.0699462890625,1338.1199951171875,1162310000,1343.010009765625
2011-02-22 00:00:00,1338.9100341796875,1338.9100341796875,1312.3299560546875,1322780000,1315.43994140625
2011-02-23 00:00:00,1315.43994140625,1317.9100341796875,1299.550048828125,1330340000,1307.4000244140625
2011-02-24 00:00:00,1307.0899658203125,1310.9100341796875,1294.260009765625,1222900000,1306.0999755859375
2011-02-25 00:00:00,1307.3399658203125,1320.6099853515625,1307.3399658203125,3836030000,1319.8800048828125
2011-02-28 00:00:00,1321.6099853515625,1329.3800048828125,1320.550048828125,1252850000,1327.219970703125
2011-03-01 00:00:00,1328.6400146484375,1332.0899658203125,1306.1400146484375,1180420000,1306.3299560546875
2011-03-02 00:00:00,1305.469970703125,1314.18994140625,1302.5799560546875,1025000000,1308.43994140625
2011-03-03 00:00:00,1312.3699951171875,1332.280029296875,1312.3699951171875,4340470000,1330.969970703125
2011-03-04 00:00:00,1330.72998046875,1331.0799560546875,1312.5899658203125,4223740000,1321.1500244140625
2011-03-07 00:00:00,1322.719970703125,1327.6800537109375,1303.989990234375,3964730000,1310.1300048828125
2011-03-08 00:00:00,1311.050048828125,1325.739990234375,1306.8599853515625,4531420000,1321.8199462890625
2011-03-09 00:00:00,1319.9200439453125,1323.2099609375,1312.27001953125,3709520000,1320.02001953125
2011-03-10 00:00:00,1315.719970703125,1315.719970703125,1294.2099609375,4723020000,1295.1099853515625
2011-03-11 00:00:00,1293.4300537109375,1308.3499755859375,1291.989990234375,3740400000,1304.280029296875
2011-03-14 00:00:00,1301.18994140625,1301.18994140625,1286.3699951171875,4050370000,1296.3900146484375
2011-03-15 00:00:00,1288.4599609375,1288.4599609375,1261.1199951171875,5201400000,1281.8699951171875
2011-03-16 00:00:00,1279.4599609375,1280.9100341796875,1249.050048828125,5833000000,1256.8800048828125
2011-03-17 00:00:00,1261.6099853515625,1278.8800048828125,1261.6099853515625,4134950000,1273.719970703125
2011-03-18 00:00:00,1276.7099609375,1288.8800048828125,1276.1800537109375,4685500000,1279.2099609375
2011-03-21 00:00:00,1281.6500244140625,1300.5799560546875,1281.6500244140625,4223730000,1298.3800048828125
2011-03-22 00:00:00,1298.2900390625,1299.3499755859375,1292.699951171875,3576550000,1293.77001953125
2011-03-23 00:00:00,1292.18994140625,1300.510009765625,1284.050048828125,3842350000,1297.5400390625
2011-03-24 00:00:00,1300.6099853515625,1311.3399658203125,1297.739990234375,4223740000,1309.6600341796875
2011-03-25 00:00:00,1311.800048828125,1319.1800537109375,1310.1500244140625,4223740000,1313.800048828125
2011-03-28 00:00:00,1315.449951171875,1319.739990234375,1310.18994140625,3215170000,1310.18994140625
2011-03-29 00:00:00,1309.3699951171875,1319.449951171875,1305.260009765625,3482580000,1319.43994140625
2011-03-30 00:00:00,1321.8900146484375,1331.739990234375,1321.8900146484375,3809570000,1328.260009765625
2011-03-31 00:00:00,1327.43994140625,1329.77001953125,1325.030029296875,3566270000,1325.8299560546875
2011-04-01 00:00:00,1329.47998046875,1337.8499755859375,1328.8900146484375,4223740000,1332.4100341796875
2011-04-04 00:00:00,1333.56005859375,1336.739990234375,1329.0999755859375,4223740000,1332.8699951171875
2011-04-05 00:00:00,1332.030029296875,1338.2099609375,1330.030029296875,3852280000,1332.6300048828125
2011-04-06 00:00:00,1335.93994140625,1339.3800048828125,1331.0899658203125,4223740000,1335.5400390625
2011-04-07 00:00:00,1334.8199462890625,1338.800048828125,1326.56005859375,4005600000,1333.510009765625
2011-04-08 00:00:00,1336.1600341796875,1339.4599609375,1322.93994140625,3582810000,1328.1700439453125
2011-04-11 00:00:00,1329.010009765625,1333.77001953125,1321.06005859375,3478970000,1324.4599609375
2011-04-12 00:00:00,1321.9599609375,1321.9599609375,1309.510009765625,4275490000,1314.1600341796875
2011-04-13 00:00:00,1314.030029296875,1321.3499755859375,1309.18994140625,3850860000,1314.4100341796875
2011-04-14 00:00:00,1311.1300048828125,1316.7900390625,1302.4200439453125,3872630000,1314.52001953125
2011-04-15 00:00:00,1314.5400390625,1322.8800048828125,1313.6800537109375,4223740000,1319.6800537109375
2011-04-18 00:00:00,1313.3499755859375,1313.3499755859375,1294.699951171875,4223740000,1305.1400146484375
2011-04-19 00:00:00,1305.989990234375,1312.699951171875,1303.969970703125,3886300000,1312.6199951171875
2011-04-20 00:00:00,1319.1199951171875,1332.6600341796875,1319.1199951171875,4236280000,1330.3599853515625
2011-04-21 00:00:00,1333.22998046875,1337.489990234375,1332.8299560546875,3587240000,1337.3800048828125
2011-04-25 00:00:00,1337.1400146484375,1337.550048828125,1331.469970703125,2142130000,1335.25
2011-04-26 00:00:00,1336.75,1349.550048828125,1336.75,3908060000,1347.239990234375
2011-04-27 00:00:00,1348.4300537109375,1357.489990234375,1344.25,4051570000,1355.6600341796875
2011-04-28 00:00:00,1353.8599853515625,1361.7099609375,1353.5999755859375,4036820000,1360.47998046875
2011-04-29 00:00:00,1360.1400146484375,1364.56005859375,1358.68994140625,3479070000,1363.6099853515625
2011-05-02 00:00:00,1365.2099609375,1370.5799560546875,1358.5899658203125,3846250000,1361.219970703125
2011-05-03 00:00:00,1359.760009765625,1360.8399658203125,1349.52001953125,4223740000,1356.6199951171875
2011-05-04 00:00:00,1355.9000244140625,1355.9000244140625,1341.5,4223740000,1347.3199462890625
2011-05-05 00:00:00,1344.1600341796875,1348.0,1329.1700439453125,3846250000,1335.0999755859375
2011-05-06 00:00:00,1340.239990234375,1354.3599853515625,1335.5799560546875,4223740000,1340.199951171875
2011-05-09 00:00:00,1340.199951171875,1349.43994140625,1338.6400146484375,4265250000,1346.2900390625
2011-05-10 00:00:00,1348.3399658203125,1359.43994140625,1348.3399658203125,4223740000,1357.1600341796875
2011-05-11 00:00:00,1354.510009765625,1354.510009765625,1336.3599853515625,3846250000,1342.0799560546875
2011-05-12 00:00:00,1339.3900146484375,1351.050048828125,1332.030029296875,3777210000,1348.6500244140625
2011-05-13 00:00:00,1348.68994140625,1350.469970703125,1333.3599853515625,3426660000,1337.77001953125
2011-05-16 00:00:00,1334.77001953125,1343.3299560546875,1327.3199462890625,3846250000,1329.469970703125
2011-05-17 00:00:00,1326.0999755859375,1330.4200439453125,1318.510009765625,4053970000,1328.97998046875
2011-05-18 00:00:00,1328.5400390625,1341.8199462890625,1326.5899658203125,3922030000,1340.6800537109375
2011-05-19 00:00:00,1342.4000244140625,1346.8199462890625,1336.3599853515625,3626110000,1343.5999755859375
2011-05-20 00:00:00,1342.0,1342.0,1330.6700439453125,4066020000,1333.27001953125
2011-05-23 00:00:00,1333.0699462890625,1333.0699462890625,1312.8800048828125,3255580000,1317.3699951171875
2011-05-24 00:00:00,1317.699951171875,1323.719970703125,1313.8699951171875,3846250000,1316.280029296875
2011-05-25 00:00:00,1316.3599853515625,1325.8599853515625,1311.800048828125,4109670000,1320.469970703125
2011-05-26 00:00:00,1320.6400146484375,1328.510009765625,1314.4100341796875,3259470000,1325.68994140625
2011-05-27 00:00:00,1325.68994140625,1334.6199951171875,1325.68994140625,3124560000,1331.0999755859375
2011-05-31 00:00:00,1331.0999755859375,1345.199951171875,1331.0999755859375,4696240000,1345.199951171875
2011-06-01 00:00:00,1345.199951171875,1345.199951171875,1313.7099609375,4241090000,1314.550048828125
2011-06-02 00:00:00,1314.550048828125,1318.030029296875,1305.6099853515625,3762170000,1312.93994140625
2011-06-03 00:00:00,1312.93994140625,1312.93994140625,1297.9000244140625,3505030000,1300.1600341796875
2011-06-06 00:00:00,1300.260009765625,1300.260009765625,1284.719970703125,3555980000,1286.1700439453125
2011-06-07 00:00:00,1286.31005859375,1296.219970703125,1284.739990234375,3846250000,1284.93994140625
2011-06-08 00:00:00,1284.6300048828125,1287.0400390625,1277.4200439453125,3970810000,1279.56005859375
2011-06-09 00:00:00,1279.6300048828125,1294.5400390625,1279.6300048828125,3332510000,1289.0
2011-06-10 00:00:00,1288.5999755859375,1288.5999755859375,1268.280029296875,3846250000,1270.97998046875
2011-06-13 00:00:00,1271.31005859375,1277.0400390625,1265.6400146484375,4132520000,1271.8299560546875
2011-06-14 00:00:00,1272.219970703125,1292.5,1272.219970703125,3500280000,1287.8699951171875
2011-06-15 00:00:00,1287.8699951171875,1287.8699951171875,1261.9000244140625,4070500000,1265.4200439453125
2011-06-16 00:00:00,1265.530029296875,1274.1099853515625,1258.0699462890625,3846250000,1267.6400146484375
2011-06-17 00:00:00,1268.5799560546875,1279.8199462890625,1267.4000244140625,4916460000,1271.5
2011-06-20 00:00:00,1271.5,1280.4200439453125,1267.56005859375,3464660000,1278.3599853515625
2011-06-21 00:00:00,1278.4000244140625,1297.6199951171875,1278.4000244140625,4056150000,1295.52001953125
2011-06-22 00:00:00,1295.47998046875,1298.6099853515625,1286.7900390625,3718420000,1287.1400146484375
2011-06-23 00:00:00,1286.5999755859375,1286.5999755859375,1262.8699951171875,4983450000,1283.5
2011-06-24 00:00:00,1283.0400390625,1283.9300537109375,1267.239990234375,3665340000,1268.449951171875
2011-06-27 00:00:00,1268.43994140625,1284.9100341796875,1267.530029296875,3479070000,1280.0999755859375
2011-06-28 00:00:00,1280.2099609375,1296.800048828125,1280.2099609375,3681500000,1296.6700439453125
2011-06-29 00:00:00,1296.8499755859375,1309.2099609375,1296.8499755859375,4347540000,1307.4100341796875
2011-06-30 00:00:00,1307.6400146484375,1321.969970703125,1307.6400146484375,4200500000,1320.6400146484375
2011-07-01 00:00:00,1320.6400146484375,1341.010009765625,1318.1800537109375,3796930000,1339.6700439453125
2011-07-05 00:00:00,1339.5899658203125,1340.8900146484375,1334.300048828125,3722320000,1337.8800048828125
2011-07-06 00:00:00,1337.56005859375,1340.93994140625,1330.9200439453125,3564190000,1339.219970703125
2011-07-07 00:00:00,1339.6199951171875,1356.47998046875,1339.6199951171875,4069530000,1353.219970703125
2011-07-08 00:00:00,1352.3900146484375,1352.3900146484375,1333.7099609375,3594360000,1343.800048828125
2011-07-11 00:00:00,1343.31005859375,1343.31005859375,1316.4200439453125,3879130000,1319.489990234375
2011-07-12 00:00:00,1319.6099853515625,1327.1700439453125,1313.3299560546875,4227890000,1313.6400146484375
2011-07-13 00:00:00,1314.449951171875,1331.47998046875,1314.449951171875,4060080000,1317.719970703125
2011-07-14 00:00:00,1317.739990234375,1326.8800048828125,1306.510009765625,4358570000,1308.8699951171875
2011-07-15 00:00:00,1308.8699951171875,1317.699951171875,1307.52001953125,4242760000,1316.1400146484375
2011-07-18 00:00:00,1315.93994140625,1315.93994140625,1295.9200439453125,4118160000,1305.43994140625
2011-07-19 00:00:00,1307.0699462890625,1328.1400146484375,1307.0699462890625,4304600000,1326.72998046875
2011-07-20 00:00:00,1328.6600341796875,1330.4300537109375,1323.6500244140625,3767420000,1325.8399658203125
2011-07-21 00:00:00,1325.6500244140625,1347.0,1325.6500244140625,4837430000,1343.800048828125
2011-07-22 00:00:00,1343.800048828125,1346.0999755859375,1336.949951171875,3522830000,1345.02001953125
2011-07-25 00:00:00,1344.3199462890625,1344.3199462890625,1331.0899658203125,3536890000,1337.4300537109375
2011-07-26 00:00:00,1337.3900146484375,1338.510009765625,1329.5899658203125,4007050000,1331.93994140625
2011-07-27 00:00:00,1331.9100341796875,1331.9100341796875,1303.489990234375,3479040000,1304.8900146484375
2011-07-28 00:00:00,1304.8399658203125,1316.3199462890625,1299.1600341796875,4951800000,1300.6700439453125
2011-07-29 00:00:00,1300.1199951171875,1304.1600341796875,1282.8599853515625,5061190000,1292.280029296875
2011-08-01 00:00:00,1292.5899658203125,1307.3800048828125,1274.72998046875,4967390000,1286.93994140625
2011-08-02 00:00:00,1286.56005859375,1286.56005859375,1254.030029296875,5206290000,1254.050048828125
2011-08-03 00:00:00,1254.25,1261.199951171875,1234.56005859375,6446940000,1260.3399658203125
2011-08-04 00:00:00,1260.22998046875,1260.22998046875,1199.5400390625,4266530000,1200.0699462890625
2011-08-05 00:00:00,1200.280029296875,1218.1099853515625,1168.0899658203125,5454590000,1199.3800048828125
2011-08-08 00:00:00,1198.47998046875,1198.47998046875,1119.280029296875,2615150000,1119.4599609375
2011-08-09 00:00:00,1120.22998046875,1172.8800048828125,1101.5400390625,2366660000,1172.530029296875
2011-08-10 00:00:00,1171.77001953125,1171.77001953125,1118.010009765625,5018070000,1120.760009765625
2011-08-11 00:00:00,1121.300048828125,1186.2900390625,1121.300048828125,3685050000,1172.6400146484375
2011-08-12 00:00:00,1172.8699951171875,1189.0400390625,1170.739990234375,5640380000,1178.81005859375
2011-08-15 00:00:00,1178.8599853515625,1204.489990234375,1178.8599853515625,4272850000,1204.489990234375
2011-08-16 00:00:00,1204.219970703125,1204.219970703125,1180.530029296875,5071600000,1192.760009765625
2011-08-17 00:00:00,1192.8900146484375,1208.469970703125,1184.3599853515625,4388340000,1193.8900146484375
2011-08-18 00:00:00,1189.6199951171875,1189.6199951171875,1131.030029296875,3234810000,1140.6500244140625
2011-08-19 00:00:00,1140.469970703125,1154.5400390625,1122.050048828125,5167560000,1123.530029296875
2011-08-22 00:00:00,1123.550048828125,1145.489990234375,1121.0899658203125,5436260000,1123.8199462890625
2011-08-23 00:00:00,1124.3599853515625,1162.3499755859375,1124.3599853515625,5013170000,1162.3499755859375
2011-08-24 00:00:00,1162.1600341796875,1178.56005859375,1156.300048828125,5315310000,1177.5999755859375
2011-08-25 00:00:00,1176.68994140625,1190.6800537109375,1155.469970703125,5748420000,1159.27001953125
2011-08-26 00:00:00,1158.8499755859375,1181.22998046875,1135.9100341796875,5035320000,1176.800048828125
2011-08-29 00:00:00,1177.9100341796875,1210.280029296875,1177.9100341796875,4228070000,1210.0799560546875
2011-08-30 00:00:00,1209.760009765625,1220.0999755859375,1195.77001953125,4572570000,1212.9200439453125
2011-08-31 00:00:00,1213.0,1230.7099609375,1209.3499755859375,5267840000,1218.8900146484375
2011-09-01 00:00:00,1219.1199951171875,1229.2900390625,1203.8499755859375,4780410000,1204.4200439453125
2011-09-02 00:00:00,1203.9000244140625,1203.9000244140625,1170.56005859375,4401740000,1173.969970703125
2011-09-06 00:00:00,1173.969970703125,1173.969970703125,1140.1300048828125,5103980000,1165.239990234375
2011-09-07 00:00:00,1165.8499755859375,1198.6199951171875,1165.8499755859375,4441040000,1198.6199951171875
2011-09-08 00:00:00,1197.97998046875,1204.4000244140625,1183.3399658203125,4465170000,1185.9000244140625
2011-09-09 00:00:00,1185.3699951171875,1185.3699951171875,1148.3699951171875,4586370000,1154.22998046875
2011-09-12 00:00:00,1153.5,1162.52001953125,1136.0699462890625,5168550000,1162.27001953125
2011-09-13 00:00:00,1162.5899658203125,1176.4100341796875,1157.43994140625,4681370000,1172.8699951171875
2011-09-14 00:00:00,1173.3199462890625,1202.3800048828125,1162.72998046875,4986740000,1188.6800537109375
2011-09-15 00:00:00,1189.43994140625,1209.1099853515625,1189.43994140625,4479730000,1209.1099853515625
2011-09-16 00:00:00,1209.2099609375,1220.06005859375,1204.4599609375,5248890000,1216.010009765625
2011-09-19 00:00:00,1214.989990234375,1214.989990234375,1188.3599853515625,4254190000,1204.0899658203125
2011-09-20 00:00:00,1204.5,1220.3900146484375,1201.2900390625,4315610000,1202.0899658203125
2011-09-21 00:00:00,1203.6300048828125,1206.300048828125,1166.2099609375,4728550000,1166.760009765625
2011-09-22 00:00:00,1164.550048828125,1164.550048828125,1114.219970703125,6703140000,1129.56005859375
2011-09-23 00:00:00,1128.8199462890625,1141.719970703125,1121.3599853515625,5639930000,1136.4300537109375
2011-09-26 00:00:00,1136.9100341796875,1164.18994140625,1131.0699462890625,4762830000,1162.949951171875
2011-09-27 00:00:00,1163.3199462890625,1195.8599853515625,1163.3199462890625,5548130000,1175.3800048828125
2011-09-28 00:00:00,1175.3900146484375,1184.7099609375,1150.4000244140625,4787920000,1151.06005859375
2011-09-29 00:00:00,1151.739990234375,1175.8699951171875,1139.9300537109375,5285740000,1160.4000244140625
2011-09-30 00:00:00,1159.9300537109375,1159.9300537109375,1131.3399658203125,4416790000,1131.4200439453125
2011-10-03 00:00:00,1131.2099609375,1138.989990234375,1098.9200439453125,5670340000,1099.22998046875
2011-10-04 00:00:00,1097.4200439453125,1125.1199951171875,1074.77001953125,3714670000,1123.949951171875
2011-10-05 00:00:00,1124.030029296875,1146.0699462890625,1115.6800537109375,2510620000,1144.030029296875
2011-10-06 00:00:00,1144.1099853515625,1165.550048828125,1134.949951171875,5098330000,1164.969970703125
2011-10-07 00:00:00,1165.030029296875,1171.4000244140625,1150.260009765625,5580380000,1155.4599609375
2011-10-10 00:00:00,1158.1500244140625,1194.9100341796875,1158.1500244140625,4446800000,1194.8900146484375
2011-10-11 00:00:00,1194.5999755859375,1199.239990234375,1187.300048828125,4424500000,1195.5400390625
2011-10-12 00:00:00,1196.18994140625,1220.25,1196.18994140625,5355360000,1207.25
2011-10-13 00:00:00,1206.9599609375,1207.4599609375,1190.5799560546875,4436270000,1203.6600341796875
2011-10-14 00:00:00,1205.6500244140625,1224.6099853515625,1205.6500244140625,4116690000,1224.5799560546875
2011-10-17 00:00:00,1224.469970703125,1224.469970703125,1198.550048828125,4300700000,1200.8599853515625
2011-10-18 00:00:00,1200.75,1233.0999755859375,1191.47998046875,4840170000,1225.3800048828125
2011-10-19 00:00:00,1223.4599609375,1229.6400146484375,1206.31005859375,4846390000,1209.8800048828125
2011-10-20 00:00:00,1209.9200439453125,1219.530029296875,1197.3399658203125,4870290000,1215.3900146484375
2011-10-21 00:00:00,1215.3900146484375,1239.030029296875,1215.3900146484375,4980770000,1238.25
2011-10-24 00:00:00,1238.719970703125,1256.550048828125,1238.719970703125,4309380000,1254.18994140625
2011-10-25 00:00:00,1254.18994140625,1254.18994140625,1226.7900390625,4473970000,1229.050048828125
2011-10-26 00:00:00,1229.1700439453125,1246.280029296875,1221.06005859375,4873530000,1242.0
2011-10-27 00:00:00,1243.969970703125,1292.6600341796875,1243.969970703125,6367610000,1284.5899658203125
2011-10-28 00:00:00,1284.3900146484375,1287.0799560546875,1277.010009765625,4536690000,1285.0899658203125
2011-10-31 00:00:00,1284.9599609375,1284.9599609375,1253.1600341796875,4310210000,1253.300048828125
2011-11-01 00:00:00,1251.0,1251.0,1215.4200439453125,5645540000,1218.280029296875
2011-11-02 00:00:00,1219.6199951171875,1242.47998046875,1219.6199951171875,4110530000,1237.9000244140625
2011-11-03 00:00:00,1238.25,1263.2099609375,1234.81005859375,4849140000,1261.1500244140625
2011-11-04 00:00:00,1260.8199462890625,1260.8199462890625,1238.9200439453125,3830650000,1253.22998046875
2011-11-07 00:00:00,1253.2099609375,1261.699951171875,1240.75,3429740000,1261.1199951171875
2011-11-08 00:00:00,1261.1199951171875,1277.550048828125,1254.989990234375,3908490000,1275.9200439453125
2011-11-09 00:00:00,1275.1800537109375,1275.1800537109375,1226.6400146484375,4659740000,1229.0999755859375
2011-11-10 00:00:00,1229.5899658203125,1246.219970703125,1227.699951171875,4002760000,1239.699951171875
2011-11-11 00:00:00,1240.1199951171875,1266.97998046875,1240.1199951171875,3370180000,1263.8499755859375
2011-11-14 00:00:00,1263.8499755859375,1263.8499755859375,1246.6800537109375,3219680000,1251.780029296875
2011-11-15 00:00:00,1251.699951171875,1264.25,1244.3399658203125,3599300000,1257.81005859375
2011-11-16 00:00:00,1257.81005859375,1259.6099853515625,1235.6700439453125,4085010000,1236.9100341796875
2011-11-17 00:00:00,1236.56005859375,1237.72998046875,1209.4300537109375,4596450000,1216.1300048828125
2011-11-18 00:00:00,1216.18994140625,1223.510009765625,1211.3599853515625,3827610000,1215.6500244140625
2011-11-21 00:00:00,1215.6199951171875,1215.6199951171875,1183.1600341796875,4050070000,1192.97998046875
2011-11-22 00:00:00,1192.97998046875,1196.81005859375,1181.6500244140625,3911710000,1188.0400390625
2011-11-23 00:00:00,1187.47998046875,1187.47998046875,1161.7900390625,3798940000,1161.7900390625
2011-11-25 00:00:00,1161.4100341796875,1172.6600341796875,1158.6600341796875,1664200000,1158.6700439453125
2011-11-28 00:00:00,1158.6700439453125,1197.3499755859375,1158.6700439453125,3920750000,1192.550048828125
2011-11-29 00:00:00,1192.56005859375,1203.6700439453125,1191.800048828125,3992650000,1195.18994140625
2011-11-30 00:00:00,1196.719970703125,1247.1099853515625,1196.719970703125,5801910000,1246.9599609375
2011-12-01 00:00:00,1246.9100341796875,1251.0899658203125,1239.72998046875,3818680000,1244.5799560546875
2011-12-02 00:00:00,1246.030029296875,1260.0799560546875,1243.3499755859375,4144310000,1244.280029296875
2011-12-05 00:00:00,1244.3299560546875,1266.72998046875,1244.3299560546875,4148060000,1257.0799560546875
2011-12-06 00:00:00,1257.18994140625,1266.030029296875,1253.030029296875,3734230000,1258.469970703125
2011-12-07 00:00:00,1258.1400146484375,1267.06005859375,1244.800048828125,4160540000,1261.010009765625
2011-12-08 00:00:00,1260.8699951171875,1260.8699951171875,1231.469970703125,4298370000,1234.3499755859375
2011-12-09 00:00:00,1234.47998046875,1258.25,1234.47998046875,3830610000,1255.18994140625
2011-12-12 00:00:00,1255.050048828125,1255.050048828125,1227.25,3600570000,1236.469970703125
2011-12-13 00:00:00,1236.8299560546875,1249.8599853515625,1219.4300537109375,4121570000,1225.72998046875
2011-12-14 00:00:00,1225.72998046875,1225.72998046875,1209.469970703125,4298290000,1211.8199462890625
2011-12-15 00:00:00,1212.1199951171875,1225.5999755859375,1212.1199951171875,3810340000,1215.75
2011-12-16 00:00:00,1216.0899658203125,1231.0400390625,1215.199951171875,5345800000,1219.6600341796875
2011-12-19 00:00:00,1219.739990234375,1224.5699462890625,1202.3699951171875,3659820000,1205.3499755859375
2011-12-20 00:00:00,1205.719970703125,1242.8199462890625,1205.719970703125,4055590000,1241.300048828125
2011-12-21 00:00:00,1241.25,1245.0899658203125,1229.510009765625,2959020000,1243.719970703125
2011-12-22 00:00:00,1243.719970703125,1255.219970703125,1243.719970703125,3492250000,1254.0
2011-12-23 00:00:00,1254.0,1265.4200439453125,1254.0,2233830000,1265.3299560546875
2011-12-27 00:00:00,1265.02001953125,1269.3699951171875,1262.300048828125,2130590000,1265.4300537109375
2011-12-28 00:00:00,1265.3800048828125,1265.8499755859375,1248.6400146484375,2349980000,1249.6400146484375
2011-12-29 00:00:00,1249.75,1263.5400390625,1249.75,2278130000,1263.02001953125
2011-12-30 00:00:00,1262.8199462890625,1264.1199951171875,1257.4599609375,2271850000,1257.5999755859375
2012-01-03 00:00:00,1258.8599853515625,1284.6199951171875,1258.8599853515625,3943710000,1277.06005859375
2012-01-04 00:00:00,1277.030029296875,1278.72998046875,1268.0999755859375,3592580000,1277.300048828125
2012-01-05 00:00:00,1277.300048828125,1283.050048828125,1265.260009765625,4315950000,1281.06005859375
2012-01-06 00:00:00,1280.9300537109375,1281.8399658203125,1273.3399658203125,3656830000,1277.81005859375
2012-01-09 00:00:00,1277.8299560546875,1281.989990234375,1274.550048828125,3371600000,1280.699951171875
2012-01-10 00:00:00,1280.77001953125,1296.4599609375,1280.77001953125,4221960000,1292.0799560546875
2012-01-11 00:00:00,1292.02001953125,1293.800048828125,1285.4100341796875,3968120000,1292.47998046875
2012-01-12 00:00:00,1292.47998046875,1296.8199462890625,1285.77001953125,4019890000,1295.5
2012-01-13 00:00:00,1294.8199462890625,1294.8199462890625,1277.5799560546875,3692370000,1289.0899658203125
2012-01-17 00:00:00,1290.219970703125,1303.0,1290.219970703125,4010490000,1293.6700439453125
2012-01-18 00:00:00,1293.6500244140625,1308.1099853515625,1290.989990234375,4096160000,1308.0400390625
2012-01-19 00:00:00,1308.0699462890625,1315.489990234375,1308.0699462890625,4465890000,1314.5
2012-01-20 00:00:00,1314.489990234375,1315.3800048828125,1309.1700439453125,3912620000,1315.3800048828125
2012-01-23 00:00:00,1315.2900390625,1322.280029296875,1309.8900146484375,3770910000,1316.0
2012-01-24 00:00:00,1315.9599609375,1315.9599609375,1306.06005859375,3693560000,1314.6500244140625
2012-01-25 00:00:00,1314.4000244140625,1328.300048828125,1307.6500244140625,4410910000,1326.06005859375
2012-01-26 00:00:00,1326.280029296875,1333.469970703125,1313.5999755859375,4522070000,1318.4300537109375
2012-01-27 00:00:00,1318.25,1320.06005859375,1311.719970703125,4007380000,1316.3299560546875
2012-01-30 00:00:00,1316.1600341796875,1316.1600341796875,1300.489990234375,3659010000,1313.010009765625
2012-01-31 00:00:00,1313.530029296875,1321.4100341796875,1306.68994140625,4235550000,1312.4100341796875
2012-02-01 00:00:00,1312.449951171875,1330.52001953125,1312.449951171875,4504360000,1324.0899658203125
2012-02-02 00:00:00,1324.239990234375,1329.18994140625,1321.5699462890625,4120920000,1325.5400390625
2012-02-03 00:00:00,1326.2099609375,1345.3399658203125,1326.2099609375,4608550000,1344.9000244140625
2012-02-06 00:00:00,1344.3199462890625,1344.3599853515625,1337.52001953125,3379700000,1344.3299560546875
2012-02-07 00:00:00,1344.3299560546875,1349.239990234375,1335.9200439453125,3742460000,1347.050048828125
2012-02-08 00:00:00,1347.0400390625,1351.0,1341.949951171875,4096730000,1349.9599609375
2012-02-09 00:00:00,1349.969970703125,1354.3199462890625,1344.6300048828125,4209890000,1351.949951171875
2012-02-10 00:00:00,1351.2099609375,1351.2099609375,1337.3499755859375,3877580000,1342.6400146484375
2012-02-13 00:00:00,1343.06005859375,1353.3499755859375,1343.06005859375,3618040000,1351.77001953125
2012-02-14 00:00:00,1351.300048828125,1351.300048828125,1340.8299560546875,3889520000,1350.5
2012-02-15 00:00:00,1350.52001953125,1355.8699951171875,1340.800048828125,4080340000,1343.22998046875
2012-02-16 00:00:00,1342.6099853515625,1359.02001953125,1341.219970703125,4108880000,1358.0400390625
2012-02-17 00:00:00,1358.06005859375,1363.4000244140625,1357.239990234375,3717640000,1361.22998046875
2012-02-21 00:00:00,1361.219970703125,1367.760009765625,1358.1099853515625,3795200000,1362.2099609375
2012-02-22 00:00:00,1362.1099853515625,1362.699951171875,1355.530029296875,3633710000,1357.6600341796875
2012-02-23 00:00:00,1357.530029296875,1364.239990234375,1352.280029296875,3786450000,1363.4599609375
2012-02-24 00:00:00,1363.4599609375,1368.9200439453125,1363.4599609375,3505360000,1365.739990234375
2012-02-27 00:00:00,1365.199951171875,1371.93994140625,1354.9200439453125,3648890000,1367.5899658203125
2012-02-28 00:00:00,1367.56005859375,1373.0899658203125,1365.969970703125,3579120000,1372.1800537109375
2012-02-29 00:00:00,1372.199951171875,1378.0400390625,1363.81005859375,4482370000,1365.6800537109375
2012-03-01 00:00:00,1365.9000244140625,1376.1700439453125,1365.9000244140625,3919240000,1374.0899658203125
2012-03-02 00:00:00,1374.0899658203125,1374.530029296875,1366.4200439453125,3283490000,1369.6300048828125
2012-03-05 00:00:00,1369.5899658203125,1369.5899658203125,1359.1300048828125,3429480000,1364.3299560546875
2012-03-06 00:00:00,1363.6300048828125,1363.6300048828125,1340.030029296875,4191060000,1343.3599853515625
2012-03-07 00:00:00,1343.3900146484375,1354.8499755859375,1343.3900146484375,3580380000,1352.6300048828125
2012-03-08 00:00:00,1352.6500244140625,1368.719970703125,1352.6500244140625,3543060000,1365.9100341796875
2012-03-09 00:00:00,1365.969970703125,1374.760009765625,1365.969970703125,3639470000,1370.8699951171875
2012-03-12 00:00:00,1370.780029296875,1373.0400390625,1366.68994140625,3081870000,1371.0899658203125
2012-03-13 00:00:00,1371.9200439453125,1396.1300048828125,1371.9200439453125,4386470000,1395.949951171875
2012-03-14 00:00:00,1395.949951171875,1399.4200439453125,1389.969970703125,4502280000,1394.280029296875
2012-03-15 00:00:00,1394.1700439453125,1402.6300048828125,1392.780029296875,4271650000,1402.5999755859375
2012-03-16 00:00:00,1402.550048828125,1405.8800048828125,1401.469970703125,5163950000,1404.1700439453125
2012-03-19 00:00:00,1404.1700439453125,1414.0,1402.4300537109375,3932570000,1409.75
2012-03-20 00:00:00,1409.5899658203125,1409.5899658203125,1397.6800537109375,3695280000,1405.52001953125
2012-03-21 00:00:00,1405.52001953125,1407.75,1400.6400146484375,3573590000,1402.8900146484375
2012-03-22 00:00:00,1402.8900146484375,1402.8900146484375,1388.72998046875,3740590000,1392.780029296875
2012-03-23 00:00:00,1392.780029296875,1399.1800537109375,1386.8699951171875,3472950000,1397.1099853515625
2012-03-26 00:00:00,1397.1099853515625,1416.5799560546875,1397.1099853515625,3576950000,1416.510009765625
2012-03-27 00:00:00,1416.550048828125,1419.1500244140625,1411.949951171875,3513640000,1412.52001953125
2012-03-28 00:00:00,1412.52001953125,1413.6500244140625,1397.199951171875,3892800000,1405.5400390625
2012-03-29 00:00:00,1405.3900146484375,1405.3900146484375,1391.56005859375,3832000000,1403.280029296875
2012-03-30 00:00:00,1403.31005859375,1410.8900146484375,1401.4200439453125,3676890000,1408.469970703125
2012-04-02 00:00:00,1408.469970703125,1422.3800048828125,1404.4599609375,3572010000,1419.0400390625
2012-04-03 00:00:00,1418.97998046875,1419.0,1404.6199951171875,3822090000,1413.3800048828125
2012-04-04 00:00:00,1413.0899658203125,1413.0899658203125,1394.0899658203125,3938290000,1398.9599609375
2012-04-05 00:00:00,1398.7900390625,1401.5999755859375,1392.9200439453125,3303740000,1398.0799560546875
2012-04-09 00:00:00,1397.449951171875,1397.449951171875,1378.239990234375,3468980000,1382.199951171875
2012-04-10 00:00:00,1382.1800537109375,1383.010009765625,1357.3800048828125,4631730000,1358.5899658203125
2012-04-11 00:00:00,1358.97998046875,1374.7099609375,1358.97998046875,3743040000,1368.7099609375
2012-04-12 00:00:00,1368.77001953125,1388.1300048828125,1368.77001953125,3618280000,1387.5699462890625
2012-04-13 00:00:00,1387.6099853515625,1387.6099853515625,1369.8499755859375,3631160000,1370.260009765625
2012-04-16 00:00:00,1370.27001953125,1379.6600341796875,1365.3800048828125,3574780000,1369.5699462890625
2012-04-17 00:00:00,1369.5699462890625,1392.760009765625,1369.5699462890625,3456200000,1390.780029296875
2012-04-18 00:00:00,1390.780029296875,1390.780029296875,1383.2900390625,3463140000,1385.1400146484375
2012-04-19 00:00:00,1385.0799560546875,1390.4599609375,1370.300048828125,4180020000,1376.9200439453125
2012-04-20 00:00:00,1376.9599609375,1387.4000244140625,1376.9599609375,3833320000,1378.530029296875
2012-04-23 00:00:00,1378.530029296875,1378.530029296875,1358.7900390625,3654860000,1366.93994140625
2012-04-24 00:00:00,1366.969970703125,1375.5699462890625,1366.8199462890625,3617100000,1371.969970703125
2012-04-25 00:00:00,1372.1099853515625,1391.3699951171875,1372.1099853515625,3998430000,1390.68994140625
2012-04-26 00:00:00,1390.6400146484375,1402.0899658203125,1387.280029296875,4034700000,1399.97998046875
2012-04-27 00:00:00,1400.18994140625,1406.6400146484375,1397.31005859375,3645830000,1403.3599853515625
2012-04-30 00:00:00,1403.260009765625,1403.260009765625,1394.0,3574010000,1397.9100341796875
2012-05-01 00:00:00,1397.8599853515625,1415.3199462890625,1395.72998046875,3807950000,1405.8199462890625
2012-05-02 00:00:00,1405.5,1405.5,1393.9200439453125,3803860000,1402.31005859375
2012-05-03 00:00:00,1402.3199462890625,1403.0699462890625,1388.7099609375,4004910000,1391.5699462890625
2012-05-04 00:00:00,1391.510009765625,1391.510009765625,1367.9599609375,3975140000,1369.0999755859375
2012-05-07 00:00:00,1368.7900390625,1373.9100341796875,1363.93994140625,3559390000,1369.5799560546875
2012-05-08 00:00:00,1369.1600341796875,1369.1600341796875,1347.75,4261670000,1363.719970703125
2012-05-09 00:00:00,1363.199951171875,1363.72998046875,1343.1300048828125,4288540000,1354.5799560546875
2012-05-10 00:00:00,1354.5799560546875,1365.8800048828125,1354.5799560546875,3727990000,1357.989990234375
2012-05-11 00:00:00,1358.1099853515625,1365.6600341796875,1348.8900146484375,3869070000,1353.3900146484375
2012-05-14 00:00:00,1351.9300537109375,1351.9300537109375,1336.6099853515625,3688120000,1338.3499755859375
2012-05-15 00:00:00,1338.3599853515625,1344.93994140625,1328.4100341796875,4114040000,1330.6600341796875
2012-05-16 00:00:00,1330.780029296875,1341.780029296875,1324.7900390625,4280420000,1324.800048828125
2012-05-17 00:00:00,1324.8199462890625,1326.3599853515625,1304.8599853515625,4664280000,1304.8599853515625
2012-05-18 00:00:00,1305.050048828125,1312.239990234375,1291.97998046875,4512470000,1295.219970703125
2012-05-21 00:00:00,1295.72998046875,1316.3900146484375,1295.72998046875,3786750000,1315.989990234375
2012-05-22 00:00:00,1316.0899658203125,1328.489990234375,1310.0400390625,4123680000,1316.6300048828125
2012-05-23 00:00:00,1316.02001953125,1320.7099609375,1296.530029296875,4108330000,1318.8599853515625
2012-05-24 00:00:00,1318.719970703125,1324.1400146484375,1310.5,3937670000,1320.6800537109375
2012-05-25 00:00:00,1320.81005859375,1324.199951171875,1314.22998046875,2872660000,1317.8199462890625
2012-05-29 00:00:00,1318.9000244140625,1334.9300537109375,1318.9000244140625,3441640000,1332.4200439453125
2012-05-30 00:00:00,1331.25,1331.25,1310.760009765625,3534290000,1313.3199462890625
2012-05-31 00:00:00,1313.0899658203125,1319.739990234375,1298.9000244140625,4557620000,1310.3299560546875
2012-06-01 00:00:00,1309.8699951171875,1309.8699951171875,1277.25,4669350000,1278.0400390625
2012-06-04 00:00:00,1278.2900390625,1282.550048828125,1266.739990234375,4011960000,1278.1800537109375
2012-06-05 00:00:00,1277.8199462890625,1287.6199951171875,1274.1600341796875,3403230000,1285.5
2012-06-06 00:00:00,1285.6099853515625,1315.1300048828125,1285.6099853515625,4268360000,1315.1300048828125
2012-06-07 00:00:00,1316.1500244140625,1329.050048828125,1312.6800537109375,4258140000,1314.989990234375
2012-06-08 00:00:00,1314.989990234375,1325.81005859375,1307.77001953125,3497190000,1325.6600341796875
2012-06-11 00:00:00,1325.719970703125,1335.52001953125,1307.72998046875,3537530000,1308.9300537109375
2012-06-12 00:00:00,1309.4000244140625,1324.31005859375,1306.6199951171875,3442920000,1324.1800537109375
2012-06-13 00:00:00,1324.02001953125,1327.280029296875,1310.510009765625,3506510000,1314.8800048828125
2012-06-14 00:00:00,1314.8800048828125,1333.6800537109375,1314.1400146484375,3687720000,1329.0999755859375
2012-06-15 00:00:00,1329.18994140625,1343.3199462890625,1329.18994140625,4401570000,1342.8399658203125
2012-06-18 00:00:00,1342.4200439453125,1348.219970703125,1334.4599609375,3259430000,1344.780029296875
2012-06-19 00:00:00,1344.8299560546875,1363.4599609375,1344.8299560546875,3815350000,1357.97998046875
2012-06-20 00:00:00,1358.0400390625,1361.5699462890625,1346.449951171875,3695700000,1355.68994140625
2012-06-21 00:00:00,1355.4300537109375,1358.27001953125,1324.4100341796875,4094470000,1325.510009765625
2012-06-22 00:00:00,1325.9200439453125,1337.8199462890625,1325.9200439453125,5271490000,1335.02001953125
2012-06-25 00:00:00,1334.9000244140625,1334.9000244140625,1309.27001953125,3501820000,1313.719970703125
2012-06-26 00:00:00,1314.0899658203125,1324.239990234375,1310.300048828125,3412940000,1319.989990234375
2012-06-27 00:00:00,1320.7099609375,1334.4000244140625,1320.7099609375,3286910000,1331.8499755859375
2012-06-28 00:00:00,1331.52001953125,1331.52001953125,1313.2900390625,3969370000,1329.0400390625
2012-06-29 00:00:00,1330.1199951171875,1362.1700439453125,1330.1199951171875,4590480000,1362.1600341796875
2012-07-02 00:00:00,1362.3299560546875,1366.3499755859375,1355.699951171875,3301650000,1365.510009765625
2012-07-03 00:00:00,1365.75,1374.81005859375,1363.530029296875,2116390000,1374.02001953125
2012-07-05 00:00:00,1373.719970703125,1373.8499755859375,1363.02001953125,3041520000,1367.5799560546875
2012-07-06 00:00:00,1367.0899658203125,1367.0899658203125,1348.030029296875,2745140000,1354.6800537109375
2012-07-09 00:00:00,1354.6600341796875,1354.8699951171875,1346.6500244140625,2904860000,1352.4599609375
2012-07-10 00:00:00,1352.9599609375,1361.5400390625,1336.27001953125,3470600000,1341.469970703125
2012-07-11 00:00:00,1341.4000244140625,1345.0,1333.25,3426290000,1341.449951171875
2012-07-12 00:00:00,1341.2900390625,1341.2900390625,1325.4100341796875,3654440000,1334.760009765625
2012-07-13 00:00:00,1334.81005859375,1357.699951171875,1334.81005859375,3212930000,1356.780029296875
2012-07-16 00:00:00,1356.5,1357.260009765625,1348.510009765625,2862720000,1353.6400146484375
2012-07-17 00:00:00,1353.6800537109375,1365.3599853515625,1345.0699462890625,3566680000,1363.6700439453125
2012-07-18 00:00:00,1363.5799560546875,1375.260009765625,1358.9599609375,3642630000,1372.780029296875
2012-07-19 00:00:00,1373.010009765625,1380.3900146484375,1371.2099609375,4043360000,1376.510009765625
2012-07-20 00:00:00,1376.510009765625,1376.510009765625,1362.18994140625,3925020000,1362.6600341796875
2012-07-23 00:00:00,1362.3399658203125,1362.3399658203125,1337.56005859375,3717180000,1350.52001953125
2012-07-24 00:00:00,1350.52001953125,1351.530029296875,1329.239990234375,3891290000,1338.31005859375
2012-07-25 00:00:00,1338.3499755859375,1343.97998046875,1331.5,3719170000,1337.8900146484375
2012-07-26 00:00:00,1338.1700439453125,1363.1300048828125,1338.1700439453125,4429300000,1360.02001953125
2012-07-27 00:00:00,1360.050048828125,1389.18994140625,1360.050048828125,4399010000,1385.969970703125
2012-07-30 00:00:00,1385.93994140625,1391.739990234375,1381.3699951171875,3212060000,1385.300048828125
2012-07-31 00:00:00,1385.27001953125,1387.1600341796875,1379.1700439453125,3821570000,1379.3199462890625
2012-08-01 00:00:00,1379.3199462890625,1385.030029296875,1373.3499755859375,4440920000,1375.3199462890625
2012-08-02 00:00:00,1375.1300048828125,1375.1300048828125,1354.6500244140625,4193740000,1365.0
2012-08-03 00:00:00,1365.449951171875,1394.1600341796875,1365.449951171875,3751170000,1390.989990234375
2012-08-06 00:00:00,1391.0400390625,1399.6300048828125,1391.0400390625,3122050000,1394.22998046875
2012-08-07 00:00:00,1394.4599609375,1407.1400146484375,1394.4599609375,3682490000,1401.3499755859375
2012-08-08 00:00:00,1401.22998046875,1404.1400146484375,1396.1300048828125,3221790000,1402.219970703125
2012-08-09 00:00:00,1402.260009765625,1405.949951171875,1398.800048828125,3119610000,1402.800048828125
2012-08-10 00:00:00,1402.5799560546875,1405.97998046875,1395.6199951171875,2767980000,1405.8699951171875
2012-08-13 00:00:00,1405.8699951171875,1405.8699951171875,1397.3199462890625,2499990000,1404.1099853515625
2012-08-14 00:00:00,1404.3599853515625,1410.030029296875,1400.5999755859375,2930900000,1403.9300537109375
2012-08-15 00:00:00,1403.8900146484375,1407.72998046875,1401.8299560546875,2655750000,1405.530029296875
2012-08-16 00:00:00,1405.5699462890625,1417.43994140625,1404.1500244140625,3114100000,1415.510009765625
2012-08-17 00:00:00,1415.8399658203125,1418.7099609375,1414.6700439453125,2922990000,1418.1600341796875
2012-08-20 00:00:00,1417.8499755859375,1418.1300048828125,1412.1199951171875,2766320000,1418.1300048828125
2012-08-21 00:00:00,1418.1300048828125,1426.6800537109375,1410.8599853515625,3282950000,1413.1700439453125
2012-08-22 00:00:00,1413.0899658203125,1416.1199951171875,1406.780029296875,3062690000,1413.489990234375
2012-08-23 00:00:00,1413.489990234375,1413.489990234375,1400.5,3008240000,1402.0799560546875
2012-08-24 00:00:00,1401.989990234375,1413.4599609375,1398.0400390625,2598790000,1411.1300048828125
2012-08-27 00:00:00,1411.1300048828125,1416.1700439453125,1409.1099853515625,2472500000,1410.43994140625
2012-08-28 00:00:00,1410.43994140625,1413.6300048828125,1405.5899658203125,2629090000,1409.300048828125
2012-08-29 00:00:00,1409.3199462890625,1413.949951171875,1406.5699462890625,2571220000,1410.489990234375
2012-08-30 00:00:00,1410.0799560546875,1410.0799560546875,1397.010009765625,2530280000,1399.47998046875
2012-08-31 00:00:00,1400.0699462890625,1413.0899658203125,1398.9599609375,2938250000,1406.5799560546875
2012-09-04 00:00:00,1406.5400390625,1409.31005859375,1396.56005859375,3200310000,1404.93994140625
2012-09-05 00:00:00,1404.93994140625,1408.81005859375,1401.25,3389110000,1403.43994140625
2012-09-06 00:00:00,1403.739990234375,1432.1199951171875,1403.739990234375,3952870000,1432.1199951171875
2012-09-07 00:00:00,1432.1199951171875,1437.9200439453125,1431.449951171875,3717620000,1437.9200439453125
2012-09-10 00:00:00,1437.9200439453125,1438.739990234375,1428.97998046875,3223670000,1429.0799560546875
2012-09-11 00:00:00,1429.1300048828125,1437.760009765625,1429.1300048828125,3509630000,1433.56005859375
2012-09-12 00:00:00,1433.56005859375,1439.1500244140625,1432.989990234375,3641200000,1436.56005859375
2012-09-13 00:00:00,1436.56005859375,1463.760009765625,1435.3399658203125,4606550000,1459.989990234375
2012-09-14 00:00:00,1460.0699462890625,1474.510009765625,1460.0699462890625,5041990000,1465.77001953125
2012-09-17 00:00:00,1465.4200439453125,1465.6300048828125,1457.550048828125,3482430000,1461.18994140625
2012-09-18 00:00:00,1461.18994140625,1461.469970703125,1456.1300048828125,3377390000,1459.3199462890625
2012-09-19 00:00:00,1459.5,1465.1500244140625,1457.8800048828125,3451360000,1461.050048828125
2012-09-20 00:00:00,1461.050048828125,1461.22998046875,1449.97998046875,3382520000,1460.260009765625
2012-09-21 00:00:00,1460.3399658203125,1467.0699462890625,1459.510009765625,4833870000,1460.1500244140625
2012-09-24 00:00:00,1459.760009765625,1460.719970703125,1452.06005859375,3008920000,1456.8900146484375
2012-09-25 00:00:00,1456.93994140625,1463.239990234375,1441.5899658203125,3739900000,1441.5899658203125
2012-09-26 00:00:00,1441.5999755859375,1441.5999755859375,1430.530029296875,3565380000,1433.3199462890625
2012-09-27 00:00:00,1433.3599853515625,1450.199951171875,1433.3599853515625,3150330000,1447.1500244140625
2012-09-28 00:00:00,1447.1300048828125,1447.1300048828125,1435.5999755859375,3509230000,1440.6700439453125
2012-10-01 00:00:00,1440.9000244140625,1457.1400146484375,1440.9000244140625,3505080000,1444.489990234375
2012-10-02 00:00:00,1444.989990234375,1451.52001953125,1439.010009765625,3321790000,1445.75
2012-10-03 00:00:00,1446.050048828125,1454.300048828125,1441.989990234375,3531640000,1450.989990234375
2012-10-04 00:00:00,1451.0799560546875,1463.1400146484375,1451.0799560546875,3615860000,1461.4000244140625
2012-10-05 00:00:00,1461.4000244140625,1470.9599609375,1456.8900146484375,3172940000,1460.9300537109375
2012-10-08 00:00:00,1460.9300537109375,1460.9300537109375,1453.0999755859375,2328720000,1455.8800048828125
2012-10-09 00:00:00,1455.9000244140625,1455.9000244140625,1441.1800537109375,3216320000,1441.47998046875
2012-10-10 00:00:00,1441.47998046875,1442.52001953125,1430.6400146484375,3225060000,1432.56005859375
2012-10-11 00:00:00,1432.8199462890625,1443.9000244140625,1432.8199462890625,3672540000,1432.8399658203125
2012-10-12 00:00:00,1432.8399658203125,1438.4300537109375,1425.530029296875,3134750000,1428.5899658203125
2012-10-15 00:00:00,1428.75,1441.31005859375,1427.239990234375,3483810000,1440.1300048828125
2012-10-16 00:00:00,1440.31005859375,1455.510009765625,1440.31005859375,3568770000,1454.9200439453125
2012-10-17 00:00:00,1454.219970703125,1462.199951171875,1453.3499755859375,3655320000,1460.9100341796875
2012-10-18 00:00:00,1460.93994140625,1464.02001953125,1452.6300048828125,3880030000,1457.3399658203125
2012-10-19 00:00:00,1457.3399658203125,1457.3399658203125,1429.8499755859375,3875170000,1433.18994140625
2012-10-22 00:00:00,1433.2099609375,1435.4599609375,1422.06005859375,3216220000,1433.8199462890625
2012-10-23 00:00:00,1433.739990234375,1433.739990234375,1407.56005859375,3587670000,1413.1099853515625
2012-10-24 00:00:00,1413.199951171875,1420.0400390625,1407.0999755859375,3385970000,1408.75
2012-10-25 00:00:00,1409.739990234375,1421.1199951171875,1405.1400146484375,3512640000,1412.969970703125
2012-10-26 00:00:00,1412.969970703125,1417.0899658203125,1403.280029296875,3284910000,1411.93994140625
2012-10-31 00:00:00,1410.989990234375,1418.760009765625,1405.949951171875,3577110000,1412.1600341796875
2012-11-01 00:00:00,1412.199951171875,1428.3499755859375,1412.199951171875,3929890000,1427.5899658203125
2012-11-02 00:00:00,1427.5899658203125,1434.27001953125,1412.9100341796875,3732480000,1414.199951171875
2012-11-05 00:00:00,1414.02001953125,1419.9000244140625,1408.1300048828125,2921040000,1417.260009765625
2012-11-06 00:00:00,1417.260009765625,1433.3800048828125,1417.260009765625,3306970000,1428.3900146484375
2012-11-07 00:00:00,1428.27001953125,1428.27001953125,1388.1400146484375,4356490000,1394.530029296875
2012-11-08 00:00:00,1394.530029296875,1401.22998046875,1377.510009765625,3779520000,1377.510009765625
2012-11-09 00:00:00,1377.550048828125,1391.3900146484375,1373.030029296875,3647350000,1379.8499755859375
2012-11-12 00:00:00,1379.8599853515625,1384.8699951171875,1377.18994140625,2567540000,1380.030029296875
2012-11-13 00:00:00,1380.030029296875,1388.81005859375,1371.3900146484375,3455550000,1374.530029296875
2012-11-14 00:00:00,1374.6400146484375,1380.1300048828125,1352.5,4109510000,1355.489990234375
2012-11-15 00:00:00,1355.4100341796875,1360.6199951171875,1348.050048828125,3928870000,1353.3299560546875
2012-11-16 00:00:00,1353.3599853515625,1362.030029296875,1343.3499755859375,4045910000,1359.8800048828125
2012-11-19 00:00:00,1359.8800048828125,1386.8900146484375,1359.8800048828125,3374800000,1386.8900146484375
2012-11-20 00:00:00,1386.8199462890625,1389.77001953125,1377.0400390625,3207160000,1387.81005859375
2012-11-21 00:00:00,1387.7900390625,1391.25,1386.3900146484375,2667090000,1391.030029296875
2012-11-23 00:00:00,1391.030029296875,1409.1600341796875,1391.030029296875,1504960000,1409.1500244140625
2012-11-26 00:00:00,1409.1500244140625,1409.1500244140625,1397.6800537109375,2948960000,1406.2900390625
2012-11-27 00:00:00,1406.2900390625,1409.010009765625,1398.030029296875,3323120000,1398.93994140625
2012-11-28 00:00:00,1398.77001953125,1410.31005859375,1385.4300537109375,3359250000,1409.9300537109375
2012-11-29 00:00:00,1409.9599609375,1419.699951171875,1409.0400390625,3356850000,1415.949951171875
2012-11-30 00:00:00,1415.949951171875,1418.8599853515625,1411.6300048828125,3966000000,1416.1800537109375
2012-12-03 00:00:00,1416.3399658203125,1423.72998046875,1408.4599609375,3074280000,1409.4599609375
2012-12-04 00:00:00,1409.4599609375,1413.1400146484375,1403.6500244140625,3247710000,1407.050048828125
2012-12-05 00:00:00,1407.050048828125,1415.56005859375,1398.22998046875,4253920000,1409.280029296875
2012-12-06 00:00:00,1409.4300537109375,1413.949951171875,1405.9300537109375,3229700000,1413.93994140625
2012-12-07 00:00:00,1413.949951171875,1420.3399658203125,1410.9000244140625,3125160000,1418.0699462890625
2012-12-10 00:00:00,1418.0699462890625,1421.6400146484375,1415.6400146484375,2999430000,1418.550048828125
2012-12-11 00:00:00,1418.550048828125,1434.27001953125,1418.550048828125,3650230000,1427.8399658203125
2012-12-12 00:00:00,1427.8399658203125,1438.5899658203125,1426.760009765625,3709050000,1428.47998046875
2012-12-13 00:00:00,1428.47998046875,1431.3599853515625,1416.0,3349960000,1419.449951171875
2012-12-14 00:00:00,1419.449951171875,1419.449951171875,1411.8800048828125,3210170000,1413.5799560546875
2012-12-17 00:00:00,1413.5400390625,1430.6700439453125,1413.5400390625,3455610000,1430.3599853515625
2012-12-18 00:00:00,1430.469970703125,1448.0,1430.469970703125,4302240000,1446.7900390625
2012-12-19 00:00:00,1446.7900390625,1447.75,1435.800048828125,3869800000,1435.81005859375
2012-12-20 00:00:00,1435.81005859375,1443.699951171875,1432.8199462890625,3686580000,1443.68994140625
2012-12-21 00:00:00,1443.6700439453125,1443.6700439453125,1422.5799560546875,5229160000,1430.1500244140625
2012-12-24 00:00:00,1430.1500244140625,1430.1500244140625,1424.6600341796875,1248960000,1426.6600341796875
2012-12-26 00:00:00,1426.6600341796875,1429.4200439453125,1416.4300537109375,2285030000,1419.8299560546875
2012-12-27 00:00:00,1419.8299560546875,1422.800048828125,1401.800048828125,2830180000,1418.0999755859375
2012-12-28 00:00:00,1418.0999755859375,1418.0999755859375,1401.5799560546875,2426680000,1402.4300537109375
2012-12-31 00:00:00,1402.4300537109375,1426.739990234375,1398.1099853515625,3204330000,1426.18994140625
2013-01-02 00:00:00,1426.18994140625,1462.4300537109375,1426.18994140625,4202600000,1462.4200439453125
2013-01-03 00:00:00,1462.4200439453125,1465.469970703125,1455.530029296875,3829730000,1459.3699951171875
2013-01-04 00:00:00,1459.3699951171875,1467.93994140625,1458.989990234375,3424290000,1466.469970703125
2013-01-07 00:00:00,1466.469970703125,1466.469970703125,1456.6199951171875,3304970000,1461.8900146484375
2013-01-08 00:00:00,1461.8900146484375,1461.8900146484375,1451.6400146484375,3601600000,1457.1500244140625
2013-01-09 00:00:00,1457.1500244140625,1464.72998046875,1457.1500244140625,3674390000,1461.02001953125
2013-01-10 00:00:00,1461.02001953125,1472.300048828125,1461.02001953125,4081840000,1472.1199951171875
2013-01-11 00:00:00,1472.1199951171875,1472.75,1467.5799560546875,3340650000,1472.050048828125
2013-01-14 00:00:00,1472.050048828125,1472.050048828125,1465.68994140625,3003010000,1470.6800537109375
2013-01-15 00:00:00,1470.6700439453125,1473.31005859375,1463.760009765625,3135350000,1472.3399658203125
2013-01-16 00:00:00,1472.3299560546875,1473.9599609375,1467.5999755859375,3384080000,1472.6300048828125
2013-01-17 00:00:00,1472.6300048828125,1485.1600341796875,1472.6300048828125,3706710000,1480.93994140625
2013-01-18 00:00:00,1480.949951171875,1485.97998046875,1475.81005859375,3795740000,1485.97998046875
2013-01-22 00:00:00,1485.97998046875,1492.56005859375,1481.1600341796875,3570950000,1492.56005859375
2013-01-23 00:00:00,1492.56005859375,1496.1300048828125,1489.9000244140625,3552010000,1494.81005859375
2013-01-24 00:00:00,1494.81005859375,1502.27001953125,1489.4599609375,3699430000,1494.8199462890625
2013-01-25 00:00:00,1494.8199462890625,1503.260009765625,1494.8199462890625,3476290000,1502.9599609375
2013-01-28 00:00:00,1502.9599609375,1503.22998046875,1496.3299560546875,3388540000,1500.1800537109375
2013-01-29 00:00:00,1500.1800537109375,1509.3499755859375,1498.0899658203125,3949640000,1507.8399658203125
2013-01-30 00:00:00,1507.8399658203125,1509.93994140625,1500.1099853515625,3726810000,1501.9599609375
2013-01-31 00:00:00,1501.9599609375,1504.18994140625,1496.760009765625,3999880000,1498.1099853515625
2013-02-01 00:00:00,1498.1099853515625,1514.4100341796875,1498.1099853515625,3836320000,1513.1700439453125
2013-02-04 00:00:00,1513.1700439453125,1513.1700439453125,1495.02001953125,3390000000,1495.7099609375
2013-02-05 00:00:00,1495.7099609375,1514.9599609375,1495.7099609375,3618360000,1511.2900390625
2013-02-06 00:00:00,1511.2900390625,1512.530029296875,1504.7099609375,3611570000,1512.1199951171875
2013-02-07 00:00:00,1512.1199951171875,1512.9000244140625,1498.489990234375,3614580000,1509.3900146484375
2013-02-08 00:00:00,1509.3900146484375,1518.31005859375,1509.3900146484375,2986150000,1517.9300537109375
2013-02-11 00:00:00,1517.9300537109375,1518.31005859375,1513.6099853515625,2684100000,1517.010009765625
2013-02-12 00:00:00,1517.010009765625,1522.2900390625,1515.6099853515625,3414370000,1519.4300537109375
2013-02-13 00:00:00,1519.4300537109375,1524.68994140625,1515.9300537109375,3385880000,1520.3299560546875
2013-02-14 00:00:00,1520.3299560546875,1523.1400146484375,1514.02001953125,3759740000,1521.3800048828125
2013-02-15 00:00:00,1521.3800048828125,1524.239990234375,1514.1400146484375,3838510000,1519.7900390625
2013-02-19 00:00:00,1519.7900390625,1530.93994140625,1519.7900390625,3748910000,1530.93994140625
2013-02-20 00:00:00,1530.93994140625,1530.93994140625,1511.4100341796875,4240570000,1511.949951171875
2013-02-21 00:00:00,1511.949951171875,1511.949951171875,1497.2900390625,4274600000,1502.4200439453125
2013-02-22 00:00:00,1502.4200439453125,1515.6400146484375,1502.4200439453125,3419320000,1515.5999755859375
2013-02-25 00:00:00,1515.5999755859375,1525.8399658203125,1487.8499755859375,4011050000,1487.8499755859375
2013-02-26 00:00:00,1487.8499755859375,1498.989990234375,1485.010009765625,3975280000,1496.93994140625
2013-02-27 00:00:00,1496.93994140625,1520.0799560546875,1494.8800048828125,3551850000,1515.989990234375
2013-02-28 00:00:00,1515.989990234375,1525.3399658203125,1514.4599609375,3912320000,1514.6800537109375
2013-03-01 00:00:00,1514.6800537109375,1519.989990234375,1501.47998046875,3695610000,1518.199951171875
2013-03-04 00:00:00,1518.199951171875,1525.27001953125,1512.2900390625,3414430000,1525.199951171875
2013-03-05 00:00:00,1525.199951171875,1543.469970703125,1525.199951171875,3610690000,1539.7900390625
2013-03-06 00:00:00,1539.7900390625,1545.25,1538.1099853515625,3676890000,1541.4599609375
2013-03-07 00:00:00,1541.4599609375,1545.780029296875,1541.4599609375,3634710000,1544.260009765625
2013-03-08 00:00:00,1544.260009765625,1552.47998046875,1542.93994140625,3652260000,1551.1800537109375
2013-03-11 00:00:00,1551.1500244140625,1556.27001953125,1547.3599853515625,3091080000,1556.219970703125
2013-03-12 00:00:00,1556.219970703125,1556.77001953125,1548.239990234375,3274910000,1552.47998046875
2013-03-13 00:00:00,1552.47998046875,1556.3900146484375,1548.25,3073830000,1554.52001953125
2013-03-14 00:00:00,1554.52001953125,1563.3199462890625,1554.52001953125,3459260000,1563.22998046875
2013-03-15 00:00:00,1563.2099609375,1563.6199951171875,1555.739990234375,5175850000,1560.699951171875
2013-03-18 00:00:00,1560.699951171875,1560.699951171875,1545.1300048828125,3164560000,1552.0999755859375
2013-03-19 00:00:00,1552.0999755859375,1557.25,1538.5699462890625,3796210000,1548.3399658203125
2013-03-20 00:00:00,1548.3399658203125,1561.56005859375,1548.3399658203125,3349090000,1558.7099609375
2013-03-21 00:00:00,1558.7099609375,1558.7099609375,1543.550048828125,3243270000,1545.800048828125
2013-03-22 00:00:00,1545.9000244140625,1557.739990234375,1545.9000244140625,2948380000,1556.8900146484375
2013-03-25 00:00:00,1556.8900146484375,1564.9100341796875,1546.219970703125,3178170000,1551.68994140625
2013-03-26 00:00:00,1551.68994140625,1563.949951171875,1551.68994140625,2869260000,1563.77001953125
2013-03-27 00:00:00,1563.75,1564.0699462890625,1551.9000244140625,2914210000,1562.8499755859375
2013-03-28 00:00:00,1562.8599853515625,1570.280029296875,1561.0799560546875,3304440000,1569.18994140625
2013-04-01 00:00:00,1569.1800537109375,1570.5699462890625,1558.469970703125,2753110000,1562.1700439453125
2013-04-02 00:00:00,1562.1700439453125,1573.6600341796875,1562.1700439453125,3312160000,1570.25
2013-04-03 00:00:00,1570.25,1571.469970703125,1549.800048828125,4060610000,1553.68994140625
2013-04-04 00:00:00,1553.68994140625,1562.5999755859375,1552.52001953125,3350670000,1559.97998046875
2013-04-05 00:00:00,1559.97998046875,1559.97998046875,1539.5,3515410000,1553.280029296875
2013-04-08 00:00:00,1553.260009765625,1563.0699462890625,1548.6300048828125,2887120000,1563.0699462890625
2013-04-09 00:00:00,1563.1099853515625,1573.8900146484375,1560.9200439453125,3252780000,1568.6099853515625
2013-04-10 00:00:00,1568.6099853515625,1589.0699462890625,1568.6099853515625,3453350000,1587.72998046875
2013-04-11 00:00:00,1587.72998046875,1597.3499755859375,1586.1700439453125,3393950000,1593.3699951171875
2013-04-12 00:00:00,1593.300048828125,1593.300048828125,1579.969970703125,3206290000,1588.8499755859375
2013-04-15 00:00:00,1588.8399658203125,1588.8399658203125,1552.280029296875,4660130000,1552.3599853515625
2013-04-16 00:00:00,1552.3599853515625,1575.3499755859375,1552.3599853515625,3654700000,1574.5699462890625
2013-04-17 00:00:00,1574.5699462890625,1574.5699462890625,1543.68994140625,4250310000,1552.010009765625
2013-04-18 00:00:00,1552.030029296875,1554.3800048828125,1536.030029296875,3890800000,1541.6099853515625
2013-04-19 00:00:00,1541.6099853515625,1555.8900146484375,1539.4000244140625,3569870000,1555.25
2013-04-22 00:00:00,1555.25,1565.550048828125,1548.18994140625,2979880000,1562.5
2013-04-23 00:00:00,1562.5,1579.5799560546875,1562.5,3565150000,1578.780029296875
2013-04-24 00:00:00,1578.780029296875,1583.0,1575.800048828125,3598240000,1578.7900390625
2013-04-25 00:00:00,1578.9300537109375,1592.6400146484375,1578.9300537109375,3908580000,1585.1600341796875
2013-04-26 00:00:00,1585.1600341796875,1585.780029296875,1577.56005859375,3198620000,1582.239990234375
2013-04-29 00:00:00,1582.3399658203125,1596.6500244140625,1582.3399658203125,2891200000,1593.6099853515625
2013-04-30 00:00:00,1593.5799560546875,1597.5699462890625,1586.5,3745070000,1597.5699462890625
2013-05-01 00:00:00,1597.550048828125,1597.550048828125,1581.280029296875,3530320000,1582.699951171875
2013-05-02 00:00:00,1582.77001953125,1598.5999755859375,1582.77001953125,3366950000,1597.5899658203125
2013-05-03 00:00:00,1597.5999755859375,1618.4599609375,1597.5999755859375,3603910000,1614.4200439453125
2013-05-06 00:00:00,1614.4000244140625,1619.77001953125,1614.2099609375,3062240000,1617.5
2013-05-07 00:00:00,1617.550048828125,1626.030029296875,1616.6400146484375,3309580000,1625.9599609375
2013-05-08 00:00:00,1625.949951171875,1632.780029296875,1622.699951171875,3554700000,1632.68994140625
2013-05-09 00:00:00,1632.68994140625,1635.010009765625,1623.0899658203125,3457400000,1626.6700439453125
2013-05-10 00:00:00,1626.68994140625,1633.699951171875,1623.7099609375,3086470000,1633.699951171875
2013-05-13 00:00:00,1632.0999755859375,1636.0,1626.739990234375,2910600000,1633.77001953125
2013-05-14 00:00:00,1633.75,1651.0999755859375,1633.75,3457790000,1650.3399658203125
2013-05-15 00:00:00,1649.1300048828125,1661.489990234375,1646.6800537109375,3657440000,1658.780029296875
2013-05-16 00:00:00,1658.0699462890625,1660.510009765625,1648.5999755859375,3513130000,1650.469970703125
2013-05-17 00:00:00,1652.449951171875,1667.469970703125,1652.449951171875,3440710000,1667.469970703125
2013-05-20 00:00:00,1665.7099609375,1672.8399658203125,1663.52001953125,3275080000,1666.2900390625
2013-05-21 00:00:00,1666.199951171875,1674.9300537109375,1662.6700439453125,3513560000,1669.1600341796875
2013-05-22 00:00:00,1669.3900146484375,1687.1800537109375,1648.8599853515625,4361020000,1655.3499755859375
2013-05-23 00:00:00,1651.6199951171875,1655.5,1635.530029296875,3945510000,1650.510009765625
2013-05-24 00:00:00,1646.6700439453125,1649.780029296875,1636.8800048828125,2758080000,1649.5999755859375
2013-05-28 00:00:00,1652.6300048828125,1674.2099609375,1652.6300048828125,3457400000,1660.06005859375
2013-05-29 00:00:00,1656.5699462890625,1656.5699462890625,1640.050048828125,3587140000,1648.3599853515625
2013-05-30 00:00:00,1649.1400146484375,1661.9100341796875,1648.6099853515625,3498620000,1654.4100341796875
2013-05-31 00:00:00,1652.1300048828125,1658.989990234375,1630.739990234375,4099600000,1630.739990234375
2013-06-03 00:00:00,1631.7099609375,1640.4200439453125,1622.719970703125,3952070000,1640.4200439453125
2013-06-04 00:00:00,1640.72998046875,1646.530029296875,1623.6199951171875,3653840000,1631.3800048828125
2013-06-05 00:00:00,1629.050048828125,1629.31005859375,1607.0899658203125,3632350000,1608.9000244140625
2013-06-06 00:00:00,1609.2900390625,1622.56005859375,1598.22998046875,3547380000,1622.56005859375
2013-06-07 00:00:00,1625.27001953125,1644.4000244140625,1625.27001953125,3371990000,1643.3800048828125
2013-06-10 00:00:00,1644.6700439453125,1648.68994140625,1639.260009765625,2978730000,1642.81005859375
2013-06-11 00:00:00,1638.6400146484375,1640.1300048828125,1622.9200439453125,3435710000,1626.1300048828125
2013-06-12 00:00:00,1629.93994140625,1637.7099609375,1610.9200439453125,3202550000,1612.52001953125
2013-06-13 00:00:00,1612.1500244140625,1639.25,1608.0699462890625,3378620000,1636.3599853515625
2013-06-14 00:00:00,1635.52001953125,1640.800048828125,1623.9599609375,2939400000,1626.72998046875
2013-06-17 00:00:00,1630.6400146484375,1646.5,1630.3399658203125,3137080000,1639.0400390625
2013-06-18 00:00:00,1639.77001953125,1654.18994140625,1639.77001953125,3120980000,1651.81005859375
2013-06-19 00:00:00,1651.8299560546875,1652.449951171875,1628.9100341796875,3545060000,1628.9300537109375
2013-06-20 00:00:00,1624.6199951171875,1624.6199951171875,1584.3199462890625,4858850000,1588.18994140625
2013-06-21 00:00:00,1588.6199951171875,1599.18994140625,1577.699951171875,5797280000,1592.4300537109375
2013-06-24 00:00:00,1588.77001953125,1588.77001953125,1560.3299560546875,4733660000,1573.0899658203125
2013-06-25 00:00:00,1577.52001953125,1593.7900390625,1577.0899658203125,3761170000,1588.030029296875
2013-06-26 00:00:00,1592.27001953125,1606.8299560546875,1592.27001953125,3558340000,1603.260009765625
2013-06-27 00:00:00,1606.43994140625,1620.0699462890625,1606.43994140625,3364540000,1613.199951171875
2013-06-28 00:00:00,1611.1199951171875,1615.93994140625,1601.06005859375,4977190000,1606.280029296875
2013-07-01 00:00:00,1609.780029296875,1626.6099853515625,1609.780029296875,3104690000,1614.9599609375
2013-07-02 00:00:00,1614.2900390625,1624.260009765625,1606.77001953125,3317130000,1614.0799560546875
2013-07-03 00:00:00,1611.47998046875,1618.969970703125,1604.5699462890625,1966050000,1615.4100341796875
2013-07-05 00:00:00,1618.6500244140625,1632.0699462890625,1614.7099609375,2634140000,1631.8900146484375
2013-07-08 00:00:00,1634.199951171875,1644.6800537109375,1634.199951171875,3514590000,1640.4599609375
2013-07-09 00:00:00,1642.8900146484375,1654.1800537109375,1642.8900146484375,3155360000,1652.3199462890625
2013-07-10 00:00:00,1651.56005859375,1657.9200439453125,1647.6600341796875,3011010000,1652.6199951171875
2013-07-11 00:00:00,1657.4100341796875,1676.6300048828125,1657.4100341796875,3446340000,1675.02001953125
2013-07-12 00:00:00,1675.260009765625,1680.18994140625,1672.3299560546875,3039070000,1680.18994140625
2013-07-15 00:00:00,1679.5899658203125,1684.510009765625,1677.8900146484375,2623200000,1682.5
2013-07-16 00:00:00,1682.699951171875,1683.72998046875,1671.8399658203125,3081710000,1676.260009765625
2013-07-17 00:00:00,1677.9100341796875,1684.75,1677.9100341796875,3153440000,1680.9100341796875
2013-07-18 00:00:00,1681.050048828125,1693.1199951171875,1681.050048828125,3452370000,1689.3699951171875
2013-07-19 00:00:00,1686.1500244140625,1692.0899658203125,1684.0799560546875,3302580000,1692.0899658203125
2013-07-22 00:00:00,1694.4100341796875,1697.6099853515625,1690.6700439453125,2779130000,1695.530029296875
2013-07-23 00:00:00,1696.6300048828125,1698.780029296875,1691.1300048828125,3096180000,1692.3900146484375
2013-07-24 00:00:00,1696.06005859375,1698.3800048828125,1682.5699462890625,3336120000,1685.93994140625
2013-07-25 00:00:00,1685.2099609375,1690.93994140625,1680.0699462890625,3322500000,1690.25
2013-07-26 00:00:00,1687.31005859375,1691.8499755859375,1676.030029296875,2762770000,1691.6500244140625
2013-07-29 00:00:00,1690.3199462890625,1690.9200439453125,1681.8599853515625,2840520000,1685.3299560546875
2013-07-30 00:00:00,1687.9200439453125,1693.18994140625,1682.4200439453125,3320530000,1685.9599609375
2013-07-31 00:00:00,1687.760009765625,1698.4300537109375,1684.93994140625,3847390000,1685.72998046875
2013-08-01 00:00:00,1689.4200439453125,1707.8499755859375,1689.4200439453125,3775170000,1706.8699951171875
2013-08-02 00:00:00,1706.0999755859375,1709.6700439453125,1700.6800537109375,3136630000,1709.6700439453125
2013-08-05 00:00:00,1708.010009765625,1709.239990234375,1703.550048828125,2529300000,1707.1400146484375
2013-08-06 00:00:00,1705.7900390625,1705.7900390625,1693.2900390625,3141210000,1697.3699951171875
2013-08-07 00:00:00,1695.300048828125,1695.300048828125,1684.9100341796875,3010230000,1690.9100341796875
2013-08-08 00:00:00,1693.3499755859375,1700.1800537109375,1688.3800048828125,3271660000,1697.47998046875
2013-08-09 00:00:00,1696.0999755859375,1699.4200439453125,1686.02001953125,2957670000,1691.4200439453125
2013-08-12 00:00:00,1688.3699951171875,1691.489990234375,1683.3499755859375,2789160000,1689.469970703125
2013-08-13 00:00:00,1690.6500244140625,1696.81005859375,1682.6199951171875,3035560000,1694.1600341796875
2013-08-14 00:00:00,1693.8800048828125,1695.52001953125,1684.8299560546875,2871430000,1685.3900146484375
2013-08-15 00:00:00,1679.6099853515625,1679.6099853515625,1658.5899658203125,3426690000,1661.3199462890625
2013-08-16 00:00:00,1661.219970703125,1663.5999755859375,1652.6099853515625,3211450000,1655.8299560546875
2013-08-19 00:00:00,1655.25,1659.1800537109375,1645.8399658203125,2904530000,1646.06005859375
2013-08-20 00:00:00,1646.81005859375,1658.9200439453125,1646.0799560546875,2994090000,1652.3499755859375
2013-08-21 00:00:00,1650.6600341796875,1656.989990234375,1639.4300537109375,2932180000,1642.800048828125
2013-08-22 00:00:00,1645.030029296875,1659.550048828125,1645.030029296875,2537460000,1656.9599609375
2013-08-23 00:00:00,1659.9200439453125,1664.8499755859375,1654.81005859375,2582670000,1663.5
2013-08-26 00:00:00,1664.2900390625,1669.510009765625,1656.02001953125,2430670000,1656.780029296875
2013-08-27 00:00:00,1652.5400390625,1652.5400390625,1629.050048828125,3219190000,1630.47998046875
2013-08-28 00:00:00,1630.25,1641.1800537109375,1627.469970703125,2784010000,1634.9599609375
2013-08-29 00:00:00,1633.5,1646.4100341796875,1630.8800048828125,2527550000,1638.1700439453125
2013-08-30 00:00:00,1638.8900146484375,1640.0799560546875,1628.050048828125,2734300000,1632.969970703125
2013-09-03 00:00:00,1635.949951171875,1651.3499755859375,1633.4100341796875,3731610000,1639.77001953125
2013-09-04 00:00:00,1640.719970703125,1655.719970703125,1637.4100341796875,3312150000,1653.0799560546875
2013-09-05 00:00:00,1653.280029296875,1659.1700439453125,1653.0699462890625,2957110000,1655.0799560546875
2013-09-06 00:00:00,1657.43994140625,1664.8299560546875,1640.6199951171875,3123880000,1655.1700439453125
2013-09-09 00:00:00,1656.8499755859375,1672.4000244140625,1656.8499755859375,3102780000,1671.7099609375
2013-09-10 00:00:00,1675.1099853515625,1684.0899658203125,1675.1099853515625,3691800000,1683.989990234375
2013-09-11 00:00:00,1681.0400390625,1689.1300048828125,1678.699951171875,3135460000,1689.1300048828125
2013-09-12 00:00:00,1689.2099609375,1689.969970703125,1681.9599609375,3106290000,1683.4200439453125
2013-09-13 00:00:00,1685.0400390625,1688.72998046875,1682.219970703125,2736500000,1687.989990234375
2013-09-16 00:00:00,1691.699951171875,1704.949951171875,1691.699951171875,3079800000,1697.5999755859375
2013-09-17 00:00:00,1697.72998046875,1705.52001953125,1697.72998046875,2774240000,1704.760009765625
2013-09-18 00:00:00,1705.739990234375,1729.43994140625,1700.3499755859375,3989760000,1725.52001953125
2013-09-19 00:00:00,1727.3399658203125,1729.8599853515625,1720.199951171875,3740130000,1722.3399658203125
2013-09-20 00:00:00,1722.43994140625,1725.22998046875,1708.8900146484375,5074030000,1709.9100341796875
2013-09-23 00:00:00,1711.43994140625,1711.43994140625,1697.0999755859375,3126950000,1701.8399658203125
2013-09-24 00:00:00,1702.5999755859375,1707.6300048828125,1694.9000244140625,3268930000,1697.4200439453125
2013-09-25 00:00:00,1698.02001953125,1701.7099609375,1691.8800048828125,3148730000,1692.77001953125
2013-09-26 00:00:00,1694.050048828125,1703.8499755859375,1693.1099853515625,2813930000,1698.6700439453125
2013-09-27 00:00:00,1695.52001953125,1695.52001953125,1687.1099853515625,2951700000,1691.75
2013-09-30 00:00:00,1687.260009765625,1687.260009765625,1674.989990234375,3308630000,1681.550048828125
2013-10-01 00:00:00,1682.4100341796875,1696.550048828125,1682.0699462890625,3238690000,1695.0
2013-10-02 00:00:00,1691.9000244140625,1693.8699951171875,1680.3399658203125,3148600000,1693.8699951171875
2013-10-03 00:00:00,1692.3499755859375,1692.3499755859375,1670.3599853515625,3279650000,1678.6600341796875
2013-10-04 00:00:00,1678.7900390625,1691.93994140625,1677.3299560546875,2880270000,1690.5
2013-10-07 00:00:00,1687.1500244140625,1687.1500244140625,1674.699951171875,2678490000,1676.1199951171875
2013-10-08 00:00:00,1676.219970703125,1676.7900390625,1655.030029296875,3569230000,1655.449951171875
2013-10-09 00:00:00,1656.989990234375,1662.469970703125,1646.469970703125,3577840000,1656.4000244140625
2013-10-10 00:00:00,1660.8800048828125,1692.56005859375,1660.8800048828125,3362300000,1692.56005859375
2013-10-11 00:00:00,1691.0899658203125,1703.43994140625,1688.52001953125,2944670000,1703.199951171875
2013-10-14 00:00:00,1699.8599853515625,1711.030029296875,1692.1300048828125,2580580000,1710.1400146484375
2013-10-15 00:00:00,1709.1700439453125,1711.5699462890625,1695.9300537109375,3327740000,1698.06005859375
2013-10-16 00:00:00,1700.489990234375,1721.760009765625,1700.489990234375,3486180000,1721.5400390625
2013-10-17 00:00:00,1720.1700439453125,1733.449951171875,1714.1199951171875,3453590000,1733.1500244140625
2013-10-18 00:00:00,1736.719970703125,1745.31005859375,1735.739990234375,3664890000,1744.5
2013-10-21 00:00:00,1745.199951171875,1747.7900390625,1740.6700439453125,3052710000,1744.6600341796875
2013-10-22 00:00:00,1746.47998046875,1759.3299560546875,1746.47998046875,3850840000,1754.6700439453125
2013-10-23 00:00:00,1752.27001953125,1752.27001953125,1740.5,3713380000,1746.3800048828125
2013-10-24 00:00:00,1747.47998046875,1753.93994140625,1745.5,3671700000,1752.0699462890625
2013-10-25 00:00:00,1756.010009765625,1759.8199462890625,1752.449951171875,3175720000,1759.77001953125
2013-10-28 00:00:00,1759.4200439453125,1764.989990234375,1757.6700439453125,3282300000,1762.1099853515625
2013-10-29 00:00:00,1762.9300537109375,1772.0899658203125,1762.9300537109375,3358460000,1771.949951171875
2013-10-30 00:00:00,1772.27001953125,1775.219970703125,1757.239990234375,3523040000,1763.31005859375
2013-10-31 00:00:00,1763.239990234375,1768.530029296875,1755.719970703125,3826530000,1756.5400390625
2013-11-01 00:00:00,1758.699951171875,1765.6700439453125,1752.699951171875,3686290000,1761.6400146484375
2013-11-04 00:00:00,1763.4000244140625,1768.780029296875,1761.56005859375,3194870000,1767.9300537109375
2013-11-05 00:00:00,1765.6700439453125,1767.030029296875,1755.760009765625,3516680000,1762.969970703125
2013-11-06 00:00:00,1765.0,1773.739990234375,1764.4000244140625,3322100000,1770.489990234375
2013-11-07 00:00:00,1770.739990234375,1774.5400390625,1746.199951171875,4143200000,1747.1500244140625
2013-11-08 00:00:00,1748.3699951171875,1770.780029296875,1747.6300048828125,3837170000,1770.6099853515625
2013-11-11 00:00:00,1769.9599609375,1773.43994140625,1767.8499755859375,2534060000,1771.8900146484375
2013-11-12 00:00:00,1769.510009765625,1771.780029296875,1762.2900390625,3221030000,1767.68994140625
2013-11-13 00:00:00,1764.3699951171875,1782.0,1760.6400146484375,3327480000,1782.0
2013-11-14 00:00:00,1782.75,1791.530029296875,1780.219970703125,3139060000,1790.6199951171875
2013-11-15 00:00:00,1790.6600341796875,1798.219970703125,1790.6600341796875,3254820000,1798.1800537109375
2013-11-18 00:00:00,1798.8199462890625,1802.3299560546875,1788.0,3168520000,1791.530029296875
2013-11-19 00:00:00,1790.7900390625,1795.510009765625,1784.719970703125,3224450000,1787.8699951171875
2013-11-20 00:00:00,1789.5899658203125,1795.72998046875,1777.22998046875,3109140000,1781.3699951171875
2013-11-21 00:00:00,1783.52001953125,1797.1600341796875,1783.52001953125,3256630000,1795.8499755859375
2013-11-22 00:00:00,1797.2099609375,1804.8399658203125,1794.699951171875,3055140000,1804.760009765625
2013-11-25 00:00:00,1806.3299560546875,1808.0999755859375,1800.5799560546875,2998540000,1802.47998046875
2013-11-26 00:00:00,1802.8699951171875,1808.4200439453125,1800.77001953125,3427120000,1802.75
2013-11-27 00:00:00,1803.47998046875,1808.27001953125,1802.77001953125,2613590000,1807.22998046875
2013-11-29 00:00:00,1808.68994140625,1813.550048828125,1803.97998046875,1598300000,1805.81005859375
2013-12-02 00:00:00,1806.550048828125,1810.02001953125,1798.5999755859375,3095430000,1800.9000244140625
2013-12-03 00:00:00,1800.0999755859375,1800.0999755859375,1787.8499755859375,3475680000,1795.1500244140625
2013-12-04 00:00:00,1793.1500244140625,1799.800048828125,1779.0899658203125,3610540000,1792.81005859375
2013-12-05 00:00:00,1792.8199462890625,1792.8199462890625,1783.3800048828125,3336880000,1785.030029296875
2013-12-06 00:00:00,1788.3599853515625,1806.0400390625,1788.3599853515625,3150030000,1805.0899658203125
2013-12-09 00:00:00,1806.2099609375,1811.52001953125,1806.2099609375,3129500000,1808.3699951171875
2013-12-10 00:00:00,1807.5999755859375,1808.52001953125,1801.75,3117150000,1802.6199951171875
2013-12-11 00:00:00,1802.760009765625,1802.969970703125,1780.0899658203125,3472240000,1782.219970703125
2013-12-12 00:00:00,1781.7099609375,1782.989990234375,1772.280029296875,3306640000,1775.5
2013-12-13 00:00:00,1777.97998046875,1780.9200439453125,1772.449951171875,3061070000,1775.3199462890625
2013-12-16 00:00:00,1777.47998046875,1792.219970703125,1777.47998046875,3209890000,1786.5400390625
2013-12-17 00:00:00,1786.469970703125,1786.77001953125,1777.050048828125,3270030000,1781.0
2013-12-18 00:00:00,1781.4599609375,1811.0799560546875,1767.989990234375,4327770000,1810.6500244140625
2013-12-19 00:00:00,1809.0,1810.8800048828125,1801.3499755859375,3497210000,1809.5999755859375
2013-12-20 00:00:00,1810.3900146484375,1823.75,1810.25,5097700000,1818.3199462890625
2013-12-23 00:00:00,1822.9200439453125,1829.75,1822.9200439453125,2851540000,1827.989990234375
2013-12-24 00:00:00,1828.02001953125,1833.3199462890625,1828.02001953125,1307630000,1833.3199462890625
2013-12-26 00:00:00,1834.9599609375,1842.8399658203125,1834.9599609375,1982270000,1842.02001953125
2013-12-27 00:00:00,1842.969970703125,1844.8900146484375,1839.81005859375,2052920000,1841.4000244140625
2013-12-30 00:00:00,1841.469970703125,1842.469970703125,1838.77001953125,2293860000,1841.0699462890625
2013-12-31 00:00:00,1842.6099853515625,1849.43994140625,1842.4100341796875,2312840000,1848.3599853515625
2014-01-02 00:00:00,1845.8599853515625,1845.8599853515625,1827.739990234375,3080600000,1831.97998046875
2014-01-03 00:00:00,1833.2099609375,1838.239990234375,1829.1300048828125,2774270000,1831.3699951171875
2014-01-06 00:00:00,1832.31005859375,1837.1600341796875,1823.72998046875,3294850000,1826.77001953125
2014-01-07 00:00:00,1828.7099609375,1840.0999755859375,1828.7099609375,3511750000,1837.8800048828125
2014-01-08 00:00:00,1837.9000244140625,1840.02001953125,1831.4000244140625,3652140000,1837.489990234375
2014-01-09 00:00:00,1839.0,1843.22998046875,1830.3800048828125,3581150000,1838.1300048828125
2014-01-10 00:00:00,1840.06005859375,1843.1500244140625,1832.4300537109375,3335710000,1842.3699951171875
2014-01-13 00:00:00,1841.260009765625,1843.449951171875,1815.52001953125,3591350000,1819.199951171875
2014-01-14 00:00:00,1821.3599853515625,1839.260009765625,1821.3599853515625,3353270000,1838.8800048828125
2014-01-15 00:00:00,1840.52001953125,1850.8399658203125,1840.52001953125,3777800000,1848.3800048828125
2014-01-16 00:00:00,1847.989990234375,1847.989990234375,1840.300048828125,3491310000,1845.8900146484375
2014-01-17 00:00:00,1844.22998046875,1846.0400390625,1835.22998046875,3626120000,1838.699951171875
2014-01-21 00:00:00,1841.050048828125,1849.31005859375,1832.3800048828125,3782470000,1843.800048828125
2014-01-22 00:00:00,1844.7099609375,1846.8699951171875,1840.8800048828125,3374170000,1844.8599853515625
2014-01-23 00:00:00,1842.2900390625,1842.2900390625,1820.06005859375,3972250000,1828.4599609375
2014-01-24 00:00:00,1826.9599609375,1826.9599609375,1790.2900390625,4618450000,1790.2900390625
2014-01-27 00:00:00,1791.030029296875,1795.97998046875,1772.8800048828125,4045200000,1781.56005859375
2014-01-28 00:00:00,1783.0,1793.8699951171875,1779.489990234375,3437830000,1792.5
2014-01-29 00:00:00,1790.1500244140625,1790.1500244140625,1770.449951171875,3964020000,1774.199951171875
2014-01-30 00:00:00,1777.1700439453125,1798.77001953125,1777.1700439453125,3547510000,1794.18994140625
2014-01-31 00:00:00,1790.8800048828125,1793.8800048828125,1772.260009765625,4059690000,1782.5899658203125
2014-02-03 00:00:00,1782.6800537109375,1784.8299560546875,1739.6600341796875,4726040000,1741.8900146484375
2014-02-04 00:00:00,1743.8199462890625,1758.72998046875,1743.8199462890625,4068410000,1755.199951171875
2014-02-05 00:00:00,1753.3800048828125,1755.7900390625,1737.9200439453125,3984290000,1751.6400146484375
2014-02-06 00:00:00,1752.989990234375,1774.06005859375,1752.989990234375,3825410000,1773.4300537109375
2014-02-07 00:00:00,1776.010009765625,1798.030029296875,1776.010009765625,3775990000,1797.02001953125
2014-02-10 00:00:00,1796.199951171875,1799.93994140625,1791.8299560546875,3312160000,1799.8399658203125
2014-02-11 00:00:00,1800.449951171875,1823.5400390625,1800.4100341796875,3699380000,1819.75
2014-02-12 00:00:00,1820.1199951171875,1826.550048828125,1815.969970703125,3326380000,1819.260009765625
2014-02-13 00:00:00,1814.8199462890625,1830.25,1809.219970703125,3289510000,1829.8299560546875
2014-02-14 00:00:00,1828.4599609375,1841.6500244140625,1825.5899658203125,3114750000,1838.6300048828125
2014-02-18 00:00:00,1839.030029296875,1842.8699951171875,1835.010009765625,3421110000,1840.760009765625
2014-02-19 00:00:00,1838.9000244140625,1847.5,1826.989990234375,3661570000,1828.75
2014-02-20 00:00:00,1829.239990234375,1842.7900390625,1824.5799560546875,3404980000,1839.780029296875
2014-02-21 00:00:00,1841.0699462890625,1846.1300048828125,1835.5999755859375,3403880000,1836.25
2014-02-24 00:00:00,1836.780029296875,1858.7099609375,1836.780029296875,4014530000,1847.6099853515625
2014-02-25 00:00:00,1847.6600341796875,1852.9100341796875,1840.18994140625,3515560000,1845.1199951171875
2014-02-26 00:00:00,1845.7900390625,1852.6500244140625,1840.6600341796875,3716730000,1845.1600341796875
2014-02-27 00:00:00,1844.9000244140625,1854.530029296875,1841.1300048828125,3547460000,1854.2900390625
2014-02-28 00:00:00,1855.1199951171875,1867.9200439453125,1847.6700439453125,3917450000,1859.449951171875
2014-03-03 00:00:00,1857.6800537109375,1857.6800537109375,1834.43994140625,3428220000,1845.72998046875
2014-03-04 00:00:00,1849.22998046875,1876.22998046875,1849.22998046875,3765770000,1873.9100341796875
2014-03-05 00:00:00,1874.050048828125,1876.530029296875,1871.1099853515625,3392990000,1873.81005859375
2014-03-06 00:00:00,1874.1800537109375,1881.93994140625,1874.1800537109375,3360450000,1877.030029296875
2014-03-07 00:00:00,1878.52001953125,1883.5699462890625,1870.56005859375,3564740000,1878.0400390625
2014-03-10 00:00:00,1877.8599853515625,1877.8699951171875,1867.0400390625,3021350000,1877.1700439453125
2014-03-11 00:00:00,1878.260009765625,1882.3499755859375,1863.8800048828125,3392400000,1867.6300048828125
2014-03-12 00:00:00,1866.1500244140625,1868.3800048828125,1854.3800048828125,3270860000,1868.199951171875
2014-03-13 00:00:00,1869.06005859375,1874.4000244140625,1841.8599853515625,3670990000,1846.3399658203125
2014-03-14 00:00:00,1845.0699462890625,1852.43994140625,1839.5699462890625,3285460000,1841.1300048828125
2014-03-17 00:00:00,1842.81005859375,1862.300048828125,1842.81005859375,2860490000,1858.8299560546875
2014-03-18 00:00:00,1858.9200439453125,1873.760009765625,1858.9200439453125,2930190000,1872.25
2014-03-19 00:00:00,1872.25,1874.1400146484375,1850.3499755859375,3289210000,1860.77001953125
2014-03-20 00:00:00,1860.0899658203125,1873.489990234375,1854.6300048828125,3327540000,1872.010009765625
2014-03-21 00:00:00,1874.530029296875,1883.969970703125,1863.4599609375,5270710000,1866.52001953125
2014-03-24 00:00:00,1867.6700439453125,1873.3399658203125,1849.68994140625,3409000000,1857.43994140625
2014-03-25 00:00:00,1859.47998046875,1871.8699951171875,1855.9599609375,3200560000,1865.6199951171875
2014-03-26 00:00:00,1867.0899658203125,1875.9200439453125,1852.56005859375,3480850000,1852.56005859375
2014-03-27 00:00:00,1852.1099853515625,1855.550048828125,1842.1099853515625,3733430000,1849.0400390625
2014-03-28 00:00:00,1850.0699462890625,1866.6300048828125,1850.0699462890625,2955520000,1857.6199951171875
2014-03-31 00:00:00,1859.1600341796875,1875.1800537109375,1859.1600341796875,3274300000,1872.3399658203125
2014-04-01 00:00:00,1873.9599609375,1885.8399658203125,1873.9599609375,3336190000,1885.52001953125
2014-04-02 00:00:00,1886.6099853515625,1893.1700439453125,1883.7900390625,3131660000,1890.9000244140625
2014-04-03 00:00:00,1891.4300537109375,1893.800048828125,1882.6500244140625,3055600000,1888.77001953125
2014-04-04 00:00:00,1890.25,1897.280029296875,1863.260009765625,3583750000,1865.0899658203125
2014-04-07 00:00:00,1863.9200439453125,1864.0400390625,1841.47998046875,3801540000,1845.0400390625
2014-04-08 00:00:00,1845.47998046875,1854.949951171875,1837.489990234375,3721450000,1851.9599609375
2014-04-09 00:00:00,1852.6400146484375,1872.4300537109375,1852.3800048828125,3308650000,1872.1800537109375
2014-04-10 00:00:00,1872.280029296875,1872.530029296875,1830.8699951171875,3758780000,1833.0799560546875
2014-04-11 00:00:00,1830.6500244140625,1835.0699462890625,1814.3599853515625,3743460000,1815.68994140625
2014-04-14 00:00:00,1818.1800537109375,1834.18994140625,1815.800048828125,3111540000,1830.6099853515625
2014-04-15 00:00:00,1831.449951171875,1844.02001953125,1816.2900390625,3736440000,1842.97998046875
2014-04-16 00:00:00,1846.010009765625,1862.31005859375,1846.010009765625,3155080000,1862.31005859375
2014-04-17 00:00:00,1861.72998046875,1869.6300048828125,1856.719970703125,3341430000,1864.8499755859375
2014-04-21 00:00:00,1865.7900390625,1871.8900146484375,1863.1800537109375,2642500000,1871.8900146484375
2014-04-22 00:00:00,1872.5699462890625,1884.8900146484375,1872.5699462890625,3215440000,1879.550048828125
2014-04-23 00:00:00,1879.3199462890625,1879.75,1873.9100341796875,3085720000,1875.3900146484375
2014-04-24 00:00:00,1881.969970703125,1884.06005859375,1870.239990234375,3191830000,1878.6099853515625
2014-04-25 00:00:00,1877.719970703125,1877.719970703125,1859.699951171875,3213020000,1863.4000244140625
2014-04-28 00:00:00,1865.0,1877.010009765625,1850.6099853515625,4034680000,1869.4300537109375
2014-04-29 00:00:00,1870.780029296875,1880.5999755859375,1870.780029296875,3647820000,1878.3299560546875
2014-04-30 00:00:00,1877.0999755859375,1885.199951171875,1872.68994140625,3779230000,1883.949951171875
2014-05-01 00:00:00,1884.3900146484375,1888.5899658203125,1878.0400390625,3416740000,1883.6800537109375
2014-05-02 00:00:00,1885.300048828125,1891.3299560546875,1878.5,3159560000,1881.1400146484375
2014-05-05 00:00:00,1879.449951171875,1885.510009765625,1866.77001953125,2733730000,1884.6600341796875
2014-05-06 00:00:00,1883.68994140625,1883.68994140625,1867.719970703125,3327260000,1867.719970703125
2014-05-07 00:00:00,1868.530029296875,1878.8299560546875,1859.7900390625,3632950000,1878.2099609375
2014-05-08 00:00:00,1877.3900146484375,1889.0699462890625,1870.050048828125,3393420000,1875.6300048828125
2014-05-09 00:00:00,1875.27001953125,1878.5699462890625,1867.02001953125,3025020000,1878.47998046875
2014-05-12 00:00:00,1880.030029296875,1897.1300048828125,1880.030029296875,3005740000,1896.6500244140625
2014-05-13 00:00:00,1896.75,1902.1700439453125,1896.06005859375,2915680000,1897.449951171875
2014-05-14 00:00:00,1897.1300048828125,1897.1300048828125,1885.77001953125,2822060000,1888.530029296875
2014-05-15 00:00:00,1888.1600341796875,1888.1600341796875,1862.3599853515625,3552640000,1870.8499755859375
2014-05-16 00:00:00,1871.18994140625,1878.280029296875,1864.8199462890625,3173650000,1877.8599853515625
2014-05-19 00:00:00,1876.6600341796875,1886.0,1872.4200439453125,2664250000,1885.0799560546875
2014-05-20 00:00:00,1884.8800048828125,1884.8800048828125,1868.1400146484375,3007700000,1872.8299560546875
2014-05-21 00:00:00,1873.3399658203125,1888.800048828125,1873.3399658203125,2777140000,1888.030029296875
2014-05-22 00:00:00,1888.18994140625,1896.3299560546875,1885.3900146484375,2759800000,1892.489990234375
2014-05-23 00:00:00,1893.3199462890625,1901.260009765625,1893.3199462890625,2396280000,1900.530029296875
2014-05-27 00:00:00,1902.010009765625,1912.280029296875,1902.010009765625,2911020000,1911.9100341796875
2014-05-28 00:00:00,1911.77001953125,1914.4599609375,1907.300048828125,2976450000,1909.780029296875
2014-05-29 00:00:00,1910.5999755859375,1920.030029296875,1909.8199462890625,2709050000,1920.030029296875
2014-05-30 00:00:00,1920.3299560546875,1924.030029296875,1916.6400146484375,3263490000,1923.5699462890625
2014-06-02 00:00:00,1923.8699951171875,1925.8800048828125,1915.97998046875,2509020000,1924.969970703125
2014-06-03 00:00:00,1923.0699462890625,1925.0699462890625,1918.7900390625,2867180000,1924.239990234375
2014-06-04 00:00:00,1923.06005859375,1928.6300048828125,1918.5999755859375,2793920000,1927.8800048828125
2014-06-05 00:00:00,1928.52001953125,1941.739990234375,1922.9300537109375,3113270000,1940.4599609375
2014-06-06 00:00:00,1942.4100341796875,1949.43994140625,1942.4100341796875,2864300000,1949.43994140625
2014-06-09 00:00:00,1948.969970703125,1955.550048828125,1947.1600341796875,2812180000,1951.27001953125
2014-06-10 00:00:00,1950.3399658203125,1950.8599853515625,1944.6400146484375,2702360000,1950.7900390625
2014-06-11 00:00:00,1949.3699951171875,1949.3699951171875,1940.0799560546875,2710620000,1943.8900146484375
2014-06-12 00:00:00,1943.3499755859375,1943.3499755859375,1925.780029296875,3040480000,1930.1099853515625
2014-06-13 00:00:00,1930.800048828125,1937.300048828125,1927.68994140625,2598230000,1936.1600341796875
2014-06-16 00:00:00,1934.8399658203125,1941.1500244140625,1930.9100341796875,2926130000,1937.780029296875
2014-06-17 00:00:00,1937.1500244140625,1943.68994140625,1933.550048828125,2971260000,1941.989990234375
2014-06-18 00:00:00,1942.72998046875,1957.739990234375,1939.2900390625,3065220000,1956.97998046875
2014-06-19 00:00:00,1957.5,1959.8699951171875,1952.260009765625,2952150000,1959.47998046875
2014-06-20 00:00:00,1960.449951171875,1963.9100341796875,1959.1700439453125,4336240000,1962.8699951171875
2014-06-23 00:00:00,1962.9200439453125,1963.739990234375,1958.8900146484375,2717630000,1962.6099853515625
2014-06-24 00:00:00,1961.969970703125,1968.1700439453125,1948.3399658203125,3089700000,1949.97998046875
2014-06-25 00:00:00,1949.27001953125,1960.8299560546875,1947.489990234375,3106710000,1959.530029296875
2014-06-26 00:00:00,1959.8900146484375,1959.8900146484375,1944.68994140625,2778840000,1957.219970703125
2014-06-27 00:00:00,1956.56005859375,1961.469970703125,1952.1800537109375,4290590000,1960.9599609375
2014-06-30 00:00:00,1960.7900390625,1964.239990234375,1958.219970703125,3037350000,1960.22998046875
2014-07-01 00:00:00,1962.2900390625,1978.5799560546875,1962.2900390625,3188240000,1973.3199462890625
2014-07-02 00:00:00,1973.06005859375,1976.6700439453125,1972.5799560546875,2851480000,1974.6199951171875
2014-07-03 00:00:00,1975.8800048828125,1985.5899658203125,1975.8800048828125,1998090000,1985.43994140625
2014-07-07 00:00:00,1984.219970703125,1984.219970703125,1974.8800048828125,2681260000,1977.6500244140625
2014-07-08 00:00:00,1976.3900146484375,1976.3900146484375,1959.4599609375,3302430000,1963.7099609375
2014-07-09 00:00:00,1965.0999755859375,1974.1500244140625,1965.0999755859375,2858800000,1972.8299560546875
2014-07-10 00:00:00,1966.6700439453125,1969.8399658203125,1952.8599853515625,3165690000,1964.6800537109375
2014-07-11 00:00:00,1965.760009765625,1968.6700439453125,1959.6300048828125,2684630000,1967.5699462890625
2014-07-14 00:00:00,1969.8599853515625,1979.8499755859375,1969.8599853515625,2744920000,1977.0999755859375
2014-07-15 00:00:00,1977.3599853515625,1982.52001953125,1965.3399658203125,3328740000,1973.280029296875
2014-07-16 00:00:00,1976.3499755859375,1983.93994140625,1975.6700439453125,3390950000,1981.5699462890625
2014-07-17 00:00:00,1979.75,1981.800048828125,1955.5899658203125,3381680000,1958.1199951171875
2014-07-18 00:00:00,1961.5400390625,1979.9100341796875,1960.8199462890625,3106060000,1978.219970703125
2014-07-21 00:00:00,1976.9300537109375,1976.9300537109375,1965.77001953125,2611160000,1973.6300048828125
2014-07-22 00:00:00,1975.6500244140625,1986.239990234375,1975.6500244140625,2890480000,1983.530029296875
2014-07-23 00:00:00,1985.3199462890625,1989.22998046875,1982.43994140625,2869720000,1987.010009765625
2014-07-24 00:00:00,1988.0699462890625,1991.3900146484375,1985.7900390625,3203530000,1987.97998046875
2014-07-25 00:00:00,1984.5999755859375,1984.5999755859375,1974.3699951171875,2638960000,1978.3399658203125
2014-07-28 00:00:00,1978.25,1981.52001953125,1967.31005859375,2803320000,1978.9100341796875
2014-07-29 00:00:00,1980.030029296875,1984.8499755859375,1969.949951171875,3183300000,1969.949951171875
2014-07-30 00:00:00,1973.2099609375,1978.9000244140625,1962.4200439453125,3448250000,1970.0699462890625
2014-07-31 00:00:00,1965.1400146484375,1965.1400146484375,1930.6700439453125,4193000000,1930.6700439453125
2014-08-01 00:00:00,1929.800048828125,1937.3499755859375,1916.3699951171875,3789660000,1925.1500244140625
2014-08-04 00:00:00,1926.6199951171875,1942.9200439453125,1921.199951171875,3072920000,1938.989990234375
2014-08-05 00:00:00,1936.3399658203125,1936.3399658203125,1913.77001953125,3462520000,1920.2099609375
2014-08-06 00:00:00,1917.2900390625,1927.9100341796875,1911.449951171875,3539150000,1920.239990234375
2014-08-07 00:00:00,1923.030029296875,1928.8900146484375,1904.780029296875,3230520000,1909.5699462890625
2014-08-08 00:00:00,1910.3499755859375,1932.3800048828125,1909.010009765625,2902280000,1931.5899658203125
2014-08-11 00:00:00,1933.4300537109375,1944.9000244140625,1933.4300537109375,2784890000,1936.9200439453125
2014-08-12 00:00:00,1935.72998046875,1939.6500244140625,1928.2900390625,2611700000,1933.75
2014-08-13 00:00:00,1935.5999755859375,1948.4100341796875,1935.5999755859375,2718020000,1946.719970703125
2014-08-14 00:00:00,1947.4100341796875,1955.22998046875,1947.4100341796875,2609460000,1955.1800537109375
2014-08-15 00:00:00,1958.8699951171875,1964.0400390625,1941.5,3023380000,1955.06005859375
2014-08-18 00:00:00,1958.3599853515625,1971.989990234375,1958.3599853515625,2638160000,1971.739990234375
2014-08-19 00:00:00,1972.72998046875,1982.5699462890625,1972.72998046875,2656430000,1981.5999755859375
2014-08-20 00:00:00,1980.4599609375,1988.5699462890625,1977.6800537109375,2579560000,1986.510009765625
2014-08-21 00:00:00,1986.8199462890625,1994.760009765625,1986.8199462890625,2638920000,1992.3699951171875
2014-08-22 00:00:00,1992.5999755859375,1993.5400390625,1984.760009765625,2301860000,1988.4000244140625
2014-08-25 00:00:00,1991.739990234375,2001.949951171875,1991.739990234375,2233880000,1997.9200439453125
2014-08-26 00:00:00,1998.5899658203125,2005.0400390625,1998.5899658203125,2451950000,2000.02001953125
2014-08-27 00:00:00,2000.5400390625,2002.1400146484375,1996.199951171875,2344350000,2000.1199951171875
2014-08-28 00:00:00,1997.4200439453125,1998.550048828125,1990.52001953125,2282400000,1996.739990234375
2014-08-29 00:00:00,1998.449951171875,2003.3800048828125,1994.6500244140625,2259130000,2003.3699951171875
2014-09-02 00:00:00,2004.0699462890625,2006.1199951171875,1994.8499755859375,2819980000,2002.280029296875
2014-09-03 00:00:00,2003.5699462890625,2009.280029296875,1998.1400146484375,2809980000,2000.719970703125
2014-09-04 00:00:00,2001.6700439453125,2011.1700439453125,1992.5400390625,3072410000,1997.6500244140625
2014-09-05 00:00:00,1998.0,2007.7099609375,1990.0999755859375,2818300000,2007.7099609375
2014-09-08 00:00:00,2007.1700439453125,2007.1700439453125,1995.5999755859375,2789090000,2001.5400390625
2014-09-09 00:00:00,2000.72998046875,2001.010009765625,1984.6099853515625,2882830000,1988.43994140625
2014-09-10 00:00:00,1988.4100341796875,1996.6600341796875,1982.989990234375,2912430000,1995.68994140625
2014-09-11 00:00:00,1992.8499755859375,1997.6500244140625,1985.9300537109375,2941690000,1997.449951171875
2014-09-12 00:00:00,1996.739990234375,1996.739990234375,1980.260009765625,3206570000,1985.5400390625
2014-09-15 00:00:00,1986.0400390625,1987.1800537109375,1978.47998046875,2776530000,1984.1300048828125
2014-09-16 00:00:00,1981.9300537109375,2002.280029296875,1979.06005859375,3160310000,1998.97998046875
2014-09-17 00:00:00,1999.300048828125,2010.739990234375,1993.2900390625,3209420000,2001.5699462890625
2014-09-18 00:00:00,2003.0699462890625,2012.3399658203125,2003.0699462890625,3235340000,2011.3599853515625
2014-09-19 00:00:00,2012.739990234375,2019.260009765625,2006.5899658203125,4880220000,2010.4000244140625
2014-09-22 00:00:00,2009.0799560546875,2009.0799560546875,1991.010009765625,3349670000,1994.2900390625
2014-09-23 00:00:00,1992.780029296875,1995.4100341796875,1982.77001953125,3279350000,1982.77001953125
2014-09-24 00:00:00,1983.3399658203125,1999.7900390625,1978.6300048828125,3313850000,1998.300048828125
2014-09-25 00:00:00,1997.3199462890625,1997.3199462890625,1965.989990234375,3273050000,1965.989990234375
2014-09-26 00:00:00,1966.219970703125,1986.3699951171875,1966.219970703125,2929440000,1982.8499755859375
2014-09-29 00:00:00,1978.9599609375,1981.280029296875,1964.0400390625,3094440000,1977.800048828125
2014-09-30 00:00:00,1978.2099609375,1985.1700439453125,1968.9599609375,3951100000,1972.2900390625
2014-10-01 00:00:00,1971.43994140625,1971.43994140625,1941.719970703125,4188590000,1946.1600341796875
2014-10-02 00:00:00,1945.8299560546875,1952.3199462890625,1926.030029296875,4012510000,1946.1700439453125
2014-10-03 00:00:00,1948.1199951171875,1971.18994140625,1948.1199951171875,3560970000,1967.9000244140625
2014-10-06 00:00:00,1970.010009765625,1977.8399658203125,1958.4300537109375,3358220000,1964.8199462890625
2014-10-07 00:00:00,1962.3599853515625,1962.3599853515625,1934.8699951171875,3687870000,1935.0999755859375
2014-10-08 00:00:00,1935.550048828125,1970.3599853515625,1925.25,4441890000,1968.8900146484375
2014-10-09 00:00:00,1967.6800537109375,1967.6800537109375,1927.56005859375,4344020000,1928.2099609375
2014-10-10 00:00:00,1925.6300048828125,1936.97998046875,1906.050048828125,4550540000,1906.1300048828125
2014-10-13 00:00:00,1905.6500244140625,1912.0899658203125,1874.1400146484375,4352580000,1874.739990234375
2014-10-14 00:00:00,1877.1099853515625,1898.7099609375,1871.7900390625,4812010000,1877.699951171875
2014-10-15 00:00:00,1874.1800537109375,1874.1800537109375,1820.6600341796875,6090800000,1862.489990234375
2014-10-16 00:00:00,1855.949951171875,1876.010009765625,1835.02001953125,5073150000,1862.760009765625
2014-10-17 00:00:00,1864.9100341796875,1898.1600341796875,1864.9100341796875,4482120000,1886.760009765625
2014-10-20 00:00:00,1885.6199951171875,1905.030029296875,1882.300048828125,3331210000,1904.010009765625
2014-10-21 00:00:00,1909.3800048828125,1942.449951171875,1909.3800048828125,3987090000,1941.280029296875
2014-10-22 00:00:00,1941.2900390625,1949.31005859375,1926.8299560546875,3761930000,1927.1099853515625
2014-10-23 00:00:00,1931.02001953125,1961.949951171875,1931.02001953125,3789250000,1950.8199462890625
2014-10-24 00:00:00,1951.5899658203125,1965.27001953125,1946.27001953125,3078380000,1964.5799560546875
2014-10-27 00:00:00,1962.969970703125,1964.6400146484375,1951.3699951171875,3538860000,1961.6300048828125
2014-10-28 00:00:00,1964.1400146484375,1985.050048828125,1964.1400146484375,3653260000,1985.050048828125
2014-10-29 00:00:00,1983.2900390625,1991.4000244140625,1969.0400390625,3740350000,1982.300048828125
2014-10-30 00:00:00,1979.489990234375,1999.4000244140625,1974.75,3586150000,1994.6500244140625
2014-10-31 00:00:00,2001.199951171875,2018.18994140625,2001.199951171875,4292290000,2018.050048828125
2014-11-03 00:00:00,2018.2099609375,2024.4599609375,2013.6800537109375,3555440000,2017.81005859375
2014-11-04 00:00:00,2015.81005859375,2015.97998046875,2001.010009765625,3956260000,2012.0999755859375
2014-11-05 00:00:00,2015.2900390625,2023.77001953125,2014.4200439453125,3766590000,2023.5699462890625
2014-11-06 00:00:00,2023.3299560546875,2031.6099853515625,2015.8599853515625,3669770000,2031.2099609375
2014-11-07 00:00:00,2032.3599853515625,2034.260009765625,2025.0699462890625,3704280000,2031.9200439453125
2014-11-10 00:00:00,2032.010009765625,2038.699951171875,2030.1700439453125,3284940000,2038.260009765625
2014-11-11 00:00:00,2038.199951171875,2041.280029296875,2035.280029296875,2958320000,2039.6800537109375
2014-11-12 00:00:00,2037.75,2040.3299560546875,2031.949951171875,3246650000,2038.25
2014-11-13 00:00:00,2039.2099609375,2046.1800537109375,2030.43994140625,3455270000,2039.3299560546875
2014-11-14 00:00:00,2039.739990234375,2042.219970703125,2035.199951171875,3227130000,2039.8199462890625
2014-11-17 00:00:00,2038.2900390625,2043.0699462890625,2034.4599609375,3152890000,2041.3199462890625
2014-11-18 00:00:00,2041.47998046875,2056.080078125,2041.47998046875,3416190000,2051.800048828125
2014-11-19 00:00:00,2051.159912109375,2052.139892578125,2040.3699951171875,3390850000,2048.719970703125
2014-11-20 00:00:00,2045.8699951171875,2053.840087890625,2040.489990234375,3128290000,2052.75
2014-11-21 00:00:00,2057.4599609375,2071.4599609375,2056.75,3916420000,2063.5
2014-11-24 00:00:00,2065.070068359375,2070.169921875,2065.070068359375,3128060000,2069.409912109375
2014-11-25 00:00:00,2070.14990234375,2074.2099609375,2064.75,3392940000,2067.030029296875
2014-11-26 00:00:00,2067.360107421875,2073.2900390625,2066.6201171875,2745260000,2072.830078125
2014-11-28 00:00:00,2074.780029296875,2075.760009765625,2065.06005859375,2504640000,2067.56005859375
2014-12-01 00:00:00,2065.780029296875,2065.780029296875,2049.570068359375,4159010000,2053.43994140625
2014-12-02 00:00:00,2053.77001953125,2068.77001953125,2053.77001953125,3686650000,2066.550048828125
2014-12-03 00:00:00,2067.449951171875,2076.280029296875,2066.64990234375,3612680000,2074.330078125
2014-12-04 00:00:00,2073.639892578125,2077.340087890625,2062.340087890625,3408340000,2071.919921875
2014-12-05 00:00:00,2072.780029296875,2079.469970703125,2070.81005859375,3419620000,2075.3701171875
2014-12-08 00:00:00,2074.840087890625,2075.780029296875,2054.27001953125,3800990000,2060.31005859375
2014-12-09 00:00:00,2056.550048828125,2060.60009765625,2034.1700439453125,3970150000,2059.820068359375
2014-12-10 00:00:00,2058.860107421875,2058.860107421875,2024.260009765625,4114440000,2026.1400146484375
2014-12-11 00:00:00,2027.9200439453125,2055.530029296875,2027.9200439453125,3917950000,2035.3299560546875
2014-12-12 00:00:00,2030.3599853515625,2032.25,2002.3299560546875,4157650000,2002.3299560546875
2014-12-15 00:00:00,2005.030029296875,2018.68994140625,1982.260009765625,4361990000,1989.6300048828125
2014-12-16 00:00:00,1986.7099609375,2016.8900146484375,1972.56005859375,4958680000,1972.739990234375
2014-12-17 00:00:00,1973.77001953125,2016.75,1973.77001953125,4942370000,2012.8900146484375
2014-12-18 00:00:00,2018.97998046875,2061.22998046875,2018.97998046875,4703380000,2061.22998046875
2014-12-19 00:00:00,2061.0400390625,2077.85009765625,2061.030029296875,6465530000,2070.64990234375
2014-12-22 00:00:00,2069.280029296875,2078.760009765625,2069.280029296875,3369520000,2078.5400390625
2014-12-23 00:00:00,2081.47998046875,2086.72998046875,2079.77001953125,3043950000,2082.169921875
2014-12-24 00:00:00,2083.25,2087.56005859375,2081.860107421875,1416980000,2081.8798828125
2014-12-26 00:00:00,2084.300048828125,2092.699951171875,2084.300048828125,1735230000,2088.77001953125
2014-12-29 00:00:00,2087.6298828125,2093.550048828125,2085.75,2452360000,2090.570068359375
2014-12-30 00:00:00,2088.489990234375,2088.489990234375,2079.530029296875,2440280000,2080.35009765625
2014-12-31 00:00:00,2082.110107421875,2085.580078125,2057.93994140625,2606070000,2058.89990234375
2015-01-02 00:00:00,2058.89990234375,2072.360107421875,2046.0400390625,2708700000,2058.199951171875
2015-01-05 00:00:00,2054.43994140625,2054.43994140625,2017.3399658203125,3799120000,2020.5799560546875
2015-01-06 00:00:00,2022.1500244140625,2030.25,1992.43994140625,4460110000,2002.6099853515625
2015-01-07 00:00:00,2005.550048828125,2029.6099853515625,2005.550048828125,3805480000,2025.9000244140625
2015-01-08 00:00:00,2030.6099853515625,2064.080078125,2030.6099853515625,3934010000,2062.139892578125
2015-01-09 00:00:00,2063.449951171875,2064.429931640625,2038.3299560546875,3364140000,2044.81005859375
2015-01-12 00:00:00,2046.1300048828125,2049.300048828125,2022.5799560546875,3456460000,2028.260009765625
2015-01-13 00:00:00,2031.5799560546875,2056.929931640625,2008.25,4107300000,2023.030029296875
2015-01-14 00:00:00,2018.4000244140625,2018.4000244140625,1988.43994140625,4378680000,2011.27001953125
2015-01-15 00:00:00,2013.75,2021.3499755859375,1991.469970703125,4276720000,1992.6700439453125
2015-01-16 00:00:00,1992.25,2020.4599609375,1988.1199951171875,4056410000,2019.4200439453125
2015-01-20 00:00:00,2020.760009765625,2028.93994140625,2004.489990234375,3944340000,2022.550048828125
2015-01-21 00:00:00,2020.18994140625,2038.2900390625,2012.0400390625,3730070000,2032.1199951171875
2015-01-22 00:00:00,2034.300048828125,2064.6201171875,2026.3800048828125,4176050000,2063.14990234375
2015-01-23 00:00:00,2062.97998046875,2062.97998046875,2050.5400390625,3573560000,2051.820068359375
2015-01-26 00:00:00,2050.419921875,2057.6201171875,2040.969970703125,3465760000,2057.090087890625
2015-01-27 00:00:00,2047.8599853515625,2047.8599853515625,2019.9100341796875,3329810000,2029.550048828125
2015-01-28 00:00:00,2032.3399658203125,2042.489990234375,2001.489990234375,4067530000,2002.1600341796875
2015-01-29 00:00:00,2002.449951171875,2024.6400146484375,1989.1800537109375,4127140000,2021.25
2015-01-30 00:00:00,2019.3499755859375,2023.3199462890625,1993.3800048828125,4568650000,1994.989990234375
2015-02-02 00:00:00,1996.6700439453125,2021.6600341796875,1980.9000244140625,4008330000,2020.8499755859375
2015-02-03 00:00:00,2022.7099609375,2050.300048828125,2022.7099609375,4615900000,2050.030029296875
2015-02-04 00:00:00,2048.860107421875,2054.739990234375,2036.719970703125,4141920000,2041.510009765625
2015-02-05 00:00:00,2043.449951171875,2063.550048828125,2043.449951171875,3821990000,2062.52001953125
2015-02-06 00:00:00,2062.280029296875,2072.39990234375,2049.969970703125,4232970000,2055.469970703125
2015-02-09 00:00:00,2053.469970703125,2056.159912109375,2041.8800048828125,3549540000,2046.739990234375
2015-02-10 00:00:00,2049.3798828125,2070.860107421875,2048.6201171875,3669850000,2068.590087890625
2015-02-11 00:00:00,2068.550048828125,2073.47998046875,2057.989990234375,3596860000,2068.530029296875
2015-02-12 00:00:00,2069.97998046875,2088.530029296875,2069.97998046875,3788350000,2088.47998046875
2015-02-13 00:00:00,2088.780029296875,2097.030029296875,2086.699951171875,3527450000,2096.989990234375
2015-02-17 00:00:00,2096.469970703125,2101.300048828125,2089.800048828125,3361750000,2100.340087890625
2015-02-18 00:00:00,2099.159912109375,2100.22998046875,2092.14990234375,3370020000,2099.679931640625
2015-02-19 00:00:00,2099.25,2102.1298828125,2090.7900390625,3247100000,2097.449951171875
2015-02-20 00:00:00,2097.64990234375,2110.610107421875,2085.43994140625,3281600000,2110.300048828125
2015-02-23 00:00:00,2109.830078125,2110.050048828125,2103.0,3093680000,2109.659912109375
2015-02-24 00:00:00,2109.10009765625,2117.93994140625,2105.8701171875,3199840000,2115.47998046875
2015-02-25 00:00:00,2115.300048828125,2119.590087890625,2109.889892578125,3312340000,2113.860107421875
2015-02-26 00:00:00,2113.909912109375,2113.909912109375,2103.760009765625,3408690000,2110.739990234375
2015-02-27 00:00:00,2110.8798828125,2112.739990234375,2103.75,3547380000,2104.5
2015-03-02 00:00:00,2105.22998046875,2117.52001953125,2104.5,3409490000,2117.389892578125
2015-03-03 00:00:00,2115.760009765625,2115.760009765625,2098.260009765625,3262300000,2107.780029296875
2015-03-04 00:00:00,2107.719970703125,2107.719970703125,2094.489990234375,3421110000,2098.530029296875
2015-03-05 00:00:00,2098.5400390625,2104.25,2095.219970703125,3103030000,2101.0400390625
2015-03-06 00:00:00,2100.909912109375,2100.909912109375,2067.27001953125,3853570000,2071.260009765625
2015-03-09 00:00:00,2072.25,2083.489990234375,2072.2099609375,3349090000,2079.429931640625
2015-03-10 00:00:00,2076.139892578125,2076.139892578125,2044.1600341796875,3668900000,2044.1600341796875
2015-03-11 00:00:00,2044.68994140625,2050.080078125,2039.68994140625,3406570000,2040.239990234375
2015-03-12 00:00:00,2041.0999755859375,2066.409912109375,2041.0999755859375,3405860000,2065.949951171875
2015-03-13 00:00:00,2064.56005859375,2064.56005859375,2041.1700439453125,3498560000,2053.39990234375
2015-03-16 00:00:00,2055.35009765625,2081.409912109375,2055.35009765625,3295600000,2081.18994140625
2015-03-17 00:00:00,2080.590087890625,2080.590087890625,2065.080078125,3221840000,2074.280029296875
2015-03-18 00:00:00,2072.840087890625,2106.85009765625,2061.22998046875,4128210000,2099.5
2015-03-19 00:00:00,2098.68994140625,2098.68994140625,2085.56005859375,3305220000,2089.27001953125
2015-03-20 00:00:00,2090.320068359375,2113.919921875,2090.320068359375,5554120000,2108.10009765625
2015-03-23 00:00:00,2107.989990234375,2114.860107421875,2104.419921875,3267960000,2104.419921875
2015-03-24 00:00:00,2103.93994140625,2107.6298828125,2091.5,3189820000,2091.5
2015-03-25 00:00:00,2093.10009765625,2097.429931640625,2061.050048828125,3521140000,2061.050048828125
2015-03-26 00:00:00,2059.93994140625,2067.14990234375,2045.5,3510670000,2056.14990234375
2015-03-27 00:00:00,2055.780029296875,2062.830078125,2052.9599609375,3008550000,2061.02001953125
2015-03-30 00:00:00,2064.110107421875,2088.969970703125,2064.110107421875,2917690000,2086.239990234375
2015-03-31 00:00:00,2084.050048828125,2084.050048828125,2067.0400390625,3376550000,2067.889892578125
2015-04-01 00:00:00,2067.6298828125,2067.6298828125,2048.3798828125,3543270000,2059.68994140625
2015-04-02 00:00:00,2060.030029296875,2072.169921875,2057.320068359375,3095960000,2066.9599609375
2015-04-06 00:00:00,2064.8701171875,2086.989990234375,2056.52001953125,3302970000,2080.6201171875
2015-04-07 00:00:00,2080.7900390625,2089.81005859375,2076.10009765625,3065510000,2076.330078125
2015-04-08 00:00:00,2076.93994140625,2086.68994140625,2073.300048828125,3265330000,2081.89990234375
2015-04-09 00:00:00,2081.2900390625,2093.31005859375,2074.2900390625,3172360000,2091.179931640625
2015-04-10 00:00:00,2091.510009765625,2102.610107421875,2091.510009765625,3156200000,2102.06005859375
2015-04-13 00:00:00,2102.030029296875,2107.64990234375,2092.330078125,2908420000,2092.429931640625
2015-04-14 00:00:00,2092.280029296875,2098.6201171875,2083.239990234375,3301270000,2095.840087890625
2015-04-15 00:00:00,2097.820068359375,2111.909912109375,2097.820068359375,4013760000,2106.6298828125
2015-04-16 00:00:00,2105.9599609375,2111.300048828125,2100.02001953125,3434120000,2104.989990234375
2015-04-17 00:00:00,2102.580078125,2102.580078125,2072.3701171875,3627600000,2081.179931640625
2015-04-20 00:00:00,2084.110107421875,2103.93994140625,2084.110107421875,3000160000,2100.39990234375
2015-04-21 00:00:00,2102.820068359375,2109.639892578125,2094.3798828125,3243410000,2097.2900390625
2015-04-22 00:00:00,2098.27001953125,2109.97998046875,2091.050048828125,3348480000,2107.9599609375
2015-04-23 00:00:00,2107.2099609375,2120.489990234375,2103.18994140625,3636670000,2112.929931640625
2015-04-24 00:00:00,2112.800048828125,2120.919921875,2112.800048828125,3375780000,2117.68994140625
2015-04-27 00:00:00,2119.2900390625,2125.919921875,2107.0400390625,3438750000,2108.919921875
2015-04-28 00:00:00,2108.35009765625,2116.0400390625,2094.889892578125,3546270000,2114.760009765625
2015-04-29 00:00:00,2112.489990234375,2113.64990234375,2097.409912109375,4074970000,2106.85009765625
2015-04-30 00:00:00,2105.52001953125,2105.52001953125,2077.590087890625,4509680000,2085.510009765625
2015-05-01 00:00:00,2087.3798828125,2108.409912109375,2087.3798828125,3379390000,2108.2900390625
2015-05-04 00:00:00,2110.22998046875,2120.949951171875,2110.22998046875,3091580000,2114.489990234375
2015-05-05 00:00:00,2112.6298828125,2115.239990234375,2088.4599609375,3793950000,2089.4599609375
2015-05-06 00:00:00,2091.260009765625,2098.419921875,2067.929931640625,3792210000,2080.14990234375
2015-05-07 00:00:00,2079.9599609375,2092.89990234375,2074.989990234375,3676640000,2088.0
2015-05-08 00:00:00,2092.1298828125,2117.659912109375,2092.1298828125,3399440000,2116.10009765625
2015-05-11 00:00:00,2115.56005859375,2117.68994140625,2104.580078125,2992670000,2105.330078125
2015-05-12 00:00:00,2102.8701171875,2105.06005859375,2085.570068359375,3139520000,2099.1201171875
2015-05-13 00:00:00,2099.6201171875,2110.18994140625,2096.0400390625,3374260000,2098.47998046875
2015-05-14 00:00:00,2100.429931640625,2121.449951171875,2100.429931640625,3225740000,2121.10009765625
2015-05-15 00:00:00,2122.070068359375,2123.889892578125,2116.81005859375,3092080000,2122.72998046875
2015-05-18 00:00:00,2121.300048828125,2131.780029296875,2120.010009765625,2888190000,2129.199951171875
2015-05-19 00:00:00,2129.449951171875,2133.02001953125,2124.5,3296030000,2127.830078125
2015-05-20 00:00:00,2127.7900390625,2134.719970703125,2122.590087890625,3025880000,2125.85009765625
2015-05-21 00:00:00,2125.550048828125,2134.280029296875,2122.949951171875,3070460000,2130.820068359375
2015-05-22 00:00:00,2130.360107421875,2132.14990234375,2126.06005859375,2571860000,2126.06005859375
2015-05-26 00:00:00,2125.340087890625,2125.340087890625,2099.179931640625,3342130000,2104.199951171875
2015-05-27 00:00:00,2105.1298828125,2126.219970703125,2105.1298828125,3127960000,2123.47998046875
2015-05-28 00:00:00,2122.27001953125,2122.27001953125,2112.860107421875,2980350000,2120.7900390625
2015-05-29 00:00:00,2120.659912109375,2120.659912109375,2104.889892578125,3927390000,2107.389892578125
2015-06-01 00:00:00,2108.639892578125,2119.14990234375,2102.5400390625,3011710000,2111.72998046875
2015-06-02 00:00:00,2110.409912109375,2117.590087890625,2099.139892578125,3049350000,2109.60009765625
2015-06-03 00:00:00,2110.639892578125,2121.919921875,2109.610107421875,3099980000,2114.070068359375
2015-06-04 00:00:00,2112.35009765625,2112.889892578125,2093.22998046875,3200050000,2095.840087890625
2015-06-05 00:00:00,2095.090087890625,2100.989990234375,2085.669921875,3243690000,2092.830078125
2015-06-08 00:00:00,2092.340087890625,2093.010009765625,2079.110107421875,2917150000,2079.280029296875
2015-06-09 00:00:00,2079.070068359375,2085.6201171875,2072.139892578125,3034580000,2080.14990234375
2015-06-10 00:00:00,2081.1201171875,2108.5,2081.1201171875,3414320000,2105.199951171875
2015-06-11 00:00:00,2106.239990234375,2115.02001953125,2106.239990234375,3128600000,2108.860107421875
2015-06-12 00:00:00,2107.429931640625,2107.429931640625,2091.330078125,2719400000,2094.110107421875
2015-06-15 00:00:00,2091.340087890625,2091.340087890625,2072.489990234375,3061570000,2084.429931640625
2015-06-16 00:00:00,2084.260009765625,2097.39990234375,2082.10009765625,2919900000,2096.2900390625
2015-06-17 00:00:00,2097.39990234375,2106.7900390625,2088.860107421875,3222240000,2100.43994140625
2015-06-18 00:00:00,2101.580078125,2126.64990234375,2101.580078125,3520360000,2121.239990234375
2015-06-19 00:00:00,2121.06005859375,2121.639892578125,2109.449951171875,4449810000,2109.989990234375
2015-06-22 00:00:00,2112.5,2129.8701171875,2112.5,3030020000,2122.85009765625
2015-06-23 00:00:00,2123.159912109375,2128.030029296875,2119.889892578125,3091190000,2124.199951171875
2015-06-24 00:00:00,2123.64990234375,2125.10009765625,2108.580078125,3102480000,2108.580078125
2015-06-25 00:00:00,2109.9599609375,2116.0400390625,2101.780029296875,3214610000,2102.31005859375
2015-06-26 00:00:00,2102.6201171875,2108.919921875,2095.3798828125,5025470000,2101.489990234375
2015-06-29 00:00:00,2098.6298828125,2098.6298828125,2056.639892578125,3678960000,2057.639892578125
2015-06-30 00:00:00,2061.18994140625,2074.280029296875,2056.320068359375,4078540000,2063.110107421875
2015-07-01 00:00:00,2067.0,2082.780029296875,2067.0,3727260000,2077.419921875
2015-07-02 00:00:00,2078.030029296875,2085.06005859375,2071.02001953125,2996540000,2076.780029296875
2015-07-06 00:00:00,2073.949951171875,2078.610107421875,2058.39990234375,3486360000,2068.760009765625
2015-07-07 00:00:00,2069.52001953125,2083.739990234375,2044.02001953125,4458660000,2081.340087890625
2015-07-08 00:00:00,2077.659912109375,2077.659912109375,2044.6600341796875,3608780000,2046.6800537109375
2015-07-09 00:00:00,2049.72998046875,2074.280029296875,2049.72998046875,3446810000,2051.31005859375
2015-07-10 00:00:00,2052.739990234375,2081.31005859375,2052.739990234375,3065070000,2076.6201171875
2015-07-13 00:00:00,2080.030029296875,2100.669921875,2080.030029296875,3096730000,2099.60009765625
2015-07-14 00:00:00,2099.719970703125,2111.97998046875,2098.179931640625,3002120000,2108.949951171875
2015-07-15 00:00:00,2109.010009765625,2114.139892578125,2102.489990234375,3261810000,2107.39990234375
2015-07-16 00:00:00,2110.550048828125,2124.419921875,2110.550048828125,3227080000,2124.2900390625
2015-07-17 00:00:00,2126.800048828125,2128.909912109375,2119.8798828125,3362750000,2126.639892578125
2015-07-20 00:00:00,2126.85009765625,2132.820068359375,2123.659912109375,3245870000,2128.280029296875
2015-07-21 00:00:00,2127.550048828125,2128.489990234375,2115.39990234375,3343690000,2119.2099609375
2015-07-22 00:00:00,2118.2099609375,2118.510009765625,2110.0,3694070000,2114.14990234375
2015-07-23 00:00:00,2114.159912109375,2116.8701171875,2098.6298828125,3772810000,2102.14990234375
2015-07-24 00:00:00,2102.239990234375,2106.010009765625,2077.090087890625,3870040000,2079.64990234375
2015-07-27 00:00:00,2078.18994140625,2078.18994140625,2063.52001953125,3836750000,2067.639892578125
2015-07-28 00:00:00,2070.75,2095.60009765625,2069.090087890625,4117740000,2093.25
2015-07-29 00:00:00,2094.699951171875,2110.60009765625,2094.080078125,4038900000,2108.570068359375
2015-07-30 00:00:00,2106.780029296875,2110.47998046875,2094.969970703125,3579410000,2108.6298828125
2015-07-31 00:00:00,2111.60009765625,2114.239990234375,2102.070068359375,3681340000,2103.840087890625
2015-08-03 00:00:00,2104.489990234375,2105.699951171875,2087.31005859375,3476770000,2098.0400390625
2015-08-04 00:00:00,2097.679931640625,2102.510009765625,2088.60009765625,3546710000,2093.320068359375
2015-08-05 00:00:00,2095.27001953125,2112.659912109375,2095.27001953125,3968680000,2099.840087890625
2015-08-06 00:00:00,2100.75,2103.320068359375,2075.530029296875,4246570000,2083.56005859375
2015-08-07 00:00:00,2082.610107421875,2082.610107421875,2067.909912109375,3602320000,2077.570068359375
2015-08-10 00:00:00,2080.97998046875,2105.35009765625,2080.97998046875,3514460000,2104.179931640625
2015-08-11 00:00:00,2102.659912109375,2102.659912109375,2076.489990234375,3708880000,2084.070068359375
2015-08-12 00:00:00,2081.10009765625,2089.06005859375,2052.090087890625,4269130000,2086.050048828125
2015-08-13 00:00:00,2086.18994140625,2092.929931640625,2078.260009765625,3221300000,2083.389892578125
2015-08-14 00:00:00,2083.14990234375,2092.449951171875,2080.610107421875,2795590000,2091.5400390625
2015-08-17 00:00:00,2089.699951171875,2102.8701171875,2079.300048828125,2867690000,2102.43994140625
2015-08-18 00:00:00,2101.989990234375,2103.469970703125,2094.139892578125,2949990000,2096.919921875
2015-08-19 00:00:00,2095.68994140625,2096.169921875,2070.530029296875,3512920000,2079.610107421875
2015-08-20 00:00:00,2076.610107421875,2076.610107421875,2035.72998046875,3922470000,2035.72998046875
2015-08-21 00:00:00,2034.0799560546875,2034.0799560546875,1970.8900146484375,5018240000,1970.8900146484375
2015-08-24 00:00:00,1965.1500244140625,1965.1500244140625,1867.010009765625,6612690000,1893.2099609375
2015-08-25 00:00:00,1898.0799560546875,1948.0400390625,1867.0799560546875,5183560000,1867.6099853515625
2015-08-26 00:00:00,1872.75,1943.0899658203125,1872.75,5338250000,1940.510009765625
2015-08-27 00:00:00,1942.77001953125,1989.5999755859375,1942.77001953125,5006390000,1987.6600341796875
2015-08-28 00:00:00,1986.06005859375,1993.47998046875,1975.18994140625,3949080000,1988.8699951171875
2015-08-31 00:00:00,1986.72998046875,1986.72998046875,1965.97998046875,3915100000,1972.1800537109375
2015-09-01 00:00:00,1970.0899658203125,1970.0899658203125,1903.0699462890625,4371850000,1913.8499755859375
2015-09-02 00:00:00,1916.52001953125,1948.9100341796875,1916.52001953125,3742620000,1948.8599853515625
2015-09-03 00:00:00,1950.7900390625,1975.010009765625,1944.719970703125,3520700000,1951.1300048828125
2015-09-04 00:00:00,1947.760009765625,1947.760009765625,1911.2099609375,3167090000,1921.219970703125
2015-09-08 00:00:00,1927.300048828125,1970.4200439453125,1927.300048828125,3548650000,1969.4100341796875
2015-09-09 00:00:00,1971.449951171875,1988.6300048828125,1937.8800048828125,3652120000,1942.0400390625
2015-09-10 00:00:00,1941.5899658203125,1965.2900390625,1937.18994140625,3626320000,1952.2900390625
2015-09-11 00:00:00,1951.449951171875,1961.050048828125,1939.18994140625,3218590000,1961.050048828125
2015-09-14 00:00:00,1963.06005859375,1963.06005859375,1948.27001953125,3000200000,1953.030029296875
2015-09-15 00:00:00,1955.0999755859375,1983.18994140625,1954.300048828125,3239860000,1978.0899658203125
2015-09-16 00:00:00,1978.02001953125,1997.260009765625,1977.9300537109375,3630680000,1995.31005859375
2015-09-17 00:00:00,1995.3299560546875,2020.8599853515625,1986.72998046875,4183790000,1990.199951171875
2015-09-18 00:00:00,1989.6600341796875,1989.6600341796875,1953.449951171875,6021240000,1958.030029296875
2015-09-21 00:00:00,1960.8399658203125,1979.6400146484375,1955.800048828125,3269350000,1966.969970703125
2015-09-22 00:00:00,1961.3900146484375,1961.3900146484375,1929.219970703125,3808260000,1942.739990234375
2015-09-23 00:00:00,1943.239990234375,1949.52001953125,1932.5699462890625,3190530000,1938.760009765625
2015-09-24 00:00:00,1934.81005859375,1937.1700439453125,1908.9200439453125,4091530000,1932.239990234375
2015-09-25 00:00:00,1935.9300537109375,1952.8900146484375,1921.5,3721870000,1931.3399658203125
2015-09-28 00:00:00,1929.1800537109375,1929.1800537109375,1879.2099609375,4326660000,1881.77001953125
2015-09-29 00:00:00,1881.9000244140625,1899.47998046875,1871.9100341796875,4132390000,1884.0899658203125
2015-09-30 00:00:00,1887.1400146484375,1920.530029296875,1887.1400146484375,4525070000,1920.030029296875
2015-10-01 00:00:00,1919.6500244140625,1927.2099609375,1900.699951171875,3983600000,1923.8199462890625
2015-10-02 00:00:00,1921.77001953125,1951.3599853515625,1893.699951171875,4378570000,1951.3599853515625
2015-10-05 00:00:00,1954.3299560546875,1989.1700439453125,1954.3299560546875,4334490000,1987.050048828125
2015-10-06 00:00:00,1986.6300048828125,1991.6199951171875,1971.989990234375,4202400000,1979.9200439453125
2015-10-07 00:00:00,1982.3399658203125,1999.31005859375,1976.43994140625,4666470000,1995.8299560546875
2015-10-08 00:00:00,1994.010009765625,2016.5,1987.530029296875,3939140000,2013.4300537109375
2015-10-09 00:00:00,2013.72998046875,2020.1300048828125,2007.6099853515625,3706900000,2014.8900146484375
2015-10-12 00:00:00,2015.6500244140625,2018.6600341796875,2010.550048828125,2893250000,2017.4599609375
2015-10-13 00:00:00,2015.0,2022.3399658203125,2001.780029296875,3401920000,2003.68994140625
2015-10-14 00:00:00,2003.6600341796875,2009.56005859375,1990.72998046875,3644590000,1994.239990234375
2015-10-15 00:00:00,1996.469970703125,2024.1500244140625,1996.469970703125,3746290000,2023.8599853515625
2015-10-16 00:00:00,2024.3699951171875,2033.5400390625,2020.4599609375,3595430000,2033.1099853515625
2015-10-19 00:00:00,2031.72998046875,2034.449951171875,2022.31005859375,3287320000,2033.6600341796875
2015-10-20 00:00:00,2033.1300048828125,2039.1199951171875,2026.6099853515625,3331500000,2030.77001953125
2015-10-21 00:00:00,2033.469970703125,2037.969970703125,2017.219970703125,3627790000,2018.93994140625
2015-10-22 00:00:00,2021.8800048828125,2055.199951171875,2021.8800048828125,4430850000,2052.510009765625
2015-10-23 00:00:00,2058.18994140625,2079.739990234375,2058.18994140625,4108460000,2075.14990234375
2015-10-26 00:00:00,2075.080078125,2075.139892578125,2066.530029296875,3385800000,2071.179931640625
2015-10-27 00:00:00,2068.75,2070.3701171875,2058.840087890625,4216880000,2065.889892578125
2015-10-28 00:00:00,2066.47998046875,2090.35009765625,2063.110107421875,4698110000,2090.35009765625
2015-10-29 00:00:00,2088.35009765625,2092.52001953125,2082.6298828125,4008940000,2089.409912109375
2015-10-30 00:00:00,2090.0,2094.320068359375,2079.340087890625,4256200000,2079.360107421875
2015-11-02 00:00:00,2080.760009765625,2106.199951171875,2080.760009765625,3760020000,2104.050048828125
2015-11-03 00:00:00,2102.6298828125,2116.47998046875,2097.510009765625,4272060000,2109.7900390625
2015-11-04 00:00:00,2110.60009765625,2114.590087890625,2096.97998046875,4078870000,2102.31005859375
2015-11-05 00:00:00,2101.679931640625,2108.780029296875,2090.409912109375,4051890000,2099.929931640625
2015-11-06 00:00:00,2098.60009765625,2101.909912109375,2083.739990234375,4369020000,2099.199951171875
2015-11-09 00:00:00,2096.56005859375,2096.56005859375,2068.239990234375,3882350000,2078.580078125
2015-11-10 00:00:00,2077.18994140625,2083.669921875,2069.909912109375,3821440000,2081.719970703125
2015-11-11 00:00:00,2083.409912109375,2086.93994140625,2074.85009765625,3692410000,2075.0
2015-11-12 00:00:00,2072.2900390625,2072.2900390625,2045.6600341796875,4016370000,2045.969970703125
2015-11-13 00:00:00,2044.6400146484375,2044.6400146484375,2022.02001953125,4278750000,2023.0400390625
2015-11-16 00:00:00,2022.0799560546875,2053.219970703125,2019.3900146484375,3741240000,2053.18994140625
2015-11-17 00:00:00,2053.669921875,2066.68994140625,2045.9000244140625,4427350000,2050.43994140625
2015-11-18 00:00:00,2051.989990234375,2085.31005859375,2051.989990234375,3926390000,2083.580078125
2015-11-19 00:00:00,2083.699951171875,2086.739990234375,2078.760009765625,3628110000,2081.239990234375
2015-11-20 00:00:00,2082.820068359375,2097.06005859375,2082.820068359375,3929600000,2089.169921875
2015-11-23 00:00:00,2089.409912109375,2095.610107421875,2081.389892578125,3587980000,2086.590087890625
2015-11-24 00:00:00,2084.419921875,2094.1201171875,2070.2900390625,3884930000,2089.139892578125
2015-11-25 00:00:00,2089.300048828125,2093.0,2086.300048828125,2852940000,2088.8701171875
2015-11-27 00:00:00,2088.820068359375,2093.2900390625,2084.1298828125,1466840000,2090.110107421875
2015-11-30 00:00:00,2090.949951171875,2093.81005859375,2080.409912109375,4275030000,2080.409912109375
2015-12-01 00:00:00,2082.929931640625,2103.3701171875,2082.929931640625,3712120000,2102.6298828125
2015-12-02 00:00:00,2101.7099609375,2104.27001953125,2077.110107421875,3950640000,2079.510009765625
2015-12-03 00:00:00,2080.7099609375,2085.0,2042.3499755859375,4306490000,2049.6201171875
2015-12-04 00:00:00,2051.239990234375,2093.840087890625,2051.239990234375,4214910000,2091.68994140625
2015-12-07 00:00:00,2090.419921875,2090.419921875,2066.780029296875,4043820000,2077.070068359375
2015-12-08 00:00:00,2073.389892578125,2073.85009765625,2052.320068359375,4173570000,2063.590087890625
2015-12-09 00:00:00,2061.169921875,2080.330078125,2036.530029296875,4385250000,2047.6199951171875
2015-12-10 00:00:00,2047.9300537109375,2067.64990234375,2045.6700439453125,3715150000,2052.22998046875
2015-12-11 00:00:00,2047.27001953125,2047.27001953125,2008.800048828125,4301060000,2012.3699951171875
2015-12-14 00:00:00,2013.3699951171875,2022.9200439453125,1993.260009765625,4612440000,2021.93994140625
2015-12-15 00:00:00,2025.550048828125,2053.8701171875,2025.550048828125,4353540000,2043.4100341796875
2015-12-16 00:00:00,2046.5,2076.719970703125,2042.4300537109375,4635450000,2073.070068359375
2015-12-17 00:00:00,2073.760009765625,2076.3701171875,2041.6600341796875,4327390000,2041.8900146484375
2015-12-18 00:00:00,2040.81005859375,2040.81005859375,2005.3299560546875,6683070000,2005.550048828125
2015-12-21 00:00:00,2010.27001953125,2022.9000244140625,2005.9300537109375,3760280000,2021.1500244140625
2015-12-22 00:00:00,2023.1500244140625,2042.739990234375,2020.489990234375,3520860000,2038.969970703125
2015-12-23 00:00:00,2042.199951171875,2064.72998046875,2042.199951171875,3484090000,2064.2900390625
2015-12-24 00:00:00,2063.52001953125,2067.360107421875,2058.72998046875,1411860000,2060.989990234375
2015-12-28 00:00:00,2057.77001953125,2057.77001953125,2044.199951171875,2492510000,2056.5
2015-12-29 00:00:00,2060.5400390625,2081.56005859375,2060.5400390625,2542000000,2078.360107421875
2015-12-30 00:00:00,2077.340087890625,2077.340087890625,2061.969970703125,2367430000,2063.360107421875
2015-12-31 00:00:00,2060.590087890625,2062.5400390625,2043.6199951171875,2655330000,2043.93994140625
2016-01-04 00:00:00,2038.199951171875,2038.199951171875,1989.6800537109375,4304880000,2012.6600341796875
2016-01-05 00:00:00,2013.780029296875,2021.93994140625,2004.1700439453125,3706620000,2016.7099609375
2016-01-06 00:00:00,2011.7099609375,2011.7099609375,1979.050048828125,4336660000,1990.260009765625
2016-01-07 00:00:00,1985.3199462890625,1985.3199462890625,1938.8299560546875,5076590000,1943.0899658203125
2016-01-08 00:00:00,1945.969970703125,1960.4000244140625,1918.4599609375,4664940000,1922.030029296875
2016-01-11 00:00:00,1926.1199951171875,1935.6500244140625,1901.0999755859375,4607290000,1923.6700439453125
2016-01-12 00:00:00,1927.8299560546875,1947.3800048828125,1914.3499755859375,4887260000,1938.6800537109375
2016-01-13 00:00:00,1940.3399658203125,1950.3299560546875,1886.4100341796875,5087030000,1890.280029296875
2016-01-14 00:00:00,1891.6800537109375,1934.469970703125,1878.9300537109375,5241110000,1921.8399658203125
2016-01-15 00:00:00,1916.6800537109375,1916.6800537109375,1857.8299560546875,5468460000,1880.3299560546875
2016-01-19 00:00:00,1888.6600341796875,1901.43994140625,1864.5999755859375,4928350000,1881.3299560546875
2016-01-20 00:00:00,1876.1800537109375,1876.1800537109375,1812.2900390625,6416070000,1859.3299560546875
2016-01-21 00:00:00,1861.4599609375,1889.8499755859375,1848.97998046875,5078810000,1868.989990234375
2016-01-22 00:00:00,1877.4000244140625,1908.8499755859375,1877.4000244140625,4901760000,1906.9000244140625
2016-01-25 00:00:00,1906.280029296875,1906.280029296875,1875.969970703125,4401380000,1877.0799560546875
2016-01-26 00:00:00,1878.7900390625,1906.72998046875,1878.7900390625,4357940000,1903.6300048828125
2016-01-27 00:00:00,1902.52001953125,1916.989990234375,1872.699951171875,4754040000,1882.949951171875
2016-01-28 00:00:00,1885.219970703125,1902.9599609375,1873.6500244140625,4693010000,1893.3599853515625
2016-01-29 00:00:00,1894.0,1940.239990234375,1894.0,5497570000,1940.239990234375
2016-02-01 00:00:00,1936.93994140625,1947.199951171875,1920.300048828125,4322530000,1939.3800048828125
2016-02-02 00:00:00,1935.260009765625,1935.260009765625,1897.2900390625,4463190000,1903.030029296875
2016-02-03 00:00:00,1907.0699462890625,1918.010009765625,1872.22998046875,5172950000,1912.530029296875
2016-02-04 00:00:00,1911.6700439453125,1927.3499755859375,1900.52001953125,5193320000,1915.449951171875
2016-02-05 00:00:00,1913.0699462890625,1913.0699462890625,1872.6500244140625,4929940000,1880.050048828125
2016-02-08 00:00:00,1873.25,1873.25,1828.4599609375,5636460000,1853.43994140625
2016-02-09 00:00:00,1848.4599609375,1868.25,1834.93994140625,5183220000,1852.2099609375
2016-02-10 00:00:00,1857.0999755859375,1881.5999755859375,1850.3199462890625,4471170000,1851.8599853515625
2016-02-11 00:00:00,1847.0,1847.0,1810.0999755859375,5500800000,1829.0799560546875
2016-02-12 00:00:00,1833.4000244140625,1864.780029296875,1833.4000244140625,4696920000,1864.780029296875
2016-02-16 00:00:00,1871.43994140625,1895.77001953125,1871.43994140625,4570670000,1895.5799560546875
2016-02-17 00:00:00,1898.800048828125,1930.6800537109375,1898.800048828125,5011540000,1926.8199462890625
2016-02-18 00:00:00,1927.5699462890625,1930.0,1915.0899658203125,4436490000,1917.8299560546875
2016-02-19 00:00:00,1916.739990234375,1918.780029296875,1902.1700439453125,4142850000,1917.780029296875
2016-02-22 00:00:00,1924.43994140625,1946.699951171875,1924.43994140625,4054710000,1945.5
2016-02-23 00:00:00,1942.3800048828125,1942.3800048828125,1919.43994140625,3890650000,1921.27001953125
2016-02-24 00:00:00,1917.56005859375,1932.0799560546875,1891.0,4317250000,1929.800048828125
2016-02-25 00:00:00,1931.8699951171875,1951.8299560546875,1925.4100341796875,4118210000,1951.699951171875
2016-02-26 00:00:00,1954.949951171875,1962.9599609375,1945.780029296875,4348510000,1948.050048828125
2016-02-29 00:00:00,1947.1300048828125,1958.27001953125,1931.81005859375,4588180000,1932.22998046875
2016-03-01 00:00:00,1937.0899658203125,1978.3499755859375,1937.0899658203125,4819750000,1978.3499755859375
2016-03-02 00:00:00,1976.5999755859375,1986.510009765625,1968.800048828125,4666610000,1986.449951171875
2016-03-03 00:00:00,1985.5999755859375,1993.68994140625,1977.3699951171875,5081700000,1993.4000244140625
2016-03-04 00:00:00,1994.010009765625,2009.1300048828125,1986.77001953125,6049930000,1999.989990234375
2016-03-07 00:00:00,1996.1099853515625,2006.1199951171875,1989.3800048828125,4968180000,2001.760009765625
2016-03-08 00:00:00,1996.8800048828125,1996.8800048828125,1977.4300537109375,4641650000,1979.260009765625
2016-03-09 00:00:00,1981.43994140625,1992.68994140625,1979.8399658203125,4038120000,1989.260009765625
2016-03-10 00:00:00,1990.969970703125,2005.0799560546875,1969.25,4376790000,1989.5699462890625
2016-03-11 00:00:00,1994.7099609375,2022.3699951171875,1994.7099609375,4078620000,2022.18994140625
2016-03-14 00:00:00,2019.27001953125,2024.5699462890625,2012.050048828125,3487850000,2019.6400146484375
2016-03-15 00:00:00,2015.27001953125,2015.93994140625,2005.22998046875,3560280000,2015.9300537109375
2016-03-16 00:00:00,2014.239990234375,2032.02001953125,2010.0400390625,4057020000,2027.219970703125
2016-03-17 00:00:00,2026.9000244140625,2046.239990234375,2022.1600341796875,4530480000,2040.5899658203125
2016-03-18 00:00:00,2041.1600341796875,2052.360107421875,2041.1600341796875,6503140000,2049.580078125
2016-03-21 00:00:00,2047.8800048828125,2053.909912109375,2043.1400146484375,3376600000,2051.60009765625
2016-03-22 00:00:00,2048.639892578125,2056.60009765625,2040.5699462890625,3418460000,2049.800048828125
2016-03-23 00:00:00,2048.550048828125,2048.550048828125,2034.8599853515625,3639510000,2036.7099609375
2016-03-24 00:00:00,2032.47998046875,2036.0400390625,2022.489990234375,3407720000,2035.93994140625
2016-03-28 00:00:00,2037.8900146484375,2042.6700439453125,2031.9599609375,2809090000,2037.050048828125
2016-03-29 00:00:00,2035.75,2055.909912109375,2028.31005859375,3822330000,2055.010009765625
2016-03-30 00:00:00,2058.27001953125,2072.2099609375,2058.27001953125,3590310000,2063.949951171875
2016-03-31 00:00:00,2063.77001953125,2067.919921875,2057.4599609375,3715280000,2059.739990234375
2016-04-01 00:00:00,2056.6201171875,2075.070068359375,2043.97998046875,3749990000,2072.780029296875
2016-04-04 00:00:00,2073.18994140625,2074.02001953125,2062.570068359375,3485710000,2066.1298828125
2016-04-05 00:00:00,2062.5,2062.5,2042.56005859375,4154920000,2045.1700439453125
2016-04-06 00:00:00,2045.56005859375,2067.330078125,2043.0899658203125,3750800000,2066.659912109375
2016-04-07 00:00:00,2063.010009765625,2063.010009765625,2033.800048828125,3801250000,2041.9100341796875
2016-04-08 00:00:00,2045.5400390625,2060.6298828125,2041.68994140625,3359530000,2047.5999755859375
2016-04-11 00:00:00,2050.22998046875,2062.929931640625,2041.8800048828125,3567840000,2041.989990234375
2016-04-12 00:00:00,2043.719970703125,2065.050048828125,2039.739990234375,4239740000,2061.719970703125
2016-04-13 00:00:00,2065.919921875,2083.179931640625,2065.919921875,4191830000,2082.419921875
2016-04-14 00:00:00,2082.889892578125,2087.840087890625,2078.1298828125,3765870000,2082.780029296875
2016-04-15 00:00:00,2083.10009765625,2083.219970703125,2076.31005859375,3701450000,2080.72998046875
2016-04-18 00:00:00,2078.830078125,2094.659912109375,2073.64990234375,3316880000,2094.340087890625
2016-04-19 00:00:00,2096.050048828125,2104.050048828125,2091.679931640625,3896830000,2100.800048828125
2016-04-20 00:00:00,2101.52001953125,2111.050048828125,2096.320068359375,4184880000,2102.39990234375
2016-04-21 00:00:00,2102.090087890625,2103.780029296875,2088.52001953125,4175290000,2091.47998046875
2016-04-22 00:00:00,2091.489990234375,2094.320068359375,2081.199951171875,3790580000,2091.580078125
2016-04-25 00:00:00,2089.3701171875,2089.3701171875,2077.52001953125,3319740000,2087.7900390625
2016-04-26 00:00:00,2089.840087890625,2096.8701171875,2085.800048828125,3557190000,2091.699951171875
2016-04-27 00:00:00,2092.330078125,2099.889892578125,2082.31005859375,4100110000,2095.14990234375
2016-04-28 00:00:00,2090.929931640625,2099.300048828125,2071.6201171875,4309840000,2075.81005859375
2016-04-29 00:00:00,2071.820068359375,2073.85009765625,2052.280029296875,4704720000,2065.300048828125
2016-05-02 00:00:00,2067.169921875,2083.419921875,2066.110107421875,3841110000,2081.429931640625
2016-05-03 00:00:00,2077.179931640625,2077.179931640625,2054.889892578125,4173390000,2063.3701171875
2016-05-04 00:00:00,2060.300048828125,2060.300048828125,2045.550048828125,4058560000,2051.1201171875
2016-05-05 00:00:00,2052.949951171875,2060.22998046875,2045.77001953125,4008530000,2050.6298828125
2016-05-06 00:00:00,2047.77001953125,2057.719970703125,2039.449951171875,3796350000,2057.139892578125
2016-05-09 00:00:00,2057.550048828125,2064.14990234375,2054.31005859375,3788620000,2058.68994140625
2016-05-10 00:00:00,2062.6298828125,2084.8701171875,2062.6298828125,3600200000,2084.389892578125
2016-05-11 00:00:00,2083.2900390625,2083.2900390625,2064.4599609375,3821980000,2064.4599609375
2016-05-12 00:00:00,2067.169921875,2073.989990234375,2053.1298828125,3782390000,2064.110107421875
2016-05-13 00:00:00,2062.5,2066.7900390625,2043.1300048828125,3579880000,2046.6099853515625
2016-05-16 00:00:00,2046.530029296875,2071.8798828125,2046.530029296875,3501360000,2066.659912109375
2016-05-17 00:00:00,2065.0400390625,2065.68994140625,2040.8199462890625,4108960000,2047.2099609375
2016-05-18 00:00:00,2044.3800048828125,2060.610107421875,2034.489990234375,4101320000,2047.6300048828125
2016-05-19 00:00:00,2044.2099609375,2044.2099609375,2025.9100341796875,3846770000,2040.0400390625
2016-05-20 00:00:00,2041.8800048828125,2058.35009765625,2041.8800048828125,3507650000,2052.320068359375
2016-05-23 00:00:00,2052.22998046875,2055.580078125,2047.260009765625,3055480000,2048.0400390625
2016-05-24 00:00:00,2052.64990234375,2079.669921875,2052.64990234375,3627340000,2076.06005859375
2016-05-25 00:00:00,2078.929931640625,2094.72998046875,2078.929931640625,3859160000,2090.5400390625
2016-05-26 00:00:00,2091.43994140625,2094.300048828125,2087.080078125,3230990000,2090.10009765625
2016-05-27 00:00:00,2090.06005859375,2099.06005859375,2090.06005859375,3079150000,2099.06005859375
2016-05-31 00:00:00,2100.1298828125,2103.47998046875,2088.659912109375,4514410000,2096.949951171875
2016-06-01 00:00:00,2093.93994140625,2100.969970703125,2085.10009765625,3525170000,2099.330078125
2016-06-02 00:00:00,2097.7099609375,2105.260009765625,2088.590087890625,3632720000,2105.260009765625
2016-06-03 00:00:00,2104.070068359375,2104.070068359375,2085.360107421875,3627780000,2099.1298828125
2016-06-06 00:00:00,2100.830078125,2113.360107421875,2100.830078125,3442020000,2109.409912109375
2016-06-07 00:00:00,2110.179931640625,2119.219970703125,2110.179931640625,3534730000,2112.1298828125
2016-06-08 00:00:00,2112.7099609375,2120.550048828125,2112.7099609375,3562060000,2119.1201171875
2016-06-09 00:00:00,2115.64990234375,2117.639892578125,2107.72998046875,3290320000,2115.47998046875
2016-06-10 00:00:00,2109.570068359375,2109.570068359375,2089.9599609375,3515010000,2096.070068359375
2016-06-13 00:00:00,2091.75,2098.1201171875,2078.4599609375,3392030000,2079.06005859375
2016-06-14 00:00:00,2076.64990234375,2081.300048828125,2064.10009765625,3759770000,2075.320068359375
2016-06-15 00:00:00,2077.60009765625,2085.64990234375,2069.800048828125,3544720000,2071.5
2016-06-16 00:00:00,2066.360107421875,2079.6201171875,2050.3701171875,3628280000,2077.989990234375
2016-06-17 00:00:00,2078.199951171875,2078.199951171875,2062.840087890625,4952630000,2071.219970703125
2016-06-20 00:00:00,2075.580078125,2100.659912109375,2075.580078125,3467440000,2083.25
2016-06-21 00:00:00,2085.18994140625,2093.659912109375,2083.02001953125,3232880000,2088.89990234375
2016-06-22 00:00:00,2089.75,2099.7099609375,2084.360107421875,3168160000,2085.449951171875
2016-06-23 00:00:00,2092.800048828125,2113.320068359375,2092.800048828125,3297940000,2113.320068359375
2016-06-24 00:00:00,2103.81005859375,2103.81005859375,2032.5699462890625,7597450000,2037.4100341796875
2016-06-27 00:00:00,2031.449951171875,2031.449951171875,1991.6800537109375,5431220000,2000.5400390625
2016-06-28 00:00:00,2006.6700439453125,2036.0899658203125,2006.6700439453125,4385810000,2036.0899658203125
2016-06-29 00:00:00,2042.68994140625,2073.1298828125,2042.68994140625,4241740000,2070.77001953125
2016-06-30 00:00:00,2073.169921875,2098.93994140625,2070.0,4622820000,2098.860107421875
2016-07-01 00:00:00,2099.340087890625,2108.7099609375,2097.89990234375,3458890000,2102.949951171875
2016-07-05 00:00:00,2095.050048828125,2095.050048828125,2080.860107421875,3658380000,2088.550048828125
2016-07-06 00:00:00,2084.429931640625,2100.719970703125,2074.02001953125,3909380000,2099.72998046875
2016-07-07 00:00:00,2100.419921875,2109.080078125,2089.389892578125,3604550000,2097.89990234375
2016-07-08 00:00:00,2106.969970703125,2131.7099609375,2106.969970703125,3607500000,2129.89990234375
2016-07-11 00:00:00,2131.719970703125,2143.159912109375,2131.719970703125,3253340000,2137.159912109375
2016-07-12 00:00:00,2139.5,2155.39990234375,2139.5,4097820000,2152.139892578125
2016-07-13 00:00:00,2153.81005859375,2156.449951171875,2146.2099609375,3502320000,2152.429931640625
2016-07-14 00:00:00,2157.8798828125,2168.989990234375,2157.8798828125,3465610000,2163.75
2016-07-15 00:00:00,2165.1298828125,2169.050048828125,2155.7900390625,3122600000,2161.739990234375
2016-07-18 00:00:00,2162.0400390625,2168.35009765625,2159.6298828125,3009310000,2166.889892578125
2016-07-19 00:00:00,2163.7900390625,2164.6298828125,2159.010009765625,2968340000,2163.780029296875
2016-07-20 00:00:00,2166.10009765625,2175.6298828125,2164.889892578125,3211860000,2173.02001953125
2016-07-21 00:00:00,2172.909912109375,2174.56005859375,2159.75,3438900000,2165.169921875
2016-07-22 00:00:00,2166.469970703125,2175.110107421875,2163.239990234375,3023280000,2175.030029296875
2016-07-25 00:00:00,2173.7099609375,2173.7099609375,2161.949951171875,3057240000,2168.47998046875
2016-07-26 00:00:00,2168.969970703125,2173.5400390625,2160.179931640625,3442350000,2169.179931640625
2016-07-27 00:00:00,2169.81005859375,2174.97998046875,2159.070068359375,3995500000,2166.580078125
2016-07-28 00:00:00,2166.050048828125,2172.85009765625,2159.739990234375,3664240000,2170.06005859375
2016-07-29 00:00:00,2168.830078125,2177.090087890625,2163.489990234375,4038840000,2173.60009765625
2016-08-01 00:00:00,2173.14990234375,2178.2900390625,2166.2099609375,3505990000,2170.840087890625
2016-08-02 00:00:00,2169.93994140625,2170.199951171875,2147.580078125,3848750000,2157.030029296875
2016-08-03 00:00:00,2156.81005859375,2163.7900390625,2152.56005859375,3786530000,2163.7900390625
2016-08-04 00:00:00,2163.510009765625,2168.18994140625,2159.070068359375,3709200000,2164.25
2016-08-05 00:00:00,2168.7900390625,2182.8701171875,2168.7900390625,3663070000,2182.8701171875
2016-08-08 00:00:00,2183.760009765625,2185.43994140625,2177.85009765625,3327550000,2180.889892578125
2016-08-09 00:00:00,2182.239990234375,2187.659912109375,2178.610107421875,3334300000,2181.739990234375
2016-08-10 00:00:00,2182.81005859375,2183.409912109375,2172.0,3254950000,2175.489990234375
2016-08-11 00:00:00,2177.969970703125,2188.449951171875,2177.969970703125,3423160000,2185.7900390625
2016-08-12 00:00:00,2183.739990234375,2186.280029296875,2179.419921875,3000660000,2184.050048828125
2016-08-15 00:00:00,2186.080078125,2193.81005859375,2186.080078125,3078530000,2190.14990234375
2016-08-16 00:00:00,2186.239990234375,2186.239990234375,2178.139892578125,3196400000,2178.14990234375
2016-08-17 00:00:00,2177.840087890625,2183.080078125,2168.5,3388910000,2182.219970703125
2016-08-18 00:00:00,2181.89990234375,2187.030029296875,2180.4599609375,3300570000,2187.02001953125
2016-08-19 00:00:00,2184.239990234375,2185.0,2175.1298828125,3084800000,2183.8701171875
2016-08-22 00:00:00,2181.580078125,2185.14990234375,2175.9599609375,2777550000,2182.639892578125
2016-08-23 00:00:00,2187.81005859375,2193.419921875,2186.800048828125,3041490000,2186.89990234375
2016-08-24 00:00:00,2185.090087890625,2186.659912109375,2171.25,3148280000,2175.43994140625
2016-08-25 00:00:00,2173.2900390625,2179.0,2169.739990234375,2969310000,2172.469970703125
2016-08-26 00:00:00,2175.10009765625,2187.93994140625,2160.389892578125,3342340000,2169.0400390625
2016-08-29 00:00:00,2170.18994140625,2183.47998046875,2170.18994140625,2654780000,2180.3798828125
2016-08-30 00:00:00,2179.449951171875,2182.27001953125,2170.409912109375,3006800000,2176.1201171875
2016-08-31 00:00:00,2173.56005859375,2173.7900390625,2161.35009765625,3766390000,2170.949951171875
2016-09-01 00:00:00,2171.330078125,2173.56005859375,2157.090087890625,3392120000,2170.860107421875
2016-09-02 00:00:00,2177.489990234375,2184.8701171875,2173.590087890625,3091120000,2179.97998046875
2016-09-06 00:00:00,2181.610107421875,2186.570068359375,2175.10009765625,3447650000,2186.47998046875
2016-09-07 00:00:00,2185.169921875,2187.8701171875,2179.070068359375,3319420000,2186.159912109375
2016-09-08 00:00:00,2182.760009765625,2184.93994140625,2177.489990234375,3727840000,2181.300048828125
2016-09-09 00:00:00,2169.080078125,2169.080078125,2127.81005859375,4233960000,2127.81005859375
2016-09-12 00:00:00,2120.860107421875,2163.300048828125,2119.1201171875,4010480000,2159.0400390625
2016-09-13 00:00:00,2150.469970703125,2150.469970703125,2120.27001953125,4141670000,2127.02001953125
2016-09-14 00:00:00,2127.860107421875,2141.330078125,2119.89990234375,3664100000,2125.77001953125
2016-09-15 00:00:00,2125.360107421875,2151.31005859375,2122.360107421875,3373720000,2147.260009765625
2016-09-16 00:00:00,2146.47998046875,2146.47998046875,2131.199951171875,5014360000,2139.159912109375
2016-09-19 00:00:00,2143.989990234375,2153.610107421875,2135.909912109375,3141820000,2139.1201171875
2016-09-20 00:00:00,2145.93994140625,2150.800048828125,2139.169921875,3117380000,2139.760009765625
2016-09-21 00:00:00,2144.580078125,2165.110107421875,2139.570068359375,3685450000,2163.1201171875
2016-09-22 00:00:00,2170.93994140625,2179.989990234375,2170.93994140625,3523860000,2177.179931640625
2016-09-23 00:00:00,2173.2900390625,2173.75,2163.969970703125,3289860000,2164.68994140625
2016-09-26 00:00:00,2158.5400390625,2158.5400390625,2145.0400390625,3199910000,2146.10009765625
2016-09-27 00:00:00,2146.0400390625,2161.1298828125,2141.550048828125,3414090000,2159.929931640625
2016-09-28 00:00:00,2161.85009765625,2172.39990234375,2151.7900390625,3860390000,2171.3701171875
2016-09-29 00:00:00,2168.89990234375,2172.669921875,2145.199951171875,4215620000,2151.1298828125
2016-09-30 00:00:00,2156.510009765625,2175.300048828125,2156.510009765625,4158800000,2168.27001953125
2016-10-03 00:00:00,2164.330078125,2164.409912109375,2154.77001953125,3113850000,2161.199951171875
2016-10-04 00:00:00,2163.3701171875,2165.4599609375,2144.010009765625,3716100000,2150.489990234375
2016-10-05 00:00:00,2155.14990234375,2163.949951171875,2155.14990234375,3883710000,2159.72998046875
2016-10-06 00:00:00,2158.219970703125,2162.929931640625,2150.280029296875,3438040000,2160.77001953125
2016-10-07 00:00:00,2164.18994140625,2165.860107421875,2144.85009765625,3578770000,2153.739990234375
2016-10-10 00:00:00,2160.389892578125,2169.60009765625,2160.389892578125,2881970000,2163.659912109375
2016-10-11 00:00:00,2161.35009765625,2161.56005859375,2128.840087890625,3393060000,2136.72998046875
2016-10-12 00:00:00,2137.669921875,2145.360107421875,2132.77001953125,2959510000,2139.179931640625
2016-10-13 00:00:00,2130.260009765625,2138.18994140625,2114.719970703125,3538030000,2132.550048828125
2016-10-14 00:00:00,2139.679931640625,2149.18994140625,2132.97998046875,3187910000,2132.97998046875
2016-10-17 00:00:00,2132.949951171875,2135.610107421875,2124.429931640625,2832440000,2126.5
2016-10-18 00:00:00,2138.31005859375,2144.3798828125,2135.489990234375,3172940000,2139.60009765625
2016-10-19 00:00:00,2140.81005859375,2148.43994140625,2138.14990234375,3364990000,2144.2900390625
2016-10-20 00:00:00,2142.510009765625,2147.179931640625,2133.43994140625,3339320000,2141.340087890625
2016-10-21 00:00:00,2139.429931640625,2142.6298828125,2130.090087890625,3456390000,2141.159912109375
2016-10-24 00:00:00,2148.5,2154.7900390625,2146.909912109375,3359950000,2151.330078125
2016-10-25 00:00:00,2149.719970703125,2151.43994140625,2141.929931640625,3756200000,2143.159912109375
2016-10-26 00:00:00,2136.969970703125,2145.72998046875,2131.590087890625,3778120000,2139.429931640625
2016-10-27 00:00:00,2144.06005859375,2147.1298828125,2132.52001953125,4209400000,2133.0400390625
2016-10-28 00:00:00,2132.22998046875,2140.719970703125,2119.360107421875,4028270000,2126.409912109375
2016-10-31 00:00:00,2129.780029296875,2133.25,2125.530029296875,3926560000,2126.14990234375
2016-11-01 00:00:00,2128.679931640625,2131.449951171875,2097.85009765625,4539190000,2111.719970703125
2016-11-02 00:00:00,2109.429931640625,2111.760009765625,2094.0,4289120000,2097.93994140625
2016-11-03 00:00:00,2098.800048828125,2102.56005859375,2085.22998046875,3892100000,2088.659912109375
2016-11-04 00:00:00,2083.7900390625,2099.070068359375,2083.7900390625,3841910000,2085.179931640625
2016-11-07 00:00:00,2100.590087890625,2132.0,2100.590087890625,3739720000,2131.52001953125
2016-11-08 00:00:00,2129.919921875,2146.8701171875,2123.56005859375,3921850000,2139.56005859375
2016-11-09 00:00:00,2131.56005859375,2170.10009765625,2125.35009765625,6267590000,2163.260009765625
2016-11-10 00:00:00,2167.489990234375,2182.300048828125,2151.169921875,6458450000,2167.47998046875
2016-11-11 00:00:00,2162.7099609375,2165.919921875,2152.489990234375,4993990000,2164.449951171875
2016-11-14 00:00:00,2165.639892578125,2171.360107421875,2156.080078125,5373670000,2164.199951171875
2016-11-15 00:00:00,2168.2900390625,2180.840087890625,2166.3798828125,4548110000,2180.389892578125
2016-11-16 00:00:00,2177.530029296875,2179.219970703125,2172.199951171875,3847900000,2176.93994140625
2016-11-17 00:00:00,2178.610107421875,2188.06005859375,2176.64990234375,3811730000,2187.1201171875
2016-11-18 00:00:00,2186.85009765625,2189.889892578125,2180.3798828125,3580900000,2181.89990234375
2016-11-21 00:00:00,2186.429931640625,2198.699951171875,2186.429931640625,3611500000,2198.179931640625
2016-11-22 00:00:00,2201.56005859375,2204.800048828125,2194.510009765625,3960520000,2202.93994140625
2016-11-23 00:00:00,2198.550048828125,2204.719970703125,2194.510009765625,3419850000,2204.719970703125
2016-11-25 00:00:00,2206.27001953125,2213.35009765625,2206.27001953125,1584590000,2213.35009765625
2016-11-28 00:00:00,2210.2099609375,2211.139892578125,2200.360107421875,3515100000,2201.719970703125
2016-11-29 00:00:00,2200.760009765625,2210.4599609375,2198.14990234375,3709190000,2204.659912109375
2016-11-30 00:00:00,2204.969970703125,2214.10009765625,2198.81005859375,5538400000,2198.81005859375
2016-12-01 00:00:00,2200.169921875,2202.60009765625,2187.43994140625,5067470000,2191.080078125
2016-12-02 00:00:00,2191.1201171875,2197.949951171875,2188.3701171875,3782370000,2191.949951171875
2016-12-05 00:00:00,2200.64990234375,2209.419921875,2199.969970703125,3898530000,2204.7099609375
2016-12-06 00:00:00,2207.260009765625,2212.780029296875,2202.2099609375,3857290000,2212.22998046875
2016-12-07 00:00:00,2210.719970703125,2241.6298828125,2208.929931640625,4504070000,2241.35009765625
2016-12-08 00:00:00,2241.1298828125,2251.68994140625,2237.570068359375,4203270000,2246.18994140625
2016-12-09 00:00:00,2249.72998046875,2259.800048828125,2249.22998046875,3886460000,2259.530029296875
2016-12-12 00:00:00,2258.830078125,2264.030029296875,2252.3701171875,4038850000,2256.9599609375
2016-12-13 00:00:00,2263.320068359375,2277.530029296875,2263.320068359375,3875630000,2271.719970703125
2016-12-14 00:00:00,2268.35009765625,2276.199951171875,2248.43994140625,4409670000,2253.280029296875
2016-12-15 00:00:00,2253.77001953125,2272.1201171875,2253.77001953125,4173360000,2262.030029296875
2016-12-16 00:00:00,2266.81005859375,2268.050048828125,2254.239990234375,5928980000,2258.070068359375
2016-12-19 00:00:00,2259.239990234375,2267.469970703125,2258.2099609375,3252840000,2262.530029296875
2016-12-20 00:00:00,2266.5,2272.56005859375,2266.139892578125,3306250000,2270.760009765625
2016-12-21 00:00:00,2270.5400390625,2271.22998046875,2265.14990234375,2854880000,2265.179931640625
2016-12-22 00:00:00,2262.929931640625,2263.179931640625,2256.080078125,2880670000,2260.9599609375
2016-12-23 00:00:00,2260.25,2263.7900390625,2258.840087890625,2021230000,2263.7900390625
2016-12-27 00:00:00,2266.22998046875,2273.820068359375,2266.14990234375,1989730000,2268.8798828125
2016-12-28 00:00:00,2270.22998046875,2271.31005859375,2249.110107421875,2402750000,2249.919921875
2016-12-29 00:00:00,2249.5,2254.510009765625,2244.56005859375,2338700000,2249.260009765625
2016-12-30 00:00:00,2251.610107421875,2253.580078125,2233.6201171875,2671550000,2238.830078125
2017-01-03 00:00:00,2251.570068359375,2263.8798828125,2245.1298828125,3773010000,2257.830078125
2017-01-04 00:00:00,2261.60009765625,2272.820068359375,2261.60009765625,3768890000,2270.75
2017-01-05 00:00:00,2268.179931640625,2271.5,2260.449951171875,3785080000,2269.0
2017-01-06 00:00:00,2271.139892578125,2282.10009765625,2264.06005859375,3342080000,2276.97998046875
2017-01-09 00:00:00,2273.590087890625,2275.489990234375,2268.89990234375,3219730000,2268.89990234375
2017-01-10 00:00:00,2269.719970703125,2279.27001953125,2265.27001953125,3640560000,2268.89990234375
2017-01-11 00:00:00,2268.60009765625,2275.320068359375,2260.830078125,3625080000,2275.320068359375
2017-01-12 00:00:00,2271.139892578125,2271.780029296875,2254.25,3466220000,2270.43994140625
2017-01-13 00:00:00,2272.739990234375,2278.679931640625,2271.510009765625,3090680000,2274.639892578125
2017-01-17 00:00:00,2269.139892578125,2272.080078125,2262.81005859375,3586950000,2267.889892578125
2017-01-18 00:00:00,2269.139892578125,2272.010009765625,2263.35009765625,3317670000,2271.889892578125
2017-01-19 00:00:00,2271.89990234375,2274.330078125,2258.409912109375,3168390000,2263.68994140625
2017-01-20 00:00:00,2269.9599609375,2276.9599609375,2265.010009765625,3536850000,2271.31005859375
2017-01-23 00:00:00,2267.780029296875,2271.780029296875,2257.02001953125,3155240000,2265.199951171875
2017-01-24 00:00:00,2267.8798828125,2284.6298828125,2266.679931640625,3816950000,2280.070068359375
2017-01-25 00:00:00,2288.8798828125,2299.550048828125,2288.8798828125,3849340000,2298.3701171875
2017-01-26 00:00:00,2298.6298828125,2300.989990234375,2294.080078125,3611510000,2296.679931640625
2017-01-27 00:00:00,2299.02001953125,2299.02001953125,2291.6201171875,3137420000,2294.68994140625
2017-01-30 00:00:00,2286.010009765625,2286.010009765625,2268.0400390625,3595040000,2280.89990234375
2017-01-31 00:00:00,2274.02001953125,2279.090087890625,2267.2099609375,4089730000,2278.8701171875
2017-02-01 00:00:00,2285.590087890625,2289.139892578125,2272.43994140625,3919190000,2279.550048828125
2017-02-02 00:00:00,2276.68994140625,2283.969970703125,2271.64990234375,3809760000,2280.85009765625
2017-02-03 00:00:00,2288.5400390625,2298.31005859375,2287.8798828125,3605970000,2297.419921875
2017-02-06 00:00:00,2294.280029296875,2296.179931640625,2288.570068359375,3112390000,2292.56005859375
2017-02-07 00:00:00,2295.8701171875,2299.39990234375,2290.159912109375,3452460000,2293.080078125
2017-02-08 00:00:00,2289.550048828125,2295.909912109375,2285.3798828125,3611950000,2294.669921875
2017-02-09 00:00:00,2296.699951171875,2311.080078125,2296.610107421875,3681600000,2307.8701171875
2017-02-10 00:00:00,2312.27001953125,2319.22998046875,2311.10009765625,3496600000,2316.10009765625
2017-02-13 00:00:00,2321.719970703125,2331.580078125,2321.419921875,3352370000,2328.25
2017-02-14 00:00:00,2326.1201171875,2337.580078125,2322.169921875,3528040000,2337.580078125
2017-02-15 00:00:00,2335.580078125,2351.300048828125,2334.81005859375,3785870000,2349.25
2017-02-16 00:00:00,2349.639892578125,2351.31005859375,2338.8701171875,3675900000,2347.219970703125
2017-02-17 00:00:00,2343.010009765625,2351.159912109375,2339.580078125,3516830000,2351.159912109375
2017-02-21 00:00:00,2354.909912109375,2366.7099609375,2354.909912109375,3587520000,2365.3798828125
2017-02-22 00:00:00,2361.110107421875,2365.1298828125,2358.340087890625,3473170000,2362.820068359375
2017-02-23 00:00:00,2367.5,2368.260009765625,2355.090087890625,4021770000,2363.81005859375
2017-02-24 00:00:00,2355.72998046875,2367.340087890625,2352.8701171875,3832410000,2367.340087890625
2017-02-27 00:00:00,2365.22998046875,2371.5400390625,2361.8701171875,3584680000,2369.75
2017-02-28 00:00:00,2366.080078125,2367.7900390625,2358.9599609375,4212460000,2363.639892578125
2017-03-01 00:00:00,2380.1298828125,2400.97998046875,2380.1298828125,4347630000,2395.9599609375
2017-03-02 00:00:00,2394.75,2394.75,2380.169921875,3824030000,2381.919921875
2017-03-03 00:00:00,2380.919921875,2383.889892578125,2375.389892578125,3556670000,2383.1201171875
2017-03-06 00:00:00,2375.22998046875,2378.800048828125,2367.97998046875,3251800000,2375.31005859375
2017-03-07 00:00:00,2370.739990234375,2375.1201171875,2365.510009765625,3526300000,2368.389892578125
2017-03-08 00:00:00,2369.81005859375,2373.090087890625,2361.010009765625,3814080000,2362.97998046875
2017-03-09 00:00:00,2363.489990234375,2369.080078125,2354.5400390625,3718450000,2364.8701171875
2017-03-10 00:00:00,2372.52001953125,2376.860107421875,2363.0400390625,3434400000,2372.60009765625
2017-03-13 00:00:00,2371.56005859375,2374.419921875,2368.52001953125,3166650000,2373.469970703125
2017-03-14 00:00:00,2368.550048828125,2368.550048828125,2358.179931640625,3173760000,2365.449951171875
2017-03-15 00:00:00,2370.340087890625,2390.010009765625,2368.93994140625,3909490000,2385.260009765625
2017-03-16 00:00:00,2387.7099609375,2388.10009765625,2377.179931640625,3368880000,2381.3798828125
2017-03-17 00:00:00,2383.7099609375,2385.7099609375,2377.639892578125,5179820000,2378.25
2017-03-20 00:00:00,2378.239990234375,2379.550048828125,2369.659912109375,3061560000,2373.469970703125
2017-03-21 00:00:00,2379.320068359375,2381.929931640625,2341.89990234375,4278890000,2344.02001953125
2017-03-22 00:00:00,2343.0,2351.81005859375,2336.449951171875,3575160000,2348.449951171875
2017-03-23 00:00:00,2345.969970703125,2358.919921875,2342.1298828125,3262400000,2345.9599609375
2017-03-24 00:00:00,2350.419921875,2356.219970703125,2335.739990234375,2978530000,2343.97998046875
2017-03-27 00:00:00,2329.110107421875,2344.89990234375,2322.25,3242300000,2341.590087890625
2017-03-28 00:00:00,2339.7900390625,2363.780029296875,2337.6298828125,3369120000,2358.570068359375
2017-03-29 00:00:00,2356.5400390625,2363.360107421875,2352.93994140625,3107670000,2361.1298828125
2017-03-30 00:00:00,2361.31005859375,2370.419921875,2358.580078125,3159680000,2368.06005859375
2017-03-31 00:00:00,2364.820068359375,2370.35009765625,2362.60009765625,3356740000,2362.719970703125
2017-04-03 00:00:00,2362.340087890625,2365.8701171875,2344.72998046875,3418730000,2358.840087890625
2017-04-04 00:00:00,2354.760009765625,2360.530029296875,2350.719970703125,3208340000,2360.159912109375
2017-04-05 00:00:00,2366.590087890625,2378.360107421875,2350.52001953125,3780650000,2352.949951171875
2017-04-06 00:00:00,2353.7900390625,2364.159912109375,2348.89990234375,3203250000,2357.489990234375
2017-04-07 00:00:00,2356.590087890625,2363.760009765625,2350.739990234375,3054700000,2355.5400390625
2017-04-10 00:00:00,2357.159912109375,2366.3701171875,2351.5,2792570000,2357.159912109375
2017-04-11 00:00:00,2353.919921875,2355.219970703125,2337.25,3120900000,2353.780029296875
2017-04-12 00:00:00,2352.14990234375,2352.719970703125,2341.179931640625,3201300000,2344.929931640625
2017-04-13 00:00:00,2341.97998046875,2348.260009765625,2328.949951171875,3146380000,2328.949951171875
2017-04-17 00:00:00,2332.6201171875,2349.139892578125,2332.510009765625,2826890000,2349.010009765625
2017-04-18 00:00:00,2342.530029296875,2348.35009765625,2334.5400390625,3272210000,2342.18994140625
2017-04-19 00:00:00,2346.7900390625,2352.6298828125,2335.050048828125,3521160000,2338.169921875
2017-04-20 00:00:00,2342.68994140625,2361.3701171875,2340.909912109375,3648990000,2355.840087890625
2017-04-21 00:00:00,2354.739990234375,2356.179931640625,2344.510009765625,3524160000,2348.68994140625
2017-04-24 00:00:00,2370.330078125,2376.97998046875,2369.18994140625,3711170000,2374.14990234375
2017-04-25 00:00:00,2381.510009765625,2392.47998046875,2381.14990234375,4005820000,2388.610107421875
2017-04-26 00:00:00,2388.97998046875,2398.159912109375,2386.780029296875,4111350000,2387.449951171875
2017-04-27 00:00:00,2389.699951171875,2392.10009765625,2382.679931640625,4099940000,2388.77001953125
2017-04-28 00:00:00,2393.679931640625,2393.679931640625,2382.360107421875,3721350000,2384.199951171875
2017-05-01 00:00:00,2388.5,2394.489990234375,2384.830078125,3201500000,2388.330078125
2017-05-02 00:00:00,2391.050048828125,2392.929931640625,2385.820068359375,3861360000,2391.169921875
2017-05-03 00:00:00,2386.5,2389.820068359375,2379.75,3896760000,2388.1298828125
2017-05-04 00:00:00,2389.7900390625,2391.429931640625,2380.35009765625,4367860000,2389.52001953125
2017-05-05 00:00:00,2392.3701171875,2399.2900390625,2389.3798828125,3543240000,2399.2900390625
2017-05-08 00:00:00,2399.93994140625,2401.360107421875,2393.919921875,3429990000,2399.3798828125
2017-05-09 00:00:00,2401.580078125,2403.8701171875,2392.43994140625,3657840000,2396.919921875
2017-05-10 00:00:00,2396.7900390625,2399.739990234375,2392.7900390625,3649370000,2399.6298828125
2017-05-11 00:00:00,2394.840087890625,2395.719970703125,2381.739990234375,3727710000,2394.43994140625
2017-05-12 00:00:00,2392.43994140625,2392.43994140625,2387.18994140625,3304620000,2390.89990234375
2017-05-15 00:00:00,2393.97998046875,2404.050048828125,2393.93994140625,3490080000,2402.320068359375
2017-05-16 00:00:00,2404.550048828125,2405.77001953125,2396.050048828125,3421810000,2400.669921875
2017-05-17 00:00:00,2382.949951171875,2384.8701171875,2356.2099609375,4164760000,2357.030029296875
2017-05-18 00:00:00,2354.68994140625,2375.739990234375,2352.719970703125,4319440000,2365.719970703125
2017-05-19 00:00:00,2371.3701171875,2389.06005859375,2370.429931640625,3831700000,2381.72998046875
2017-05-22 00:00:00,2387.2099609375,2395.4599609375,2386.919921875,3176580000,2394.02001953125
2017-05-23 00:00:00,2397.0400390625,2400.85009765625,2393.8798828125,3216560000,2398.419921875
2017-05-24 00:00:00,2401.409912109375,2405.580078125,2397.989990234375,3389240000,2404.389892578125
2017-05-25 00:00:00,2409.5400390625,2418.7099609375,2408.010009765625,3538210000,2415.070068359375
2017-05-26 00:00:00,2414.5,2416.679931640625,2412.199951171875,2806930000,2415.820068359375
2017-05-30 00:00:00,2411.669921875,2415.260009765625,2409.429931640625,3205860000,2412.909912109375
2017-05-31 00:00:00,2415.6298828125,2415.989990234375,2403.590087890625,4518040000,2411.800048828125
2017-06-01 00:00:00,2415.64990234375,2430.06005859375,2413.5400390625,3860620000,2430.06005859375
2017-06-02 00:00:00,2431.280029296875,2440.22998046875,2427.7099609375,3465500000,2439.070068359375
2017-06-05 00:00:00,2437.830078125,2439.550048828125,2434.320068359375,2916720000,2436.10009765625
2017-06-06 00:00:00,2431.919921875,2436.2099609375,2428.1201171875,3376750000,2429.330078125
2017-06-07 00:00:00,2432.030029296875,2435.280029296875,2424.75,3576220000,2433.139892578125
2017-06-08 00:00:00,2434.27001953125,2439.27001953125,2427.93994140625,3735980000,2433.7900390625
2017-06-09 00:00:00,2436.389892578125,2446.199951171875,2415.699951171875,4029860000,2431.77001953125
2017-06-12 00:00:00,2425.8798828125,2430.3798828125,2419.969970703125,4031840000,2429.389892578125
2017-06-13 00:00:00,2434.14990234375,2441.489990234375,2431.280029296875,3278240000,2440.35009765625
2017-06-14 00:00:00,2443.75,2443.75,2428.340087890625,3558640000,2437.919921875
2017-06-15 00:00:00,2424.139892578125,2433.949951171875,2418.530029296875,3371980000,2432.4599609375
2017-06-16 00:00:00,2431.239990234375,2433.14990234375,2422.8798828125,5299380000,2433.14990234375
2017-06-19 00:00:00,2442.550048828125,2453.820068359375,2441.7900390625,3271480000,2453.4599609375
2017-06-20 00:00:00,2450.659912109375,2450.659912109375,2436.60009765625,3422700000,2437.030029296875
2017-06-21 00:00:00,2439.31005859375,2442.22998046875,2430.739990234375,3599190000,2435.610107421875
2017-06-22 00:00:00,2437.39990234375,2441.6201171875,2433.27001953125,3477250000,2434.5
2017-06-23 00:00:00,2434.64990234375,2441.39990234375,2431.110107421875,5282460000,2438.300048828125
2017-06-26 00:00:00,2443.320068359375,2450.419921875,2437.030029296875,3243660000,2439.070068359375
2017-06-27 00:00:00,2436.340087890625,2440.14990234375,2419.3798828125,3564770000,2419.3798828125
2017-06-28 00:00:00,2428.699951171875,2442.969970703125,2428.02001953125,3479980000,2440.68994140625
2017-06-29 00:00:00,2442.3798828125,2442.72998046875,2405.699951171875,3869560000,2419.699951171875
2017-06-30 00:00:00,2429.199951171875,2432.7099609375,2421.64990234375,3366030000,2423.409912109375
2017-07-03 00:00:00,2431.389892578125,2439.169921875,2428.68994140625,1901480000,2429.010009765625
2017-07-05 00:00:00,2430.780029296875,2434.89990234375,2422.050048828125,3368150000,2432.5400390625
2017-07-06 00:00:00,2423.43994140625,2424.280029296875,2407.699951171875,3368710000,2409.75
2017-07-07 00:00:00,2413.52001953125,2426.919921875,2413.52001953125,2929390000,2425.179931640625
2017-07-10 00:00:00,2424.510009765625,2432.0,2422.27001953125,3009880000,2427.429931640625
2017-07-11 00:00:00,2427.35009765625,2429.300048828125,2412.7900390625,3108800000,2425.530029296875
2017-07-12 00:00:00,2435.75,2445.760009765625,2435.75,3176900000,2443.25
2017-07-13 00:00:00,2444.989990234375,2449.320068359375,2441.68994140625,3068510000,2447.830078125
2017-07-14 00:00:00,2449.159912109375,2463.5400390625,2446.68994140625,2738460000,2459.27001953125
2017-07-17 00:00:00,2459.5,2462.820068359375,2457.159912109375,2800580000,2459.139892578125
2017-07-18 00:00:00,2455.8798828125,2460.919921875,2450.340087890625,2974090000,2460.610107421875
2017-07-19 00:00:00,2463.85009765625,2473.830078125,2463.85009765625,3063810000,2473.830078125
2017-07-20 00:00:00,2475.56005859375,2477.6201171875,2468.429931640625,3223820000,2473.449951171875
2017-07-21 00:00:00,2467.39990234375,2472.5400390625,2465.06005859375,3066880000,2472.5400390625
2017-07-24 00:00:00,2472.0400390625,2473.10009765625,2466.320068359375,3019920000,2469.909912109375
2017-07-25 00:00:00,2477.8798828125,2481.239990234375,2474.909912109375,4116360000,2477.1298828125
2017-07-26 00:00:00,2479.969970703125,2481.68994140625,2474.93994140625,3597830000,2477.830078125
2017-07-27 00:00:00,2482.760009765625,2484.0400390625,2459.929931640625,4035740000,2475.419921875
2017-07-28 00:00:00,2469.1201171875,2473.530029296875,2464.659912109375,3302850000,2472.10009765625
2017-07-31 00:00:00,2475.93994140625,2477.9599609375,2468.530029296875,3475930000,2470.300048828125
2017-08-01 00:00:00,2477.10009765625,2478.510009765625,2471.139892578125,3470260000,2476.35009765625
2017-08-02 00:00:00,2480.3798828125,2480.3798828125,2466.47998046875,3487150000,2477.570068359375
2017-08-03 00:00:00,2476.030029296875,2476.030029296875,2468.85009765625,3662410000,2472.159912109375
2017-08-04 00:00:00,2476.8798828125,2480.0,2472.080078125,3239980000,2476.830078125
2017-08-07 00:00:00,2477.139892578125,2480.949951171875,2475.8798828125,2935130000,2480.909912109375
2017-08-08 00:00:00,2478.35009765625,2490.8701171875,2470.320068359375,3347480000,2474.919921875
2017-08-09 00:00:00,2465.35009765625,2474.409912109375,2462.080078125,3310960000,2474.02001953125
2017-08-10 00:00:00,2465.3798828125,2465.3798828125,2437.75,3635820000,2438.2099609375
2017-08-11 00:00:00,2441.0400390625,2448.090087890625,2437.85009765625,3161830000,2441.320068359375
2017-08-14 00:00:00,2454.9599609375,2468.219970703125,2454.9599609375,2824320000,2465.840087890625
2017-08-15 00:00:00,2468.659912109375,2468.89990234375,2461.610107421875,2922430000,2464.610107421875
2017-08-16 00:00:00,2468.6298828125,2474.929931640625,2463.860107421875,2956570000,2468.110107421875
2017-08-17 00:00:00,2462.949951171875,2465.02001953125,2430.010009765625,3164950000,2430.010009765625
2017-08-18 00:00:00,2427.639892578125,2440.27001953125,2420.68994140625,3426970000,2425.550048828125
2017-08-21 00:00:00,2425.5,2430.580078125,2417.35009765625,2803650000,2428.3701171875
2017-08-22 00:00:00,2433.75,2454.77001953125,2433.669921875,2780990000,2452.510009765625
2017-08-23 00:00:00,2444.8798828125,2448.909912109375,2441.419921875,2796950000,2444.0400390625
2017-08-24 00:00:00,2447.909912109375,2450.389892578125,2436.18994140625,2849680000,2438.969970703125
2017-08-25 00:00:00,2444.719970703125,2453.9599609375,2442.219970703125,2593350000,2443.050048828125
2017-08-28 00:00:00,2447.35009765625,2449.1201171875,2439.030029296875,2682920000,2444.239990234375
2017-08-29 00:00:00,2431.93994140625,2449.18994140625,2428.199951171875,2739460000,2446.300048828125
2017-08-30 00:00:00,2446.06005859375,2460.31005859375,2443.77001953125,2637780000,2457.590087890625
2017-08-31 00:00:00,2462.64990234375,2475.010009765625,2462.64990234375,3353860000,2471.64990234375
2017-09-01 00:00:00,2474.419921875,2480.3798828125,2473.85009765625,2712780000,2476.550048828125
2017-09-05 00:00:00,2470.35009765625,2471.969970703125,2446.550048828125,3502190000,2457.85009765625
2017-09-06 00:00:00,2463.830078125,2469.639892578125,2459.199951171875,3400200000,2465.5400390625
2017-09-07 00:00:00,2468.06005859375,2468.6201171875,2460.2900390625,3365780000,2465.10009765625
2017-09-08 00:00:00,2462.25,2467.110107421875,2459.39990234375,3308360000,2461.429931640625
2017-09-11 00:00:00,2474.52001953125,2488.949951171875,2474.52001953125,3293460000,2488.110107421875
2017-09-12 00:00:00,2491.93994140625,2496.77001953125,2490.3701171875,3234280000,2496.47998046875
2017-09-13 00:00:00,2493.889892578125,2498.3701171875,2492.139892578125,3371370000,2498.3701171875
2017-09-14 00:00:00,2494.56005859375,2498.429931640625,2491.35009765625,3422470000,2495.6201171875
2017-09-15 00:00:00,2495.669921875,2500.22998046875,2493.159912109375,4862970000,2500.22998046875
2017-09-18 00:00:00,2502.510009765625,2508.320068359375,2499.919921875,3204700000,2503.8701171875
2017-09-19 00:00:00,2506.2900390625,2507.840087890625,2503.18994140625,3253760000,2506.64990234375
2017-09-20 00:00:00,2506.840087890625,2508.85009765625,2496.669921875,3584570000,2508.239990234375
2017-09-21 00:00:00,2507.159912109375,2507.159912109375,2499.0,2965590000,2500.60009765625
2017-09-22 00:00:00,2497.260009765625,2503.469970703125,2496.5400390625,2877980000,2502.219970703125
2017-09-25 00:00:00,2499.389892578125,2502.5400390625,2488.030029296875,3314530000,2496.659912109375
2017-09-26 00:00:00,2501.0400390625,2503.510009765625,2495.1201171875,3070770000,2496.840087890625
2017-09-27 00:00:00,2503.300048828125,2511.75,2495.909912109375,3485070000,2507.0400390625
2017-09-28 00:00:00,2503.409912109375,2510.81005859375,2502.929931640625,3173030000,2510.06005859375
2017-09-29 00:00:00,2509.9599609375,2519.43994140625,2507.989990234375,3220260000,2519.360107421875
2017-10-02 00:00:00,2521.199951171875,2529.22998046875,2520.39990234375,3226370000,2529.1201171875
2017-10-03 00:00:00,2530.340087890625,2535.1298828125,2528.85009765625,3073480000,2534.580078125
2017-10-04 00:00:00,2533.47998046875,2540.530029296875,2531.800048828125,3020770000,2537.739990234375
2017-10-05 00:00:00,2540.860107421875,2552.510009765625,2540.02001953125,3059730000,2552.070068359375
2017-10-06 00:00:00,2547.43994140625,2549.409912109375,2543.7900390625,2898270000,2549.330078125
2017-10-09 00:00:00,2551.389892578125,2551.820068359375,2541.60009765625,2486940000,2544.72998046875
2017-10-10 00:00:00,2549.989990234375,2555.22998046875,2544.860107421875,2962610000,2550.639892578125
2017-10-11 00:00:00,2550.6201171875,2555.239990234375,2547.949951171875,2991320000,2555.239990234375
2017-10-12 00:00:00,2552.8798828125,2555.330078125,2548.31005859375,3157280000,2550.929931640625
2017-10-13 00:00:00,2555.659912109375,2557.64990234375,2552.090087890625,3150470000,2553.169921875
2017-10-16 00:00:00,2555.570068359375,2559.469970703125,2552.639892578125,2918030000,2557.639892578125
2017-10-17 00:00:00,2557.169921875,2559.7099609375,2554.68994140625,2901890000,2559.360107421875
2017-10-18 00:00:00,2562.8701171875,2564.110107421875,2559.669921875,2999320000,2561.260009765625
2017-10-19 00:00:00,2553.389892578125,2562.360107421875,2547.919921875,3019520000,2562.10009765625
2017-10-20 00:00:00,2567.56005859375,2575.43994140625,2567.56005859375,3394450000,2575.2099609375
2017-10-23 00:00:00,2578.080078125,2578.2900390625,2564.330078125,3214470000,2564.97998046875
2017-10-24 00:00:00,2568.659912109375,2572.179931640625,2565.580078125,3435660000,2569.1298828125
2017-10-25 00:00:00,2566.52001953125,2567.39990234375,2544.0,3885470000,2557.14990234375
2017-10-26 00:00:00,2560.080078125,2567.070068359375,2559.800048828125,3891750000,2560.39990234375
2017-10-27 00:00:00,2570.260009765625,2582.97998046875,2565.93994140625,3896100000,2581.070068359375
2017-10-30 00:00:00,2577.75,2580.030029296875,2568.25,3660230000,2572.830078125
2017-10-31 00:00:00,2575.989990234375,2578.2900390625,2572.14990234375,3844420000,2575.260009765625
2017-11-01 00:00:00,2583.2099609375,2588.39990234375,2574.919921875,3841200000,2579.360107421875
2017-11-02 00:00:00,2579.4599609375,2581.110107421875,2566.169921875,4050140000,2579.85009765625
2017-11-03 00:00:00,2581.929931640625,2588.419921875,2576.77001953125,3568710000,2587.840087890625
2017-11-06 00:00:00,2587.469970703125,2593.3798828125,2585.659912109375,3541970000,2591.1298828125
2017-11-07 00:00:00,2592.110107421875,2597.02001953125,2584.35009765625,3815190000,2590.639892578125
2017-11-08 00:00:00,2588.7099609375,2595.469970703125,2585.02001953125,3898450000,2594.3798828125
2017-11-09 00:00:00,2584.0,2586.5,2566.330078125,3844100000,2584.6201171875
2017-11-10 00:00:00,2580.179931640625,2583.81005859375,2575.570068359375,3489740000,2582.300048828125
2017-11-13 00:00:00,2576.530029296875,2587.659912109375,2574.47998046875,3405200000,2584.840087890625
2017-11-14 00:00:00,2577.75,2579.659912109375,2566.56005859375,3643580000,2578.8701171875
2017-11-15 00:00:00,2569.449951171875,2572.840087890625,2557.449951171875,3586590000,2564.6201171875
2017-11-16 00:00:00,2572.949951171875,2590.090087890625,2572.949951171875,3329730000,2585.639892578125
2017-11-17 00:00:00,2582.93994140625,2583.9599609375,2577.6201171875,3309800000,2578.85009765625
2017-11-20 00:00:00,2579.489990234375,2584.639892578125,2578.239990234375,3023940000,2582.139892578125
2017-11-21 00:00:00,2589.169921875,2601.18994140625,2589.169921875,3351230000,2599.030029296875
2017-11-22 00:00:00,2600.31005859375,2600.93994140625,2595.22998046875,2764110000,2597.080078125
2017-11-24 00:00:00,2600.419921875,2604.2099609375,2600.419921875,1385890000,2602.419921875
2017-11-27 00:00:00,2602.659912109375,2606.409912109375,2598.8701171875,3017720000,2601.419921875
2017-11-28 00:00:00,2605.93994140625,2627.68994140625,2605.43994140625,3493340000,2627.0400390625
2017-11-29 00:00:00,2627.820068359375,2634.889892578125,2620.320068359375,4090630000,2626.070068359375
2017-11-30 00:00:00,2633.929931640625,2657.739990234375,2633.929931640625,4965700000,2647.580078125
2017-12-01 00:00:00,2645.10009765625,2650.6201171875,2605.52001953125,3950930000,2642.219970703125
2017-12-04 00:00:00,2657.18994140625,2665.18994140625,2639.030029296875,4025840000,2639.43994140625
2017-12-05 00:00:00,2639.780029296875,2648.719970703125,2627.72998046875,3547570000,2629.570068359375
2017-12-06 00:00:00,2626.239990234375,2634.409912109375,2624.75,3253080000,2629.27001953125
2017-12-07 00:00:00,2628.3798828125,2640.989990234375,2626.530029296875,3297060000,2636.97998046875
2017-12-08 00:00:00,2646.2099609375,2651.64990234375,2644.10009765625,3126750000,2651.5
2017-12-11 00:00:00,2652.18994140625,2660.330078125,2651.469970703125,3141480000,2659.989990234375
2017-12-12 00:00:00,2661.72998046875,2669.719970703125,2659.780029296875,3568910000,2664.110107421875
2017-12-13 00:00:00,2667.590087890625,2671.8798828125,2662.85009765625,3568360000,2662.85009765625
2017-12-14 00:00:00,2665.8701171875,2668.090087890625,2652.010009765625,3442760000,2652.010009765625
2017-12-15 00:00:00,2660.6298828125,2679.6298828125,2659.139892578125,5736910000,2675.81005859375
2017-12-18 00:00:00,2685.919921875,2694.969970703125,2685.919921875,3727770000,2690.159912109375
2017-12-19 00:00:00,2692.7099609375,2694.43994140625,2680.739990234375,3407680000,2681.469970703125
2017-12-20 00:00:00,2688.179931640625,2691.010009765625,2676.110107421875,3246230000,2679.25
2017-12-21 00:00:00,2683.02001953125,2692.639892578125,2682.39990234375,3293130000,2684.570068359375
2017-12-22 00:00:00,2684.219970703125,2685.35009765625,2678.1298828125,2401030000,2683.340087890625
2017-12-26 00:00:00,2679.090087890625,2682.739990234375,2677.9599609375,1970660000,2680.5
2017-12-27 00:00:00,2682.10009765625,2685.639892578125,2678.909912109375,2202900000,2682.6201171875
2017-12-28 00:00:00,2686.10009765625,2687.659912109375,2682.68994140625,2174890000,2687.5400390625
2017-12-29 00:00:00,2689.14990234375,2692.1201171875,2673.610107421875,2447760000,2673.610107421875
2018-01-02 00:00:00,2683.72998046875,2695.889892578125,2682.360107421875,3397430000,2695.81005859375
2018-01-03 00:00:00,2697.85009765625,2714.3701171875,2697.77001953125,3544030000,2713.06005859375
2018-01-04 00:00:00,2719.31005859375,2729.2900390625,2719.070068359375,3697340000,2723.989990234375
2018-01-05 00:00:00,2731.330078125,2743.449951171875,2727.919921875,3239280000,2743.14990234375
2018-01-08 00:00:00,2742.669921875,2748.510009765625,2737.60009765625,3246160000,2747.7099609375
2018-01-09 00:00:00,2751.14990234375,2759.139892578125,2747.860107421875,3467460000,2751.2900390625
2018-01-10 00:00:00,2745.550048828125,2750.800048828125,2736.06005859375,3579900000,2748.22998046875
2018-01-11 00:00:00,2752.969970703125,2767.56005859375,2752.780029296875,3645690000,2767.56005859375
2018-01-12 00:00:00,2770.179931640625,2787.85009765625,2769.639892578125,3587220000,2786.239990234375
2018-01-16 00:00:00,2798.9599609375,2807.5400390625,2768.639892578125,4362880000,2776.419921875
2018-01-17 00:00:00,2784.989990234375,2807.0400390625,2778.3798828125,3790340000,2802.56005859375
2018-01-18 00:00:00,2802.39990234375,2805.830078125,2792.56005859375,3703300000,2798.030029296875
2018-01-19 00:00:00,2802.60009765625,2810.330078125,2798.080078125,3724230000,2810.300048828125
2018-01-22 00:00:00,2809.159912109375,2833.030029296875,2808.1201171875,3489480000,2832.969970703125
2018-01-23 00:00:00,2835.050048828125,2842.239990234375,2830.590087890625,3541140000,2839.1298828125
2018-01-24 00:00:00,2845.419921875,2852.969970703125,2824.81005859375,4079270000,2837.5400390625
2018-01-25 00:00:00,2846.239990234375,2848.56005859375,2830.93994140625,3873100000,2839.25
2018-01-26 00:00:00,2847.47998046875,2872.8701171875,2846.179931640625,3474680000,2872.8701171875
2018-01-29 00:00:00,2867.22998046875,2870.6201171875,2851.47998046875,3587420000,2853.530029296875
2018-01-30 00:00:00,2832.739990234375,2837.75,2818.27001953125,4012070000,2822.429931640625
2018-01-31 00:00:00,2832.409912109375,2839.260009765625,2813.0400390625,4276270000,2823.81005859375
2018-02-01 00:00:00,2816.449951171875,2835.9599609375,2812.699951171875,3977380000,2821.97998046875
2018-02-02 00:00:00,2808.919921875,2808.919921875,2759.969970703125,4340220000,2762.1298828125
2018-02-05 00:00:00,2741.06005859375,2763.389892578125,2638.169921875,5310840000,2648.93994140625
2018-02-06 00:00:00,2614.780029296875,2701.0400390625,2593.070068359375,5917350000,2695.139892578125
2018-02-07 00:00:00,2690.949951171875,2727.669921875,2681.330078125,4646300000,2681.659912109375
2018-02-08 00:00:00,2685.010009765625,2685.27001953125,2580.56005859375,5333840000,2581.0
2018-02-09 00:00:00,2601.780029296875,2638.669921875,2532.68994140625,5690110000,2619.550048828125
2018-02-12 00:00:00,2636.75,2672.610107421875,2622.449951171875,4069220000,2656.0
2018-02-13 00:00:00,2646.27001953125,2668.840087890625,2637.080078125,3503540000,2662.93994140625
2018-02-14 00:00:00,2651.2099609375,2702.10009765625,2648.8701171875,4011940000,2698.6298828125
2018-02-15 00:00:00,2713.4599609375,2731.510009765625,2689.820068359375,3696140000,2731.199951171875
2018-02-16 00:00:00,2727.139892578125,2754.419921875,2725.110107421875,3646920000,2732.219970703125
2018-02-20 00:00:00,2722.989990234375,2737.60009765625,2706.760009765625,3646920000,2716.260009765625
2018-02-21 00:00:00,2720.530029296875,2747.75,2701.2900390625,3789040000,2701.330078125
2018-02-22 00:00:00,2710.419921875,2731.260009765625,2697.77001953125,3720620000,2703.9599609375
2018-02-23 00:00:00,2715.800048828125,2747.760009765625,2713.739990234375,3200360000,2747.300048828125
2018-02-26 00:00:00,2757.3701171875,2780.639892578125,2753.780029296875,3436590000,2779.60009765625
2018-02-27 00:00:00,2780.449951171875,2789.14990234375,2744.219970703125,3752070000,2744.280029296875
2018-02-28 00:00:00,2753.780029296875,2761.52001953125,2713.5400390625,4244570000,2713.830078125
2018-03-01 00:00:00,2715.219970703125,2730.889892578125,2659.64990234375,4514490000,2677.669921875
2018-03-02 00:00:00,2658.889892578125,2696.25,2647.320068359375,3891250000,2691.25
2018-03-05 00:00:00,2681.06005859375,2728.090087890625,2675.75,3733640000,2720.93994140625
2018-03-06 00:00:00,2730.179931640625,2732.080078125,2711.260009765625,3389030000,2728.1201171875
2018-03-07 00:00:00,2710.179931640625,2730.60009765625,2701.739990234375,3406690000,2726.800048828125
2018-03-08 00:00:00,2732.75,2740.449951171875,2722.64990234375,3206040000,2738.969970703125
2018-03-09 00:00:00,2752.909912109375,2786.570068359375,2751.5400390625,3376870000,2786.570068359375
2018-03-12 00:00:00,2790.5400390625,2796.97998046875,2779.260009765625,3216960000,2783.02001953125
2018-03-13 00:00:00,2792.31005859375,2801.89990234375,2758.679931640625,3324290000,2765.31005859375
2018-03-14 00:00:00,2774.06005859375,2777.110107421875,2744.3798828125,3394630000,2749.47998046875
2018-03-15 00:00:00,2754.27001953125,2763.030029296875,2741.469970703125,3543710000,2747.330078125
2018-03-16 00:00:00,2750.570068359375,2761.85009765625,2749.969970703125,5429140000,2752.010009765625
2018-03-19 00:00:00,2741.3798828125,2741.3798828125,2694.590087890625,3327460000,2712.919921875
2018-03-20 00:00:00,2715.050048828125,2724.219970703125,2710.050048828125,3272590000,2716.93994140625
2018-03-21 00:00:00,2714.989990234375,2739.139892578125,2709.7900390625,3434780000,2711.929931640625
2018-03-22 00:00:00,2691.360107421875,2695.679931640625,2641.590087890625,3765460000,2643.68994140625
2018-03-23 00:00:00,2646.7099609375,2657.669921875,2585.889892578125,3829380000,2588.260009765625
2018-03-26 00:00:00,2619.35009765625,2661.360107421875,2601.81005859375,3538080000,2658.550048828125
2018-03-27 00:00:00,2667.570068359375,2674.780029296875,2596.1201171875,3761320000,2612.6201171875
2018-03-28 00:00:00,2611.300048828125,2632.64990234375,2593.06005859375,3875720000,2605.0
2018-03-29 00:00:00,2614.409912109375,2659.070068359375,2609.719970703125,3572360000,2640.8701171875
2018-04-02 00:00:00,2633.449951171875,2638.300048828125,2553.800048828125,3635780000,2581.8798828125
2018-04-03 00:00:00,2592.169921875,2619.139892578125,2575.489990234375,3395840000,2614.449951171875
2018-04-04 00:00:00,2584.0400390625,2649.860107421875,2573.610107421875,3369230000,2644.68994140625
2018-04-05 00:00:00,2657.360107421875,2672.080078125,2649.580078125,3230430000,2662.840087890625
2018-04-06 00:00:00,2645.820068359375,2656.8798828125,2586.27001953125,3312390000,2604.469970703125
2018-04-09 00:00:00,2617.179931640625,2653.550048828125,2610.7900390625,3076140000,2613.159912109375
2018-04-10 00:00:00,2638.409912109375,2665.449951171875,2635.780029296875,3579130000,2656.8701171875
2018-04-11 00:00:00,2643.889892578125,2661.429931640625,2639.25,3054520000,2642.18994140625
2018-04-12 00:00:00,2653.830078125,2674.719970703125,2653.830078125,3045330000,2663.989990234375
2018-04-13 00:00:00,2676.89990234375,2680.260009765625,2645.050048828125,2988540000,2656.300048828125
2018-04-16 00:00:00,2670.10009765625,2686.489990234375,2665.159912109375,3020740000,2677.840087890625
2018-04-17 00:00:00,2692.739990234375,2713.340087890625,2692.050048828125,3286190000,2706.389892578125
2018-04-18 00:00:00,2710.110107421875,2717.489990234375,2703.6298828125,3412030000,2708.639892578125
2018-04-19 00:00:00,2701.159912109375,2702.840087890625,2681.89990234375,3375120000,2693.1298828125
2018-04-20 00:00:00,2692.56005859375,2693.93994140625,2660.610107421875,3428260000,2670.139892578125
2018-04-23 00:00:00,2675.39990234375,2682.860107421875,2657.989990234375,3030390000,2670.2900390625
2018-04-24 00:00:00,2680.800048828125,2683.550048828125,2617.320068359375,3716020000,2634.56005859375
2018-04-25 00:00:00,2634.919921875,2645.300048828125,2612.669921875,3563680000,2639.39990234375
2018-04-26 00:00:00,2651.64990234375,2676.47998046875,2647.159912109375,3690920000,2666.93994140625
2018-04-27 00:00:00,2675.469970703125,2677.35009765625,2659.010009765625,3234510000,2669.909912109375
2018-04-30 00:00:00,2682.510009765625,2682.8701171875,2648.0400390625,3749510000,2648.050048828125
2018-05-01 00:00:00,2642.9599609375,2655.27001953125,2625.409912109375,3562820000,2654.800048828125
2018-05-02 00:00:00,2654.239990234375,2660.8701171875,2631.699951171875,4047020000,2635.669921875
2018-05-03 00:00:00,2628.080078125,2637.139892578125,2594.6201171875,3867530000,2629.72998046875
2018-05-04 00:00:00,2621.449951171875,2670.929931640625,2615.320068359375,3335260000,2663.419921875
2018-05-07 00:00:00,2680.340087890625,2683.35009765625,2664.699951171875,3266810000,2672.6298828125
2018-05-08 00:00:00,2670.260009765625,2676.340087890625,2655.199951171875,3745100000,2671.919921875
2018-05-09 00:00:00,2678.1201171875,2701.27001953125,2674.139892578125,3913650000,2697.7900390625
2018-05-10 00:00:00,2705.02001953125,2726.110107421875,2704.5400390625,3380640000,2723.070068359375
2018-05-11 00:00:00,2722.699951171875,2732.860107421875,2717.449951171875,2874850000,2727.719970703125
2018-05-14 00:00:00,2738.469970703125,2742.10009765625,2725.469970703125,2994360000,2730.1298828125
2018-05-15 00:00:00,2718.590087890625,2718.590087890625,2701.909912109375,3291190000,2711.449951171875
2018-05-16 00:00:00,2712.6201171875,2727.760009765625,2712.169921875,3248480000,2722.4599609375
2018-05-17 00:00:00,2719.7099609375,2731.9599609375,2711.360107421875,3478150000,2720.1298828125
2018-05-18 00:00:00,2717.35009765625,2719.5,2709.179931640625,3383270000,2712.969970703125
2018-05-21 00:00:00,2735.389892578125,2739.18994140625,2725.699951171875,3053480000,2733.010009765625
2018-05-22 00:00:00,2738.340087890625,2742.239990234375,2721.8798828125,3384140000,2724.43994140625
2018-05-23 00:00:00,2713.97998046875,2733.330078125,2709.5400390625,3333160000,2733.2900390625
2018-05-24 00:00:00,2730.93994140625,2731.969970703125,2707.3798828125,3285750000,2727.760009765625
2018-05-25 00:00:00,2723.60009765625,2727.360107421875,2714.989990234375,3015260000,2721.330078125
2018-05-29 00:00:00,2705.110107421875,2710.669921875,2676.81005859375,3743310000,2689.860107421875
2018-05-30 00:00:00,2702.429931640625,2729.340087890625,2702.429931640625,3566490000,2724.010009765625
2018-05-31 00:00:00,2720.97998046875,2722.5,2700.679931640625,4241100000,2705.27001953125
2018-06-01 00:00:00,2718.699951171875,2736.929931640625,2718.699951171875,3694310000,2734.6201171875
2018-06-04 00:00:00,2741.669921875,2749.159912109375,2740.5400390625,3410090000,2746.8701171875
2018-06-05 00:00:00,2748.4599609375,2752.610107421875,2739.510009765625,3523550000,2748.800048828125
2018-06-06 00:00:00,2753.25,2772.389892578125,2748.4599609375,3662780000,2772.35009765625
2018-06-07 00:00:00,2774.840087890625,2779.89990234375,2760.159912109375,3742080000,2770.3701171875
2018-06-08 00:00:00,2765.840087890625,2779.389892578125,2763.590087890625,3138850000,2779.030029296875
2018-06-11 00:00:00,2780.179931640625,2790.2099609375,2780.169921875,3262130000,2782.0
2018-06-12 00:00:00,2785.60009765625,2789.800048828125,2778.780029296875,3435700000,2786.85009765625
2018-06-13 00:00:00,2787.93994140625,2791.469970703125,2774.64990234375,3820770000,2775.6298828125
2018-06-14 00:00:00,2783.2099609375,2789.06005859375,2776.52001953125,3540930000,2782.489990234375
2018-06-15 00:00:00,2777.780029296875,2782.81005859375,2761.72998046875,5451990000,2779.659912109375
2018-06-18 00:00:00,2765.7900390625,2774.989990234375,2757.1201171875,3316120000,2773.75
2018-06-19 00:00:00,2752.010009765625,2765.050048828125,2743.18994140625,3671160000,2762.590087890625
2018-06-20 00:00:00,2769.72998046875,2774.860107421875,2763.909912109375,3332140000,2767.320068359375
2018-06-21 00:00:00,2769.280029296875,2769.280029296875,2744.389892578125,3336580000,2749.760009765625
2018-06-22 00:00:00,2760.7900390625,2764.169921875,2752.679931640625,5468110000,2754.8798828125
2018-06-25 00:00:00,2742.93994140625,2742.93994140625,2698.669921875,3663280000,2717.070068359375
2018-06-26 00:00:00,2722.1201171875,2732.909912109375,2715.60009765625,3568900000,2723.06005859375
2018-06-27 00:00:00,2728.449951171875,2746.090087890625,2699.3798828125,3803990000,2699.6298828125
2018-06-28 00:00:00,2698.68994140625,2724.340087890625,2691.989990234375,3461100000,2716.31005859375
2018-06-29 00:00:00,2727.1298828125,2743.260009765625,2718.030029296875,3586800000,2718.3701171875
2018-07-02 00:00:00,2704.949951171875,2727.260009765625,2698.949951171875,3095040000,2726.7099609375
2018-07-03 00:00:00,2733.27001953125,2736.580078125,2711.159912109375,1911460000,2713.219970703125
2018-07-05 00:00:00,2724.18994140625,2737.830078125,2716.02001953125,2980160000,2736.610107421875
2018-07-06 00:00:00,2737.679931640625,2764.409912109375,2733.52001953125,2590250000,2759.820068359375
2018-07-09 00:00:00,2775.6201171875,2784.64990234375,2770.72998046875,3070060000,2784.169921875
2018-07-10 00:00:00,2788.56005859375,2795.580078125,2786.239990234375,3080140000,2793.840087890625
2018-07-11 00:00:00,2779.820068359375,2785.909912109375,2770.77001953125,2986180000,2774.02001953125
2018-07-12 00:00:00,2783.139892578125,2799.219970703125,2781.530029296875,2834230000,2798.2900390625
2018-07-13 00:00:00,2796.929931640625,2804.530029296875,2791.68994140625,2619790000,2801.31005859375
2018-07-16 00:00:00,2797.360107421875,2801.18994140625,2793.389892578125,2819860000,2798.429931640625
2018-07-17 00:00:00,2789.340087890625,2814.18994140625,2789.239990234375,3064920000,2809.550048828125
2018-07-18 00:00:00,2811.35009765625,2816.760009765625,2805.889892578125,3111560000,2815.6201171875
2018-07-19 00:00:00,2809.3701171875,2812.050048828125,2799.77001953125,3278360000,2804.489990234375
2018-07-20 00:00:00,2804.550048828125,2809.699951171875,2800.010009765625,3243250000,2801.830078125
2018-07-23 00:00:00,2799.169921875,2808.610107421875,2795.139892578125,2928490000,2806.97998046875
2018-07-24 00:00:00,2820.679931640625,2829.989990234375,2811.1201171875,3430410000,2820.39990234375
2018-07-25 00:00:00,2817.72998046875,2848.030029296875,2817.72998046875,3584400000,2846.070068359375
2018-07-26 00:00:00,2835.489990234375,2845.570068359375,2835.260009765625,3667290000,2837.43994140625
2018-07-27 00:00:00,2842.35009765625,2843.169921875,2808.340087890625,3434370000,2818.820068359375
2018-07-30 00:00:00,2819.0,2821.739990234375,2798.110107421875,3261190000,2802.60009765625
2018-07-31 00:00:00,2809.72998046875,2824.4599609375,2808.06005859375,3906890000,2816.2900390625
2018-08-01 00:00:00,2821.169921875,2825.830078125,2805.85009765625,3501350000,2813.360107421875
2018-08-02 00:00:00,2800.47998046875,2829.909912109375,2796.340087890625,3501380000,2827.219970703125
2018-08-03 00:00:00,2829.6201171875,2840.3798828125,2827.3701171875,3043690000,2840.35009765625
2018-08-06 00:00:00,2840.2900390625,2853.2900390625,2835.97998046875,2879020000,2850.39990234375
2018-08-07 00:00:00,2855.919921875,2863.429931640625,2855.919921875,3185440000,2858.449951171875
2018-08-08 00:00:00,2856.7900390625,2862.43994140625,2853.090087890625,2978070000,2857.699951171875
2018-08-09 00:00:00,2857.18994140625,2862.47998046875,2851.97998046875,3066180000,2853.580078125
2018-08-10 00:00:00,2838.89990234375,2842.199951171875,2825.81005859375,3265590000,2833.280029296875
2018-08-13 00:00:00,2835.4599609375,2843.39990234375,2819.8798828125,3173630000,2821.929931640625
2018-08-14 00:00:00,2827.8798828125,2843.110107421875,2826.580078125,2986500000,2839.9599609375
2018-08-15 00:00:00,2827.949951171875,2827.949951171875,2802.489990234375,3656680000,2818.3701171875
2018-08-16 00:00:00,2831.43994140625,2850.489990234375,2831.43994140625,3232000000,2840.68994140625
2018-08-17 00:00:00,2838.320068359375,2855.6298828125,2833.72998046875,3037640000,2850.1298828125
2018-08-20 00:00:00,2853.929931640625,2859.760009765625,2850.6201171875,2757150000,2857.050048828125
2018-08-21 00:00:00,2861.510009765625,2873.22998046875,2861.320068359375,3174010000,2862.9599609375
2018-08-22 00:00:00,2860.989990234375,2867.5400390625,2856.050048828125,2701250000,2861.820068359375
2018-08-23 00:00:00,2860.2900390625,2868.780029296875,2854.030029296875,2724450000,2856.97998046875
2018-08-24 00:00:00,2862.35009765625,2876.159912109375,2862.35009765625,2603010000,2874.68994140625
2018-08-27 00:00:00,2884.68994140625,2898.25,2884.68994140625,2865070000,2896.739990234375
2018-08-28 00:00:00,2901.449951171875,2903.77001953125,2893.5,2687770000,2897.52001953125
2018-08-29 00:00:00,2900.6201171875,2916.5,2898.39990234375,2805520000,2914.0400390625
2018-08-30 00:00:00,2908.93994140625,2912.4599609375,2895.219970703125,2810450000,2901.1298828125
2018-08-31 00:00:00,2898.3701171875,2906.320068359375,2891.72998046875,2887220000,2901.52001953125
2018-09-04 00:00:00,2896.9599609375,2900.179931640625,2885.1298828125,3087420000,2896.719970703125
2018-09-05 00:00:00,2891.590087890625,2894.2099609375,2876.919921875,3248780000,2888.60009765625
2018-09-06 00:00:00,2888.639892578125,2892.050048828125,2867.2900390625,3144240000,2878.050048828125
2018-09-07 00:00:00,2868.260009765625,2883.81005859375,2864.1201171875,2976580000,2871.679931640625
2018-09-10 00:00:00,2881.389892578125,2886.929931640625,2875.93994140625,2751100000,2877.1298828125
2018-09-11 00:00:00,2871.570068359375,2892.52001953125,2866.780029296875,2904500000,2887.889892578125
2018-09-12 00:00:00,2888.2900390625,2894.64990234375,2879.199951171875,3341280000,2888.919921875
2018-09-13 00:00:00,2896.85009765625,2906.760009765625,2896.389892578125,3274090000,2904.179931640625
2018-09-14 00:00:00,2906.3798828125,2908.300048828125,2895.77001953125,3179410000,2904.97998046875
2018-09-17 00:00:00,2903.830078125,2904.64990234375,2886.159912109375,2967980000,2888.800048828125
2018-09-18 00:00:00,2890.739990234375,2911.169921875,2890.429931640625,3091190000,2904.31005859375
2018-09-19 00:00:00,2906.60009765625,2912.360107421875,2903.820068359375,3302460000,2907.949951171875
2018-09-20 00:00:00,2919.72998046875,2934.800048828125,2919.72998046875,3406520000,2930.75
2018-09-21 00:00:00,2936.760009765625,2940.909912109375,2927.110107421875,5652470000,2929.669921875
2018-09-24 00:00:00,2921.830078125,2923.7900390625,2912.6298828125,3392030000,2919.3701171875
2018-09-25 00:00:00,2921.75,2923.949951171875,2913.699951171875,3330880000,2915.56005859375
2018-09-26 00:00:00,2916.97998046875,2931.14990234375,2903.280029296875,3417540000,2905.969970703125
2018-09-27 00:00:00,2911.64990234375,2927.219970703125,2909.27001953125,3101360000,2914.0
2018-09-28 00:00:00,2910.030029296875,2920.530029296875,2907.5,3461680000,2913.97998046875
2018-10-01 00:00:00,2926.2900390625,2937.06005859375,2917.909912109375,3375890000,2924.590087890625
2018-10-02 00:00:00,2923.800048828125,2931.419921875,2919.3701171875,3432620000,2923.429931640625
2018-10-03 00:00:00,2931.68994140625,2939.860107421875,2921.360107421875,3625510000,2925.510009765625
2018-10-04 00:00:00,2919.35009765625,2919.780029296875,2883.919921875,3510370000,2901.610107421875
2018-10-05 00:00:00,2902.5400390625,2909.639892578125,2869.2900390625,3340820000,2885.570068359375
2018-10-08 00:00:00,2877.530029296875,2889.449951171875,2862.080078125,3381820000,2884.429931640625
2018-10-09 00:00:00,2882.510009765625,2894.830078125,2874.27001953125,3531690000,2880.340087890625
2018-10-10 00:00:00,2873.89990234375,2874.02001953125,2784.860107421875,4554260000,2785.679931640625
2018-10-11 00:00:00,2776.8701171875,2795.139892578125,2710.510009765625,4914090000,2728.3701171875
2018-10-12 00:00:00,2770.5400390625,2775.77001953125,2729.43994140625,4024010000,2767.1298828125
2018-10-15 00:00:00,2763.830078125,2775.989990234375,2749.030029296875,3327160000,2750.7900390625
2018-10-16 00:00:00,2767.050048828125,2813.4599609375,2766.909912109375,3460260000,2809.919921875
2018-10-17 00:00:00,2811.669921875,2816.93994140625,2781.81005859375,3347090000,2809.2099609375
2018-10-18 00:00:00,2802.0,2806.0400390625,2755.179931640625,3639300000,2768.780029296875
2018-10-19 00:00:00,2775.659912109375,2797.77001953125,2760.27001953125,3593940000,2767.780029296875
2018-10-22 00:00:00,2773.93994140625,2778.93994140625,2749.219970703125,3331270000,2755.8798828125
2018-10-23 00:00:00,2721.030029296875,2753.590087890625,2691.429931640625,4373710000,2740.68994140625
2018-10-24 00:00:00,2737.8701171875,2742.590087890625,2651.889892578125,4738670000,2656.10009765625
2018-10-25 00:00:00,2674.8798828125,2722.699951171875,2667.840087890625,4663930000,2705.570068359375
2018-10-26 00:00:00,2667.860107421875,2692.3798828125,2628.159912109375,4804330000,2658.68994140625
2018-10-29 00:00:00,2682.64990234375,2706.85009765625,2603.5400390625,4701260000,2641.25
2018-10-30 00:00:00,2640.679931640625,2685.429931640625,2635.340087890625,5125600000,2682.6298828125
2018-10-31 00:00:00,2705.60009765625,2736.68994140625,2705.60009765625,5133380000,2711.739990234375
2018-11-01 00:00:00,2717.580078125,2741.669921875,2708.85009765625,4730250000,2740.3701171875
2018-11-02 00:00:00,2745.449951171875,2756.550048828125,2700.43994140625,4261230000,2723.06005859375
2018-11-05 00:00:00,2726.3701171875,2744.27001953125,2717.93994140625,3650910000,2738.31005859375
2018-11-06 00:00:00,2738.39990234375,2756.820068359375,2737.080078125,3543800000,2755.449951171875
2018-11-07 00:00:00,2774.1298828125,2815.14990234375,2774.1298828125,3929080000,2813.889892578125
2018-11-08 00:00:00,2806.3798828125,2814.75,2794.989990234375,3673550000,2806.830078125
2018-11-09 00:00:00,2794.10009765625,2794.10009765625,2764.239990234375,4029030000,2781.010009765625
2018-11-12 00:00:00,2773.929931640625,2775.989990234375,2722.0,3701570000,2726.219970703125
2018-11-13 00:00:00,2730.050048828125,2754.60009765625,2714.97998046875,4112820000,2722.179931640625
2018-11-14 00:00:00,2737.89990234375,2746.800048828125,2685.75,4449060000,2701.580078125
2018-11-15 00:00:00,2693.52001953125,2735.3798828125,2670.75,4204960000,2730.199951171875
2018-11-16 00:00:00,2718.5400390625,2746.75,2712.159912109375,3996970000,2736.27001953125
2018-11-19 00:00:00,2730.739990234375,2733.159912109375,2681.090087890625,3806940000,2690.72998046875
2018-11-20 00:00:00,2654.60009765625,2669.43994140625,2631.52001953125,4370820000,2641.889892578125
2018-11-21 00:00:00,2657.739990234375,2670.72998046875,2649.820068359375,3237400000,2649.929931640625
2018-11-23 00:00:00,2633.360107421875,2647.550048828125,2631.090087890625,1651680000,2632.56005859375
2018-11-26 00:00:00,2649.969970703125,2674.35009765625,2649.969970703125,3523520000,2673.449951171875
2018-11-27 00:00:00,2663.75,2682.530029296875,2655.889892578125,3494380000,2682.169921875
2018-11-28 00:00:00,2691.449951171875,2744.0,2684.3798828125,3984540000,2743.7900390625
2018-11-29 00:00:00,2736.969970703125,2753.75,2722.93994140625,3599200000,2737.800048828125
2018-11-30 00:00:00,2737.760009765625,2760.8798828125,2732.760009765625,4668310000,2760.169921875
2018-12-03 00:00:00,2790.5,2800.179931640625,2773.3798828125,4221580000,2790.3701171875
2018-12-04 00:00:00,2782.429931640625,2785.929931640625,2697.179931640625,4515710000,2700.06005859375
2018-12-06 00:00:00,2663.510009765625,2696.14990234375,2621.530029296875,5180430000,2695.949951171875
2018-12-07 00:00:00,2691.260009765625,2708.5400390625,2623.139892578125,4242240000,2633.080078125
2018-12-10 00:00:00,2630.860107421875,2647.510009765625,2583.22998046875,4162880000,2637.719970703125
2018-12-11 00:00:00,2664.43994140625,2674.35009765625,2621.300048828125,3963440000,2636.780029296875
2018-12-12 00:00:00,2658.22998046875,2685.43994140625,2650.260009765625,4029300000,2651.070068359375
2018-12-13 00:00:00,2658.699951171875,2670.18994140625,2637.27001953125,3978340000,2650.5400390625
2018-12-14 00:00:00,2629.679931640625,2635.070068359375,2593.840087890625,4064370000,2599.949951171875
2018-12-17 00:00:00,2590.75,2601.1298828125,2530.5400390625,4661420000,2545.93994140625
2018-12-18 00:00:00,2559.89990234375,2573.989990234375,2528.7099609375,4519190000,2546.159912109375
2018-12-19 00:00:00,2547.050048828125,2585.2900390625,2488.9599609375,5152830000,2506.9599609375
2018-12-20 00:00:00,2496.77001953125,2509.6298828125,2441.179931640625,5619780000,2467.419921875
2018-12-21 00:00:00,2465.3798828125,2504.409912109375,2408.550048828125,7657890000,2416.6201171875
2018-12-24 00:00:00,2400.56005859375,2410.340087890625,2351.10009765625,2613670000,2351.10009765625
2018-12-26 00:00:00,2363.1201171875,2467.760009765625,2346.580078125,4249740000,2467.699951171875
2018-12-27 00:00:00,2442.5,2489.10009765625,2397.93994140625,4139010000,2488.830078125
2018-12-28 00:00:00,2498.77001953125,2520.27001953125,2472.889892578125,3728440000,2485.739990234375
2018-12-31 00:00:00,2498.93994140625,2509.239990234375,2482.820068359375,3461920000,2506.85009765625
2019-01-02 00:00:00,2476.9599609375,2519.489990234375,2467.469970703125,3733160000,2510.030029296875
2019-01-03 00:00:00,2491.919921875,2493.139892578125,2443.9599609375,3858830000,2447.889892578125
2019-01-04 00:00:00,2474.330078125,2538.070068359375,2474.330078125,4234140000,2531.93994140625
2019-01-07 00:00:00,2535.610107421875,2566.159912109375,2524.56005859375,4133120000,2549.68994140625
2019-01-08 00:00:00,2568.110107421875,2579.820068359375,2547.56005859375,4120060000,2574.409912109375
2019-01-09 00:00:00,2580.0,2595.320068359375,2568.889892578125,4088740000,2584.9599609375
2019-01-10 00:00:00,2573.510009765625,2597.820068359375,2562.02001953125,3721300000,2596.639892578125
2019-01-11 00:00:00,2588.110107421875,2596.27001953125,2577.39990234375,3447460000,2596.260009765625
2019-01-14 00:00:00,2580.31005859375,2589.320068359375,2570.409912109375,3689370000,2582.610107421875
2019-01-15 00:00:00,2585.10009765625,2613.080078125,2585.10009765625,3601180000,2610.300048828125
2019-01-16 00:00:00,2614.75,2625.760009765625,2612.679931640625,3882180000,2616.10009765625
2019-01-17 00:00:00,2609.280029296875,2645.06005859375,2606.360107421875,3802410000,2635.9599609375
2019-01-18 00:00:00,2651.27001953125,2675.469970703125,2647.580078125,4009010000,2670.7099609375
2019-01-22 00:00:00,2657.8798828125,2657.8798828125,2617.27001953125,3923950000,2632.89990234375
2019-01-23 00:00:00,2643.47998046875,2653.18994140625,2612.860107421875,3358770000,2638.699951171875
2019-01-24 00:00:00,2638.840087890625,2647.199951171875,2627.010009765625,3449230000,2642.330078125
2019-01-25 00:00:00,2657.43994140625,2672.3798828125,2657.330078125,3821000000,2664.760009765625
2019-01-28 00:00:00,2644.969970703125,2644.969970703125,2624.06005859375,3630820000,2643.85009765625
2019-01-29 00:00:00,2644.889892578125,2650.929931640625,2631.050048828125,3518070000,2640.0
2019-01-30 00:00:00,2653.6201171875,2690.43994140625,2648.340087890625,3883270000,2681.050048828125
2019-01-31 00:00:00,2685.489990234375,2708.949951171875,2678.64990234375,4953800000,2704.10009765625
2019-02-01 00:00:00,2702.320068359375,2716.659912109375,2696.8798828125,3782490000,2706.530029296875
2019-02-04 00:00:00,2706.489990234375,2724.989990234375,2698.75,3369450000,2724.8701171875
2019-02-05 00:00:00,2728.340087890625,2738.97998046875,2724.030029296875,3597620000,2737.699951171875
2019-02-06 00:00:00,2735.050048828125,2738.080078125,2724.14990234375,3486590000,2731.610107421875
2019-02-07 00:00:00,2717.530029296875,2719.320068359375,2687.260009765625,4114040000,2706.050048828125
2019-02-08 00:00:00,2692.360107421875,2708.070068359375,2681.830078125,3649510000,2707.8798828125
2019-02-11 00:00:00,2712.39990234375,2718.050048828125,2703.7900390625,3395330000,2709.800048828125
2019-02-12 00:00:00,2722.610107421875,2748.18994140625,2722.610107421875,3843020000,2744.72998046875
2019-02-13 00:00:00,2750.300048828125,2761.85009765625,2748.6298828125,3684910000,2753.030029296875
2019-02-14 00:00:00,2743.5,2757.89990234375,2731.22998046875,3845390000,2745.72998046875
2019-02-15 00:00:00,2760.239990234375,2775.659912109375,2760.239990234375,3648680000,2775.60009765625
2019-02-19 00:00:00,2769.280029296875,2787.330078125,2767.2900390625,3535270000,2779.760009765625
2019-02-20 00:00:00,2779.050048828125,2789.8798828125,2774.06005859375,3904830000,2784.699951171875
2019-02-21 00:00:00,2780.239990234375,2781.580078125,2764.550048828125,3598260000,2774.8798828125
2019-02-22 00:00:00,2780.669921875,2794.199951171875,2779.110107421875,3429350000,2792.669921875
2019-02-25 00:00:00,2804.35009765625,2813.489990234375,2794.989990234375,3860260000,2796.110107421875
2019-02-26 00:00:00,2792.360107421875,2803.1201171875,2789.469970703125,3676200000,2793.89990234375
2019-02-27 00:00:00,2787.5,2795.760009765625,2775.1298828125,3771790000,2792.3798828125
2019-02-28 00:00:00,2788.110107421875,2793.72998046875,2782.510009765625,4445780000,2784.489990234375
2019-03-01 00:00:00,2798.219970703125,2808.02001953125,2787.3798828125,3994950000,2803.68994140625
2019-03-04 00:00:00,2814.3701171875,2816.8798828125,2767.659912109375,3949730000,2792.81005859375
2019-03-05 00:00:00,2794.409912109375,2796.43994140625,2782.969970703125,3631380000,2789.64990234375
2019-03-06 00:00:00,2790.27001953125,2790.27001953125,2768.68994140625,3800180000,2771.449951171875
2019-03-07 00:00:00,2766.530029296875,2767.25,2739.090087890625,3932150000,2748.929931640625
2019-03-08 00:00:00,2730.7900390625,2744.1298828125,2722.27001953125,3424300000,2743.070068359375
2019-03-11 00:00:00,2747.610107421875,2784.0,2747.610107421875,3764850000,2783.300048828125
2019-03-12 00:00:00,2787.340087890625,2798.320068359375,2786.72998046875,3432340000,2791.52001953125
2019-03-13 00:00:00,2799.780029296875,2821.239990234375,2799.780029296875,3782250000,2810.919921875
2019-03-14 00:00:00,2810.3798828125,2815.0,2803.4599609375,3505670000,2808.47998046875
2019-03-15 00:00:00,2810.7900390625,2830.72998046875,2810.7900390625,5969780000,2822.47998046875
2019-03-18 00:00:00,2822.610107421875,2835.409912109375,2821.989990234375,3620770000,2832.93994140625
2019-03-19 00:00:00,2840.760009765625,2852.419921875,2823.27001953125,3650740000,2832.570068359375
2019-03-20 00:00:00,2831.340087890625,2843.5400390625,2812.429931640625,3779160000,2824.22998046875
2019-03-21 00:00:00,2819.719970703125,2860.31005859375,2817.3798828125,3612620000,2854.8798828125
2019-03-22 00:00:00,2844.52001953125,2846.159912109375,2800.469970703125,4253730000,2800.7099609375
2019-03-25 00:00:00,2796.010009765625,2809.7900390625,2785.02001953125,3406110000,2798.360107421875
2019-03-26 00:00:00,2812.659912109375,2829.8701171875,2803.989990234375,3288570000,2818.4599609375
2019-03-27 00:00:00,2819.719970703125,2825.56005859375,2787.719970703125,3422400000,2805.3701171875
2019-03-28 00:00:00,2809.39990234375,2819.7099609375,2798.77001953125,3185460000,2815.43994140625
2019-03-29 00:00:00,2828.27001953125,2836.030029296875,2819.22998046875,3752520000,2834.39990234375
2019-04-01 00:00:00,2848.6298828125,2869.39990234375,2848.6298828125,3560090000,2867.18994140625
2019-04-02 00:00:00,2868.239990234375,2872.89990234375,2858.75,3267210000,2867.239990234375
2019-04-03 00:00:00,2876.090087890625,2885.25,2865.169921875,3570000000,2873.39990234375
2019-04-04 00:00:00,2873.989990234375,2881.280029296875,2867.139892578125,3038740000,2879.389892578125
2019-04-05 00:00:00,2884.159912109375,2893.239990234375,2882.989990234375,3155970000,2892.739990234375
2019-04-08 00:00:00,2888.4599609375,2895.949951171875,2880.780029296875,3056460000,2895.77001953125
2019-04-09 00:00:00,2886.580078125,2886.8798828125,2873.330078125,3032480000,2878.199951171875
2019-04-10 00:00:00,2881.3701171875,2889.7099609375,2879.1298828125,3092230000,2888.2099609375
2019-04-11 00:00:00,2891.919921875,2893.419921875,2881.989990234375,2970650000,2888.320068359375
2019-04-12 00:00:00,2900.860107421875,2910.5400390625,2898.3701171875,3726050000,2907.409912109375
2019-04-15 00:00:00,2908.320068359375,2909.60009765625,2896.47998046875,3114530000,2905.580078125
2019-04-16 00:00:00,2912.260009765625,2916.06005859375,2900.7099609375,3403120000,2907.06005859375
2019-04-17 00:00:00,2916.0400390625,2918.0,2895.449951171875,3648100000,2900.449951171875
2019-04-18 00:00:00,2904.81005859375,2908.39990234375,2891.89990234375,3507100000,2905.030029296875
2019-04-22 00:00:00,2898.780029296875,2909.510009765625,2896.35009765625,3010130000,2907.969970703125
2019-04-23 00:00:00,2909.989990234375,2936.31005859375,2908.530029296875,3674480000,2933.679931640625
2019-04-24 00:00:00,2934.0,2936.830078125,2926.050048828125,3468480000,2927.25
2019-04-25 00:00:00,2928.989990234375,2933.10009765625,2912.840087890625,3440010000,2926.169921875
2019-04-26 00:00:00,2925.81005859375,2939.8798828125,2917.56005859375,3264390000,2939.8798828125
2019-04-29 00:00:00,2940.580078125,2949.52001953125,2939.35009765625,3150390000,2943.030029296875
2019-04-30 00:00:00,2937.139892578125,2948.219970703125,2924.110107421875,3939760000,2945.830078125
2019-05-01 00:00:00,2952.330078125,2954.1298828125,2923.360107421875,3669330000,2923.72998046875
2019-05-02 00:00:00,2922.159912109375,2931.679931640625,2900.5,3802290000,2917.52001953125
2019-05-03 00:00:00,2929.2099609375,2947.85009765625,2929.2099609375,3357180000,2945.639892578125
2019-05-06 00:00:00,2908.889892578125,2937.320068359375,2898.2099609375,3203260000,2932.469970703125
2019-05-07 00:00:00,2913.030029296875,2913.030029296875,2862.60009765625,3793060000,2884.050048828125
2019-05-08 00:00:00,2879.610107421875,2897.9599609375,2873.280029296875,3543110000,2879.419921875
2019-05-09 00:00:00,2859.840087890625,2875.969970703125,2836.39990234375,3659050000,2870.719970703125
2019-05-10 00:00:00,2863.10009765625,2891.31005859375,2825.389892578125,3566780000,2881.39990234375
2019-05-13 00:00:00,2840.18994140625,2840.18994140625,2801.429931640625,3900270000,2811.8701171875
2019-05-14 00:00:00,2820.1201171875,2852.5400390625,2820.1201171875,3354860000,2834.409912109375
2019-05-15 00:00:00,2820.3798828125,2858.679931640625,2815.080078125,3140900000,2850.9599609375
2019-05-16 00:00:00,2855.800048828125,2892.14990234375,2855.800048828125,3338470000,2876.320068359375
2019-05-17 00:00:00,2858.60009765625,2885.47998046875,2854.22998046875,3316040000,2859.530029296875
2019-05-20 00:00:00,2841.93994140625,2853.860107421875,2831.2900390625,3293750000,2840.22998046875
2019-05-21 00:00:00,2854.02001953125,2868.8798828125,2854.02001953125,3223050000,2864.360107421875
2019-05-22 00:00:00,2856.06005859375,2865.469970703125,2851.110107421875,3194000000,2856.27001953125
2019-05-23 00:00:00,2836.699951171875,2836.699951171875,2805.489990234375,3899320000,2822.239990234375
2019-05-24 00:00:00,2832.409912109375,2841.360107421875,2820.18994140625,2889230000,2826.06005859375
2019-05-28 00:00:00,2830.030029296875,2840.510009765625,2801.580078125,4146980000,2802.389892578125
2019-05-29 00:00:00,2790.25,2792.030029296875,2766.06005859375,3701110000,2783.02001953125
2019-05-30 00:00:00,2786.93994140625,2799.0,2776.739990234375,3276030000,2788.860107421875
2019-05-31 00:00:00,2766.14990234375,2768.97998046875,2750.52001953125,3982670000,2752.06005859375
2019-06-03 00:00:00,2751.530029296875,2763.070068359375,2728.81005859375,3952360000,2744.449951171875
2019-06-04 00:00:00,2762.639892578125,2804.489990234375,2762.639892578125,3814130000,2803.27001953125
2019-06-05 00:00:00,2818.090087890625,2827.280029296875,2800.919921875,3570760000,2826.14990234375
2019-06-06 00:00:00,2828.510009765625,2852.10009765625,2822.449951171875,3445140000,2843.489990234375
2019-06-07 00:00:00,2852.8701171875,2884.969970703125,2852.8701171875,3244380000,2873.340087890625
2019-06-10 00:00:00,2885.830078125,2904.77001953125,2885.510009765625,3209890000,2886.72998046875
2019-06-11 00:00:00,2903.27001953125,2910.610107421875,2878.530029296875,3551000000,2885.719970703125
2019-06-12 00:00:00,2882.72998046875,2888.570068359375,2874.679931640625,3039870000,2879.840087890625
2019-06-13 00:00:00,2886.239990234375,2895.239990234375,2881.989990234375,3100640000,2891.639892578125
2019-06-14 00:00:00,2886.820068359375,2894.449951171875,2879.6201171875,2992810000,2886.97998046875
2019-06-17 00:00:00,2889.75,2897.27001953125,2887.300048828125,2828400000,2889.669921875
2019-06-18 00:00:00,2906.7099609375,2930.7900390625,2905.43994140625,3441540000,2917.75
2019-06-19 00:00:00,2920.550048828125,2931.739990234375,2911.429931640625,3300220000,2926.4599609375
2019-06-20 00:00:00,2949.60009765625,2958.06005859375,2931.5,3943060000,2954.179931640625
2019-06-21 00:00:00,2952.7099609375,2964.14990234375,2946.8701171875,5003540000,2950.4599609375
2019-06-24 00:00:00,2951.419921875,2954.919921875,2944.050048828125,3136960000,2945.35009765625
2019-06-25 00:00:00,2945.780029296875,2946.52001953125,2916.010009765625,3579430000,2917.3798828125
2019-06-26 00:00:00,2926.070068359375,2932.590087890625,2912.989990234375,3511350000,2913.780029296875
2019-06-27 00:00:00,2919.659912109375,2929.300048828125,2918.570068359375,3162500000,2924.919921875
2019-06-28 00:00:00,2932.93994140625,2943.97998046875,2929.050048828125,5422650000,2941.760009765625
2019-07-01 00:00:00,2971.409912109375,2977.929931640625,2952.219970703125,3524860000,2964.330078125
2019-07-02 00:00:00,2964.659912109375,2973.2099609375,2955.919921875,3224490000,2973.010009765625
2019-07-03 00:00:00,2978.080078125,2995.840087890625,2977.9599609375,1963570000,2995.820068359375
2019-07-05 00:00:00,2984.25,2994.030029296875,2967.969970703125,2434680000,2990.409912109375
2019-07-08 00:00:00,2979.77001953125,2980.760009765625,2970.090087890625,2922360000,2975.949951171875
2019-07-09 00:00:00,2965.52001953125,2981.89990234375,2963.43994140625,3033330000,2979.6298828125
2019-07-10 00:00:00,2989.300048828125,3002.97998046875,2984.6201171875,3157800000,2993.070068359375
2019-07-11 00:00:00,2999.6201171875,3002.330078125,2988.800048828125,3155710000,2999.909912109375
2019-07-12 00:00:00,3003.360107421875,3013.919921875,3001.8701171875,2984140000,3013.77001953125
2019-07-15 00:00:00,3017.800048828125,3017.800048828125,3008.77001953125,2876100000,3014.300048828125
2019-07-16 00:00:00,3012.1298828125,3015.02001953125,3001.14990234375,3297030000,3004.0400390625
2019-07-17 00:00:00,3005.10009765625,3005.260009765625,2984.25,3185650000,2984.419921875
2019-07-18 00:00:00,2978.8701171875,2998.280029296875,2973.090087890625,3369820000,2995.110107421875
2019-07-19 00:00:00,3004.260009765625,3006.02001953125,2975.860107421875,3285890000,2976.610107421875
2019-07-22 00:00:00,2981.929931640625,2990.7099609375,2976.64990234375,3016200000,2985.030029296875
2019-07-23 00:00:00,2994.739990234375,3005.89990234375,2988.56005859375,3333810000,3005.469970703125
2019-07-24 00:00:00,2998.77001953125,3019.590087890625,2996.820068359375,3433220000,3019.56005859375
2019-07-25 00:00:00,3016.260009765625,3016.31005859375,2997.239990234375,3657050000,3003.669921875
2019-07-26 00:00:00,3013.25,3027.97998046875,3012.590087890625,3260170000,3025.860107421875
2019-07-29 00:00:00,3024.469970703125,3025.610107421875,3014.300048828125,3224490000,3020.969970703125
2019-07-30 00:00:00,3007.659912109375,3017.18994140625,3000.93994140625,3632770000,3013.179931640625
2019-07-31 00:00:00,3016.219970703125,3017.39990234375,2958.080078125,4626330000,2980.3798828125
2019-08-01 00:00:00,2980.320068359375,3013.590087890625,2945.22998046875,4793810000,2953.56005859375
2019-08-02 00:00:00,2943.89990234375,2945.5,2914.110107421875,3882810000,2932.050048828125
2019-08-05 00:00:00,2898.070068359375,2898.070068359375,2822.1201171875,4542850000,2844.739990234375
2019-08-06 00:00:00,2861.179931640625,2884.39990234375,2847.419921875,4156640000,2881.77001953125
2019-08-07 00:00:00,2858.64990234375,2892.169921875,2825.7099609375,4512720000,2883.97998046875
2019-08-08 00:00:00,2896.2099609375,2938.719970703125,2894.469970703125,4118530000,2938.090087890625
2019-08-09 00:00:00,2930.510009765625,2935.75,2900.14990234375,3356850000,2918.64990234375
2019-08-12 00:00:00,2907.070068359375,2907.580078125,2873.139892578125,3328570000,2882.699951171875
2019-08-13 00:00:00,2880.719970703125,2943.31005859375,2877.050048828125,3857190000,2926.320068359375
2019-08-14 00:00:00,2894.14990234375,2894.14990234375,2839.639892578125,4325150000,2840.60009765625
2019-08-15 00:00:00,2846.199951171875,2856.669921875,2825.510009765625,4041720000,2847.60009765625
2019-08-16 00:00:00,2864.739990234375,2893.6298828125,2864.739990234375,3524080000,2888.679931640625
2019-08-19 00:00:00,2913.47998046875,2931.0,2913.47998046875,3221050000,2923.64990234375
2019-08-20 00:00:00,2919.010009765625,2923.6298828125,2899.60009765625,3067710000,2900.510009765625
2019-08-21 00:00:00,2922.0400390625,2928.72998046875,2917.909912109375,3016540000,2924.429931640625
2019-08-22 00:00:00,2930.93994140625,2939.080078125,2904.510009765625,2893660000,2922.949951171875
2019-08-23 00:00:00,2911.070068359375,2927.010009765625,2834.969970703125,3942520000,2847.110107421875
2019-08-26 00:00:00,2866.699951171875,2879.27001953125,2856.0,2859790000,2878.3798828125
2019-08-27 00:00:00,2893.139892578125,2898.7900390625,2860.590087890625,3537490000,2869.159912109375
2019-08-28 00:00:00,2861.280029296875,2890.030029296875,2853.050048828125,3102480000,2887.93994140625
2019-08-29 00:00:00,2910.3701171875,2930.5,2905.669921875,3177150000,2924.580078125
2019-08-30 00:00:00,2937.090087890625,2940.429931640625,2913.320068359375,3009910000,2926.4599609375
2019-09-03 00:00:00,2909.010009765625,2914.389892578125,2891.85009765625,3427830000,2906.27001953125
2019-09-04 00:00:00,2924.669921875,2938.840087890625,2921.860107421875,3167900000,2937.780029296875
2019-09-05 00:00:00,2960.60009765625,2985.860107421875,2960.60009765625,3902600000,2976.0
2019-09-06 00:00:00,2980.330078125,2985.030029296875,2972.510009765625,3209340000,2978.7099609375
2019-09-09 00:00:00,2988.429931640625,2989.429931640625,2969.389892578125,4031120000,2978.429931640625
2019-09-10 00:00:00,2971.010009765625,2979.389892578125,2957.010009765625,4393040000,2979.389892578125
2019-09-11 00:00:00,2981.409912109375,3000.929931640625,2975.31005859375,3934370000,3000.929931640625
2019-09-12 00:00:00,3009.080078125,3020.739990234375,3000.919921875,3796990000,3009.570068359375
2019-09-13 00:00:00,3012.2099609375,3017.330078125,3002.89990234375,3557010000,3007.389892578125
2019-09-16 00:00:00,2996.409912109375,3002.18994140625,2990.669921875,4285860000,2997.9599609375
2019-09-17 00:00:00,2995.669921875,3006.2099609375,2993.72998046875,3673250000,3005.699951171875
2019-09-18 00:00:00,3001.5,3007.830078125,2978.570068359375,3458800000,3006.72998046875
2019-09-19 00:00:00,3010.360107421875,3021.989990234375,3003.159912109375,3265660000,3006.7900390625
2019-09-20 00:00:00,3008.419921875,3016.3701171875,2984.679931640625,6103440000,2992.070068359375
2019-09-23 00:00:00,2983.5,2999.14990234375,2982.22998046875,3187250000,2991.780029296875
2019-09-24 00:00:00,3002.429931640625,3007.97998046875,2957.72998046875,3872800000,2966.60009765625
2019-09-25 00:00:00,2968.35009765625,2989.820068359375,2952.860107421875,3331200000,2984.8701171875
2019-09-26 00:00:00,2985.72998046875,2987.280029296875,2963.7099609375,3084910000,2977.6201171875
2019-09-27 00:00:00,2985.469970703125,2987.31005859375,2945.530029296875,3246480000,2961.7900390625
2019-09-30 00:00:00,2967.070068359375,2983.85009765625,2967.070068359375,3249130000,2976.739990234375
2019-10-01 00:00:00,2983.68994140625,2992.530029296875,2938.699951171875,3560750000,2940.25
2019-10-02 00:00:00,2924.780029296875,2924.780029296875,2874.929931640625,3914180000,2887.610107421875
2019-10-03 00:00:00,2885.3798828125,2911.1298828125,2855.93994140625,3515130000,2910.6298828125
2019-10-04 00:00:00,2918.56005859375,2953.739990234375,2918.56005859375,3005600000,2952.010009765625
2019-10-07 00:00:00,2944.22998046875,2959.75,2935.679931640625,2959050000,2938.7900390625
2019-10-08 00:00:00,2920.39990234375,2925.469970703125,2892.659912109375,3370700000,2893.06005859375
2019-10-09 00:00:00,2911.10009765625,2929.320068359375,2907.409912109375,2735350000,2919.39990234375
2019-10-10 00:00:00,2918.550048828125,2948.4599609375,2917.1201171875,3234400000,2938.1298828125
2019-10-11 00:00:00,2963.070068359375,2993.280029296875,2963.070068359375,3581320000,2970.27001953125
2019-10-14 00:00:00,2965.81005859375,2972.840087890625,2962.93994140625,2559270000,2966.14990234375
2019-10-15 00:00:00,2973.610107421875,3003.280029296875,2973.610107421875,3345090000,2995.679931640625
2019-10-16 00:00:00,2989.679931640625,2997.5400390625,2985.199951171875,3230320000,2989.68994140625
2019-10-17 00:00:00,3000.77001953125,3008.2900390625,2991.7900390625,3103470000,2997.949951171875
2019-10-18 00:00:00,2996.840087890625,3000.0,2976.31005859375,3268970000,2986.199951171875
2019-10-21 00:00:00,2996.47998046875,3007.330078125,2995.35009765625,3271960000,3006.719970703125
2019-10-22 00:00:00,3010.72998046875,3014.570068359375,2995.0400390625,3527540000,2995.989990234375
2019-10-23 00:00:00,2994.010009765625,3004.780029296875,2991.2099609375,3413600000,3004.52001953125
2019-10-24 00:00:00,3014.780029296875,3016.070068359375,3000.419921875,3696510000,3010.2900390625
2019-10-25 00:00:00,3003.320068359375,3027.389892578125,3001.93994140625,3379060000,3022.550048828125
2019-10-28 00:00:00,3032.1201171875,3044.080078125,3032.1201171875,3524970000,3039.419921875
2019-10-29 00:00:00,3035.389892578125,3047.8701171875,3034.81005859375,3594430000,3036.889892578125
2019-10-30 00:00:00,3039.739990234375,3050.10009765625,3025.9599609375,3779660000,3046.77001953125
2019-10-31 00:00:00,3046.89990234375,3046.89990234375,3023.18994140625,4149310000,3037.56005859375
2019-11-01 00:00:00,3050.719970703125,3066.949951171875,3050.719970703125,3956290000,3066.909912109375
2019-11-04 00:00:00,3078.9599609375,3085.199951171875,3074.8701171875,4178040000,3078.27001953125
2019-11-05 00:00:00,3080.800048828125,3083.949951171875,3072.14990234375,4490590000,3074.6201171875
2019-11-06 00:00:00,3075.10009765625,3078.340087890625,3065.889892578125,4465510000,3076.780029296875
2019-11-07 00:00:00,3087.02001953125,3097.77001953125,3080.22998046875,4151990000,3085.179931640625
2019-11-08 00:00:00,3081.25,3093.090087890625,3073.580078125,3508160000,3093.080078125
2019-11-11 00:00:00,3080.330078125,3088.330078125,3075.820068359375,3041120000,3087.010009765625
2019-11-12 00:00:00,3089.280029296875,3102.610107421875,3084.72998046875,3495560000,3091.840087890625
2019-11-13 00:00:00,3084.179931640625,3098.06005859375,3078.800048828125,3513720000,3094.0400390625
2019-11-14 00:00:00,3090.75,3098.199951171875,3083.260009765625,3282090000,3096.6298828125
2019-11-15 00:00:00,3107.919921875,3120.4599609375,3104.60009765625,3359800000,3120.4599609375
2019-11-18 00:00:00,3117.909912109375,3124.169921875,3112.06005859375,3440140000,3122.030029296875
2019-11-19 00:00:00,3127.449951171875,3127.639892578125,3113.469970703125,3613670000,3120.179931640625
2019-11-20 00:00:00,3114.659912109375,3118.969970703125,3091.409912109375,4041010000,3108.4599609375
2019-11-21 00:00:00,3108.489990234375,3110.110107421875,3094.550048828125,3744010000,3103.5400390625
2019-11-22 00:00:00,3111.409912109375,3112.8701171875,3099.260009765625,3235270000,3110.2900390625
2019-11-25 00:00:00,3117.43994140625,3133.830078125,3117.43994140625,3514310000,3133.639892578125
2019-11-26 00:00:00,3134.85009765625,3142.68994140625,3131.0,4600450000,3140.52001953125
2019-11-27 00:00:00,3145.489990234375,3154.260009765625,3143.409912109375,3035470000,3153.6298828125
2019-11-29 00:00:00,3147.179931640625,3150.300048828125,3139.340087890625,1743420000,3140.97998046875
2019-12-02 00:00:00,3143.85009765625,3144.31005859375,3110.780029296875,3285750000,3113.8701171875
2019-12-03 00:00:00,3087.409912109375,3094.969970703125,3070.330078125,3671580000,3093.199951171875
2019-12-04 00:00:00,3103.5,3119.3798828125,3102.530029296875,3702980000,3112.760009765625
2019-12-05 00:00:00,3119.2099609375,3119.449951171875,3103.760009765625,3360480000,3117.429931640625
2019-12-06 00:00:00,3134.6201171875,3150.60009765625,3134.6201171875,3483310000,3145.909912109375
2019-12-09 00:00:00,3141.860107421875,3148.8701171875,3135.4599609375,3400470000,3135.9599609375
2019-12-10 00:00:00,3135.360107421875,3142.1201171875,3126.090087890625,3346310000,3132.52001953125
2019-12-11 00:00:00,3135.75,3143.97998046875,3133.2099609375,3257650000,3141.6298828125
2019-12-12 00:00:00,3141.22998046875,3176.280029296875,3138.469970703125,4003200000,3168.570068359375
2019-12-13 00:00:00,3166.64990234375,3182.679931640625,3156.510009765625,3757650000,3168.800048828125
2019-12-16 00:00:00,3183.6298828125,3197.7099609375,3183.6298828125,4070200000,3191.449951171875
2019-12-17 00:00:00,3195.39990234375,3198.219970703125,3191.030029296875,3842940000,3192.52001953125
2019-12-18 00:00:00,3195.2099609375,3198.47998046875,3191.139892578125,4029950000,3191.139892578125
2019-12-19 00:00:00,3192.320068359375,3205.47998046875,3192.320068359375,3784360000,3205.3701171875
2019-12-20 00:00:00,3223.330078125,3225.64990234375,3216.030029296875,6457480000,3221.219970703125
2019-12-23 00:00:00,3226.050048828125,3227.780029296875,3222.300048828125,3064530000,3224.010009765625
2019-12-24 00:00:00,3225.449951171875,3226.429931640625,3220.510009765625,1296530000,3223.3798828125
2019-12-26 00:00:00,3227.199951171875,3240.080078125,3227.199951171875,2164540000,3239.909912109375
2019-12-27 00:00:00,3247.22998046875,3247.929931640625,3234.3701171875,2429150000,3240.02001953125
2019-12-30 00:00:00,3240.090087890625,3240.919921875,3216.570068359375,3021720000,3221.2900390625
2019-12-31 00:00:00,3215.179931640625,3231.719970703125,3212.030029296875,2894760000,3230.780029296875
2020-01-02 00:00:00,3244.669921875,3258.139892578125,3235.530029296875,3459930000,3257.85009765625
2020-01-03 00:00:00,3226.360107421875,3246.14990234375,3222.340087890625,3484700000,3234.85009765625
2020-01-06 00:00:00,3217.550048828125,3246.840087890625,3214.639892578125,3702460000,3246.280029296875
2020-01-07 00:00:00,3241.860107421875,3244.909912109375,3232.429931640625,3435910000,3237.179931640625
2020-01-08 00:00:00,3238.590087890625,3267.070068359375,3236.669921875,3726840000,3253.050048828125
2020-01-09 00:00:00,3266.030029296875,3275.580078125,3263.669921875,3641230000,3274.699951171875
2020-01-10 00:00:00,3281.81005859375,3282.989990234375,3260.860107421875,3214580000,3265.35009765625
2020-01-13 00:00:00,3271.1298828125,3288.1298828125,3268.429931640625,3459390000,3288.1298828125
2020-01-14 00:00:00,3285.35009765625,3294.25,3277.18994140625,3687620000,3283.14990234375
2020-01-15 00:00:00,3282.27001953125,3298.659912109375,3280.68994140625,3721490000,3289.2900390625
2020-01-16 00:00:00,3302.969970703125,3317.110107421875,3302.820068359375,3540580000,3316.81005859375
2020-01-17 00:00:00,3323.659912109375,3329.8798828125,3318.860107421875,3726220000,3329.6201171875
2020-01-21 00:00:00,3321.030029296875,3329.7900390625,3316.610107421875,4104840000,3320.7900390625
2020-01-22 00:00:00,3330.02001953125,3337.77001953125,3320.0400390625,3623780000,3321.75
2020-01-23 00:00:00,3315.77001953125,3326.8798828125,3301.8701171875,3766710000,3325.5400390625
2020-01-24 00:00:00,3333.10009765625,3333.179931640625,3281.530029296875,3708780000,3295.469970703125
2020-01-27 00:00:00,3247.159912109375,3258.85009765625,3234.5,3831050000,3243.6298828125
2020-01-28 00:00:00,3255.35009765625,3285.780029296875,3253.219970703125,3531570000,3276.239990234375
2020-01-29 00:00:00,3289.4599609375,3293.469970703125,3271.889892578125,3600250000,3273.39990234375
2020-01-30 00:00:00,3256.449951171875,3285.909912109375,3242.800048828125,3790350000,3283.659912109375
2020-01-31 00:00:00,3282.330078125,3282.330078125,3214.679931640625,4529700000,3225.52001953125
2020-02-03 00:00:00,3235.659912109375,3268.43994140625,3235.659912109375,3760460000,3248.919921875
2020-02-04 00:00:00,3280.610107421875,3306.919921875,3280.610107421875,3996900000,3297.590087890625
2020-02-05 00:00:00,3324.909912109375,3337.580078125,3313.75,4121480000,3334.68994140625
2020-02-06 00:00:00,3344.919921875,3347.9599609375,3334.389892578125,3887250000,3345.780029296875
2020-02-07 00:00:00,3335.5400390625,3341.419921875,3322.1201171875,3733920000,3327.7099609375
2020-02-10 00:00:00,3318.280029296875,3352.260009765625,3317.77001953125,3462730000,3352.090087890625
2020-02-11 00:00:00,3365.8701171875,3375.6298828125,3352.719970703125,3762940000,3357.75
2020-02-12 00:00:00,3370.5,3381.469970703125,3369.719970703125,3930910000,3379.449951171875
2020-02-13 00:00:00,3365.89990234375,3385.090087890625,3360.52001953125,3500890000,3373.93994140625
2020-02-14 00:00:00,3378.080078125,3380.68994140625,3366.14990234375,3419700000,3380.159912109375
2020-02-18 00:00:00,3369.0400390625,3375.010009765625,3355.610107421875,3750400000,3370.2900390625
2020-02-19 00:00:00,3380.389892578125,3393.52001953125,3378.830078125,3614200000,3386.14990234375
2020-02-20 00:00:00,3380.449951171875,3389.14990234375,3341.02001953125,4019180000,3373.22998046875
2020-02-21 00:00:00,3360.5,3360.760009765625,3328.449951171875,3908780000,3337.75
2020-02-24 00:00:00,3257.610107421875,3259.81005859375,3214.64990234375,4851160000,3225.889892578125
2020-02-25 00:00:00,3238.93994140625,3246.989990234375,3118.77001953125,5596760000,3128.2099609375
2020-02-26 00:00:00,3139.89990234375,3182.510009765625,3108.989990234375,5484650000,3116.389892578125
2020-02-27 00:00:00,3062.5400390625,3097.070068359375,2977.389892578125,7064710000,2978.760009765625
2020-02-28 00:00:00,2916.89990234375,2959.719970703125,2855.840087890625,8569570000,2954.219970703125
2020-03-02 00:00:00,2974.280029296875,3090.9599609375,2945.18994140625,6381330000,3090.22998046875
2020-03-03 00:00:00,3096.4599609375,3136.719970703125,2976.6298828125,6376510000,3003.3701171875
2020-03-04 00:00:00,3045.75,3130.969970703125,3034.3798828125,5073020000,3130.1201171875
2020-03-05 00:00:00,3075.699951171875,3083.0400390625,2999.830078125,5579290000,3023.93994140625
2020-03-06 00:00:00,2954.199951171875,2985.929931640625,2901.5400390625,6555240000,2972.3701171875
2020-03-09 00:00:00,2863.889892578125,2863.889892578125,2734.429931640625,8441290000,2746.56005859375
2020-03-10 00:00:00,2813.47998046875,2882.590087890625,2734.0,7642040000,2882.22998046875
2020-03-11 00:00:00,2825.60009765625,2825.60009765625,2707.219970703125,7431200000,2741.3798828125
2020-03-12 00:00:00,2630.860107421875,2660.949951171875,2478.860107421875,8850810000,2480.639892578125
2020-03-13 00:00:00,2569.989990234375,2711.330078125,2492.3701171875,8299070000,2711.02001953125
2020-03-16 00:00:00,2508.590087890625,2562.97998046875,2380.93994140625,7805450000,2386.1298828125
2020-03-17 00:00:00,2425.659912109375,2553.929931640625,2367.0400390625,8370250000,2529.18994140625
2020-03-18 00:00:00,2436.5,2453.570068359375,2280.52001953125,8799300000,2398.10009765625
2020-03-19 00:00:00,2393.47998046875,2466.969970703125,2319.780029296875,7956100000,2409.389892578125
2020-03-20 00:00:00,2431.93994140625,2453.010009765625,2295.56005859375,9053950000,2304.919921875
2020-03-23 00:00:00,2290.7099609375,2300.72998046875,2191.860107421875,7411380000,2237.39990234375
2020-03-24 00:00:00,2344.43994140625,2449.7099609375,2344.43994140625,7563150000,2447.330078125
2020-03-25 00:00:00,2457.77001953125,2571.419921875,2407.530029296875,8300010000,2475.56005859375
2020-03-26 00:00:00,2501.2900390625,2637.010009765625,2500.719970703125,7766990000,2630.070068359375
2020-03-27 00:00:00,2555.8701171875,2615.909912109375,2520.02001953125,6201670000,2541.469970703125
2020-03-30 00:00:00,2558.97998046875,2631.800048828125,2545.280029296875,5751120000,2626.64990234375
2020-03-31 00:00:00,2614.68994140625,2641.389892578125,2571.14990234375,6576210000,2584.590087890625
2020-04-01 00:00:00,2498.080078125,2522.75,2447.489990234375,5964000000,2470.5
2020-04-02 00:00:00,2458.5400390625,2533.219970703125,2455.7900390625,6464190000,2526.89990234375
2020-04-03 00:00:00,2514.919921875,2538.179931640625,2459.9599609375,6096970000,2488.64990234375
2020-04-06 00:00:00,2578.280029296875,2676.85009765625,2574.570068359375,6403840000,2663.679931640625
2020-04-07 00:00:00,2738.64990234375,2756.889892578125,2657.669921875,7050410000,2659.409912109375
2020-04-08 00:00:00,2685.0,2760.75,2663.300048828125,5875710000,2749.97998046875
2020-04-09 00:00:00,2776.989990234375,2818.570068359375,2762.360107421875,7899550000,2789.820068359375
2020-04-13 00:00:00,2782.4599609375,2782.4599609375,2721.169921875,5319530000,2761.6298828125
2020-04-14 00:00:00,2805.10009765625,2851.85009765625,2805.10009765625,5615730000,2846.06005859375
2020-04-15 00:00:00,2795.639892578125,2801.8798828125,2761.5400390625,5208000000,2783.360107421875
2020-04-16 00:00:00,2799.340087890625,2806.510009765625,2764.320068359375,5228810000,2799.550048828125
2020-04-17 00:00:00,2842.429931640625,2879.219970703125,2830.8798828125,5804810000,2874.56005859375
2020-04-20 00:00:00,2845.6201171875,2868.97998046875,2820.429931640625,5228630000,2823.159912109375
2020-04-21 00:00:00,2784.81005859375,2785.5400390625,2727.10009765625,5121010000,2736.56005859375
2020-04-22 00:00:00,2787.889892578125,2815.10009765625,2775.949951171875,5084920000,2799.31005859375
2020-04-23 00:00:00,2810.419921875,2844.89990234375,2794.260009765625,5773530000,2797.800048828125
2020-04-24 00:00:00,2812.639892578125,2842.7099609375,2791.760009765625,5382810000,2836.739990234375
2020-04-27 00:00:00,2854.64990234375,2887.719970703125,2852.889892578125,5203930000,2878.47998046875
2020-04-28 00:00:00,2909.9599609375,2921.14990234375,2860.7099609375,5691160000,2863.389892578125
2020-04-29 00:00:00,2918.4599609375,2954.860107421875,2912.159912109375,6645640000,2939.510009765625
2020-04-30 00:00:00,2930.909912109375,2930.909912109375,2892.469970703125,6544980000,2912.429931640625
2020-05-01 00:00:00,2869.090087890625,2869.090087890625,2821.610107421875,4759810000,2830.7099609375
2020-05-04 00:00:00,2815.010009765625,2844.239990234375,2797.85009765625,4735930000,2842.739990234375
2020-05-05 00:00:00,2868.8798828125,2898.22998046875,2863.550048828125,5140290000,2868.43994140625
2020-05-06 00:00:00,2883.139892578125,2891.110107421875,2847.64990234375,4892570000,2848.419921875
2020-05-07 00:00:00,2878.260009765625,2901.919921875,2876.47998046875,5178790000,2881.18994140625
2020-05-08 00:00:00,2908.830078125,2932.159912109375,2902.8798828125,4876030000,2929.800048828125
2020-05-11 00:00:00,2915.4599609375,2944.25,2903.43994140625,4819730000,2930.18994140625
2020-05-12 00:00:00,2939.5,2945.820068359375,2869.590087890625,5119630000,2870.1201171875
2020-05-13 00:00:00,2865.860107421875,2874.139892578125,2793.14990234375,6151650000,2820.0
2020-05-14 00:00:00,2794.5400390625,2852.800048828125,2766.639892578125,5651130000,2852.5
2020-05-15 00:00:00,2829.949951171875,2865.010009765625,2816.780029296875,5507700000,2863.699951171875
2020-05-18 00:00:00,2913.860107421875,2968.090087890625,2913.860107421875,6373670000,2953.909912109375
2020-05-19 00:00:00,2948.590087890625,2964.2099609375,2922.35009765625,4984330000,2922.93994140625
2020-05-20 00:00:00,2953.6298828125,2980.2900390625,2953.6298828125,5005380000,2971.610107421875
2020-05-21 00:00:00,2969.949951171875,2978.5,2938.570068359375,4976620000,2948.510009765625
2020-05-22 00:00:00,2948.050048828125,2956.760009765625,2933.590087890625,3970860000,2955.449951171875
2020-05-26 00:00:00,3004.080078125,3021.719970703125,2988.169921875,5848500000,2991.77001953125
2020-05-27 00:00:00,3015.64990234375,3036.25,2969.75,6398000000,3036.1298828125
2020-05-28 00:00:00,3046.610107421875,3068.669921875,3023.39990234375,5447020000,3029.72998046875
2020-05-29 00:00:00,3025.169921875,3049.169921875,2998.610107421875,7297550000,3044.31005859375
2020-06-01 00:00:00,3038.780029296875,3062.179931640625,3031.5400390625,4684170000,3055.72998046875
2020-06-02 00:00:00,3064.780029296875,3081.070068359375,3051.639892578125,5197150000,3080.820068359375
2020-06-03 00:00:00,3098.89990234375,3130.93994140625,3098.89990234375,6005560000,3122.8701171875
2020-06-04 00:00:00,3111.56005859375,3128.909912109375,3090.409912109375,6451290000,3112.35009765625
2020-06-05 00:00:00,3163.840087890625,3211.719970703125,3163.840087890625,8639300000,3193.929931640625
2020-06-08 00:00:00,3199.919921875,3233.1298828125,3196.0,8498300000,3232.389892578125
2020-06-09 00:00:00,3213.320068359375,3222.7099609375,3193.110107421875,6410930000,3207.179931640625
2020-06-10 00:00:00,3213.419921875,3223.27001953125,3181.489990234375,6598870000,3190.139892578125
2020-06-11 00:00:00,3123.530029296875,3123.530029296875,2999.489990234375,7037320000,3002.10009765625
2020-06-12 00:00:00,3071.0400390625,3088.419921875,2984.469970703125,5845330000,3041.31005859375
2020-06-15 00:00:00,2993.760009765625,3079.760009765625,2965.659912109375,5757480000,3066.590087890625
2020-06-16 00:00:00,3131.0,3153.449951171875,3076.06005859375,5845810000,3124.739990234375
2020-06-17 00:00:00,3136.1298828125,3141.159912109375,3108.030029296875,4560450000,3113.489990234375
2020-06-18 00:00:00,3101.639892578125,3120.0,3093.510009765625,4448690000,3115.340087890625
2020-06-19 00:00:00,3140.2900390625,3155.530029296875,3083.110107421875,8346650000,3097.739990234375
2020-06-22 00:00:00,3094.419921875,3120.919921875,3079.389892578125,4686690000,3117.860107421875
2020-06-23 00:00:00,3138.699951171875,3154.89990234375,3127.1201171875,4711850000,3131.2900390625
2020-06-24 00:00:00,3114.39990234375,3115.010009765625,3032.1298828125,5597680000,3050.330078125
2020-06-25 00:00:00,3046.60009765625,3086.25,3024.010009765625,4847690000,3083.760009765625
2020-06-26 00:00:00,3073.199951171875,3073.72998046875,3004.6298828125,8107850000,3009.050048828125
2020-06-29 00:00:00,3018.590087890625,3053.889892578125,2999.739990234375,4473970000,3053.239990234375
2020-06-30 00:00:00,3050.199951171875,3111.510009765625,3047.830078125,4705850000,3100.2900390625
2020-07-01 00:00:00,3105.919921875,3128.43994140625,3101.169921875,4449230000,3115.860107421875
2020-07-02 00:00:00,3143.639892578125,3165.81005859375,3124.52001953125,4197720000,3130.010009765625
2020-07-06 00:00:00,3155.2900390625,3182.590087890625,3155.2900390625,4759160000,3179.719970703125
2020-07-07 00:00:00,3166.43994140625,3184.14990234375,3142.929931640625,4571330000,3145.320068359375
2020-07-08 00:00:00,3153.070068359375,3171.800048828125,3136.530029296875,4937310000,3169.93994140625
2020-07-09 00:00:00,3176.169921875,3179.780029296875,3115.699951171875,4843650000,3152.050048828125
2020-07-10 00:00:00,3152.469970703125,3186.820068359375,3136.219970703125,4524190000,3185.0400390625
2020-07-13 00:00:00,3205.080078125,3235.320068359375,3149.429931640625,4902440000,3155.219970703125
2020-07-14 00:00:00,3141.110107421875,3200.949951171875,3127.659912109375,4507140000,3197.52001953125
2020-07-15 00:00:00,3225.97998046875,3238.280029296875,3200.760009765625,4686830000,3226.56005859375
2020-07-16 00:00:00,3208.360107421875,3220.389892578125,3198.590087890625,3972860000,3215.570068359375
2020-07-17 00:00:00,3224.2099609375,3233.52001953125,3205.64990234375,4012850000,3224.72998046875
2020-07-20 00:00:00,3224.2900390625,3258.610107421875,3215.159912109375,3979340000,3251.840087890625
2020-07-21 00:00:00,3268.52001953125,3277.2900390625,3247.77001953125,4556610000,3257.300048828125
2020-07-22 00:00:00,3254.860107421875,3279.320068359375,3253.10009765625,4267160000,3276.02001953125
2020-07-23 00:00:00,3271.639892578125,3279.989990234375,3222.659912109375,4296760000,3235.659912109375
2020-07-24 00:00:00,3218.580078125,3227.260009765625,3200.050048828125,3689410000,3215.6298828125
2020-07-27 00:00:00,3219.840087890625,3241.429931640625,3214.25,3970310000,3239.409912109375
2020-07-28 00:00:00,3234.27001953125,3243.719970703125,3216.169921875,4053180000,3218.43994140625
2020-07-29 00:00:00,3227.219970703125,3264.739990234375,3227.219970703125,4478200000,3258.43994140625
2020-07-30 00:00:00,3231.760009765625,3250.919921875,3204.1298828125,4264920000,3246.219970703125
2020-07-31 00:00:00,3270.449951171875,3272.169921875,3220.260009765625,5007530000,3271.1201171875
2020-08-03 00:00:00,3288.260009765625,3302.72998046875,3284.530029296875,4438940000,3294.610107421875
2020-08-04 00:00:00,3289.919921875,3306.840087890625,3286.3701171875,4414380000,3306.510009765625
2020-08-05 00:00:00,3317.3701171875,3330.77001953125,3317.3701171875,4535060000,3327.77001953125
2020-08-06 00:00:00,3323.169921875,3351.030029296875,3318.139892578125,4278930000,3349.159912109375
2020-08-07 00:00:00,3340.050048828125,3352.5400390625,3328.719970703125,4110030000,3351.280029296875
2020-08-10 00:00:00,3356.0400390625,3363.2900390625,3335.43994140625,4327920000,3360.469970703125
2020-08-11 00:00:00,3370.340087890625,3381.010009765625,3326.43994140625,4880540000,3333.68994140625
2020-08-12 00:00:00,3355.4599609375,3387.889892578125,3355.4599609375,3772250000,3380.35009765625
2020-08-13 00:00:00,3372.949951171875,3387.239990234375,3363.35009765625,3438730000,3373.429931640625
2020-08-14 00:00:00,3368.659912109375,3378.510009765625,3361.639892578125,3200060000,3372.85009765625
2020-08-17 00:00:00,3380.860107421875,3387.590087890625,3379.219970703125,3460330000,3381.989990234375
2020-08-18 00:00:00,3387.0400390625,3395.06005859375,3370.14990234375,3669550000,3389.780029296875
2020-08-19 00:00:00,3392.510009765625,3399.5400390625,3369.659912109375,3679480000,3374.85009765625
2020-08-20 00:00:00,3360.47998046875,3390.800048828125,3354.68994140625,3431040000,3385.510009765625
2020-08-21 00:00:00,3386.010009765625,3399.9599609375,3379.31005859375,3505010000,3397.159912109375
2020-08-24 00:00:00,3418.090087890625,3432.090087890625,3413.1298828125,3743410000,3431.280029296875
2020-08-25 00:00:00,3435.949951171875,3444.2099609375,3425.840087890625,3627650000,3443.6201171875
2020-08-26 00:00:00,3449.969970703125,3481.070068359375,3444.14990234375,3780530000,3478.72998046875
2020-08-27 00:00:00,3485.139892578125,3501.3798828125,3468.35009765625,3955890000,3484.550048828125
2020-08-28 00:00:00,3494.68994140625,3509.22998046875,3484.320068359375,3868510000,3508.010009765625
2020-08-31 00:00:00,3509.72998046875,3514.77001953125,3493.25,4348280000,3500.31005859375
2020-09-01 00:00:00,3507.43994140625,3528.030029296875,3494.60009765625,4101490000,3526.64990234375
2020-09-02 00:00:00,3543.760009765625,3588.110107421875,3535.22998046875,4295640000,3580.840087890625
2020-09-03 00:00:00,3564.739990234375,3564.85009765625,3427.409912109375,4911830000,3455.06005859375
2020-09-04 00:00:00,3453.60009765625,3479.14990234375,3349.6298828125,4438720000,3426.9599609375
2020-09-08 00:00:00,3371.8798828125,3379.969970703125,3329.27001953125,4694330000,3331.840087890625
2020-09-09 00:00:00,3369.820068359375,3424.77001953125,3366.840087890625,3932520000,3398.9599609375
2020-09-10 00:00:00,3412.56005859375,3425.550048828125,3329.25,4208630000,3339.18994140625
2020-09-11 00:00:00,3352.699951171875,3368.949951171875,3310.469970703125,3710090000,3340.969970703125
2020-09-14 00:00:00,3363.56005859375,3402.929931640625,3363.56005859375,3839580000,3383.5400390625
2020-09-15 00:00:00,3407.72998046875,3419.47998046875,3389.25,4057190000,3401.199951171875
2020-09-16 00:00:00,3411.22998046875,3428.919921875,3384.449951171875,4718900000,3385.489990234375
2020-09-17 00:00:00,3346.860107421875,3375.169921875,3328.820068359375,4379840000,3357.010009765625
2020-09-18 00:00:00,3357.3798828125,3362.27001953125,3292.39990234375,7076400000,3319.469970703125
2020-09-21 00:00:00,3285.570068359375,3285.570068359375,3229.10009765625,4836070000,3281.06005859375
2020-09-22 00:00:00,3295.75,3320.31005859375,3270.949951171875,3974510000,3315.570068359375
2020-09-23 00:00:00,3320.110107421875,3323.35009765625,3232.570068359375,4378650000,3236.919921875
2020-09-24 00:00:00,3226.139892578125,3278.699951171875,3209.449951171875,4601920000,3246.590087890625
2020-09-25 00:00:00,3236.659912109375,3306.8798828125,3228.43994140625,3803330000,3298.4599609375
2020-09-28 00:00:00,3333.89990234375,3360.739990234375,3332.909912109375,3950910000,3351.60009765625
2020-09-29 00:00:00,3350.919921875,3357.919921875,3327.5400390625,3661590000,3335.469970703125
2020-09-30 00:00:00,3341.2099609375,3393.56005859375,3340.469970703125,4738640000,3363.0
2020-10-01 00:00:00,3385.8701171875,3397.179931640625,3361.389892578125,4076340000,3380.800048828125
2020-10-02 00:00:00,3338.93994140625,3369.10009765625,3323.68994140625,3975180000,3348.419921875
2020-10-05 00:00:00,3367.27001953125,3409.570068359375,3367.27001953125,3692720000,3408.60009765625
2020-10-06 00:00:00,3408.739990234375,3431.56005859375,3354.5400390625,4453390000,3360.969970703125
2020-10-07 00:00:00,3384.56005859375,3426.260009765625,3384.56005859375,3814750000,3419.43994140625
2020-10-08 00:00:00,3434.280029296875,3447.280029296875,3428.14990234375,3867640000,3446.830078125
2020-10-09 00:00:00,3459.669921875,3482.340087890625,3458.070068359375,3944090000,3477.139892578125
2020-10-12 00:00:00,3500.02001953125,3549.85009765625,3499.610107421875,3435760000,3534.219970703125
2020-10-13 00:00:00,3534.010009765625,3534.010009765625,3500.860107421875,3611100000,3511.929931640625
2020-10-14 00:00:00,3515.469970703125,3527.93994140625,3480.550048828125,3858510000,3488.669921875
2020-10-15 00:00:00,3453.719970703125,3489.080078125,3440.889892578125,3724550000,3483.340087890625
2020-10-16 00:00:00,3493.5,3515.760009765625,3480.449951171875,4688030000,3483.81005859375
2020-10-19 00:00:00,3493.659912109375,3502.419921875,3419.929931640625,4091080000,3426.919921875
2020-10-20 00:00:00,3439.3798828125,3476.929931640625,3435.64990234375,3917850000,3443.1201171875
2020-10-21 00:00:00,3439.909912109375,3464.860107421875,3433.06005859375,4103960000,3435.56005859375
2020-10-22 00:00:00,3438.5,3460.530029296875,3415.340087890625,4172060000,3453.489990234375
2020-10-23 00:00:00,3464.89990234375,3466.4599609375,3440.449951171875,3651600000,3465.389892578125
2020-10-26 00:00:00,3441.419921875,3441.419921875,3364.860107421875,4002210000,3400.969970703125
2020-10-27 00:00:00,3403.14990234375,3409.510009765625,3388.7099609375,3962400000,3390.679931640625
2020-10-28 00:00:00,3342.47998046875,3342.47998046875,3268.889892578125,5139970000,3271.030029296875
2020-10-29 00:00:00,3277.169921875,3341.050048828125,3259.820068359375,4911860000,3310.110107421875
2020-10-30 00:00:00,3293.590087890625,3304.929931640625,3233.93994140625,4843930000,3269.9599609375
2020-11-02 00:00:00,3296.199951171875,3330.139892578125,3279.739990234375,4314690000,3310.239990234375
2020-11-03 00:00:00,3336.25,3389.489990234375,3336.25,4241380000,3369.159912109375
2020-11-04 00:00:00,3406.4599609375,3486.25,3405.169921875,4790400000,3443.43994140625
2020-11-05 00:00:00,3485.739990234375,3529.050048828125,3485.739990234375,4858150000,3510.449951171875
2020-11-06 00:00:00,3508.340087890625,3521.580078125,3484.340087890625,4842460000,3509.43994140625
2020-11-09 00:00:00,3583.0400390625,3645.989990234375,3547.47998046875,8570510000,3550.5
2020-11-10 00:00:00,3543.260009765625,3557.219970703125,3511.909912109375,6037470000,3545.530029296875
2020-11-11 00:00:00,3563.219970703125,3581.159912109375,3557.0,4635560000,3572.659912109375
2020-11-12 00:00:00,3562.669921875,3569.02001953125,3518.580078125,4909660000,3537.010009765625
2020-11-13 00:00:00,3552.570068359375,3593.659912109375,3552.570068359375,4719580000,3585.14990234375
2020-11-16 00:00:00,3600.159912109375,3628.510009765625,3600.159912109375,5295510000,3626.909912109375
2020-11-17 00:00:00,3610.31005859375,3623.110107421875,3588.679931640625,4812180000,3609.530029296875
2020-11-18 00:00:00,3612.090087890625,3619.090087890625,3567.330078125,5284810000,3567.7900390625
2020-11-19 00:00:00,3559.409912109375,3585.219970703125,3543.840087890625,4363370000,3581.8701171875
2020-11-20 00:00:00,3579.31005859375,3581.22998046875,3556.85009765625,4236370000,3557.5400390625
2020-11-23 00:00:00,3566.820068359375,3589.81005859375,3552.77001953125,5057550000,3577.590087890625
2020-11-24 00:00:00,3594.52001953125,3642.31005859375,3594.52001953125,6280290000,3635.409912109375
2020-11-25 00:00:00,3635.5,3635.5,3617.760009765625,4910440000,3629.64990234375
2020-11-27 00:00:00,3638.550048828125,3644.31005859375,3629.330078125,2778390000,3638.35009765625
2020-11-30 00:00:00,3634.179931640625,3634.179931640625,3594.389892578125,6308410000,3621.6298828125
2020-12-01 00:00:00,3645.8701171875,3678.449951171875,3645.8701171875,5418480000,3662.449951171875
2020-12-02 00:00:00,3653.780029296875,3670.9599609375,3644.840087890625,5041250000,3669.010009765625
2020-12-03 00:00:00,3668.280029296875,3682.72998046875,3657.169921875,5065340000,3666.719970703125
2020-12-04 00:00:00,3670.93994140625,3699.199951171875,3670.93994140625,5099620000,3699.1201171875
2020-12-07 00:00:00,3694.72998046875,3697.409912109375,3678.8798828125,4804500000,3691.9599609375
2020-12-08 00:00:00,3683.050048828125,3708.449951171875,3678.830078125,4584390000,3702.25
2020-12-09 00:00:00,3705.97998046875,3712.389892578125,3660.5400390625,5232800000,3672.820068359375
2020-12-10 00:00:00,3659.1298828125,3678.489990234375,3645.179931640625,4658480000,3668.10009765625
2020-12-11 00:00:00,3656.080078125,3665.909912109375,3633.39990234375,4375470000,3663.4599609375
2020-12-14 00:00:00,3675.27001953125,3697.610107421875,3645.840087890625,4623850000,3647.489990234375
2020-12-15 00:00:00,3666.409912109375,3695.2900390625,3659.6201171875,4387080000,3694.6201171875
2020-12-16 00:00:00,3696.25,3711.27001953125,3688.570068359375,4067040000,3701.169921875
2020-12-17 00:00:00,3713.64990234375,3725.1201171875,3710.8701171875,4192810000,3722.47998046875
2020-12-18 00:00:00,3722.389892578125,3726.699951171875,3685.840087890625,7097100000,3709.409912109375
2020-12-21 00:00:00,3684.280029296875,3702.89990234375,3636.47998046875,4748580000,3694.919921875
2020-12-22 00:00:00,3698.080078125,3698.260009765625,3676.159912109375,4053310000,3687.260009765625
2020-12-23 00:00:00,3693.419921875,3711.239990234375,3689.280029296875,3779160000,3690.010009765625
2020-12-24 00:00:00,3694.030029296875,3703.820068359375,3689.320068359375,1883780000,3703.06005859375
2020-12-28 00:00:00,3723.030029296875,3740.510009765625,3723.030029296875,3535460000,3735.360107421875
2020-12-29 00:00:00,3750.010009765625,3756.1201171875,3723.31005859375,3393290000,3727.0400390625
2020-12-30 00:00:00,3736.18994140625,3744.6298828125,3730.2099609375,3154850000,3732.0400390625
2020-12-31 00:00:00,3733.27001953125,3760.199951171875,3726.8798828125,3179040000,3756.070068359375
2021-01-04 00:00:00,3764.610107421875,3769.989990234375,3662.7099609375,5015000000,3700.64990234375
2021-01-05 00:00:00,3698.02001953125,3737.830078125,3695.070068359375,4591020000,3726.860107421875
2021-01-06 00:00:00,3712.199951171875,3783.0400390625,3705.340087890625,6064110000,3748.139892578125
2021-01-07 00:00:00,3764.7099609375,3811.550048828125,3764.7099609375,5099160000,3803.7900390625
2021-01-08 00:00:00,3815.050048828125,3826.68994140625,3783.60009765625,4773040000,3824.679931640625
2021-01-11 00:00:00,3803.139892578125,3817.860107421875,3789.02001953125,4465430000,3799.610107421875
2021-01-12 00:00:00,3801.6201171875,3810.780029296875,3776.510009765625,4994950000,3801.18994140625
2021-01-13 00:00:00,3802.22998046875,3820.9599609375,3791.5,4602510000,3809.840087890625
2021-01-14 00:00:00,3814.97998046875,3823.60009765625,3792.860107421875,5198480000,3795.5400390625
2021-01-15 00:00:00,3788.72998046875,3788.72998046875,3749.6201171875,5369820000,3768.25
2021-01-19 00:00:00,3781.8798828125,3804.530029296875,3780.3701171875,5014440000,3798.909912109375
2021-01-20 00:00:00,3816.219970703125,3859.75,3816.219970703125,4566190000,3851.85009765625
2021-01-21 00:00:00,3857.4599609375,3861.449951171875,3845.050048828125,4501760000,3853.070068359375
2021-01-22 00:00:00,3844.239990234375,3852.31005859375,3830.409912109375,5110890000,3841.469970703125
2021-01-25 00:00:00,3851.679931640625,3859.22998046875,3797.159912109375,7000840000,3855.360107421875
2021-01-26 00:00:00,3862.9599609375,3870.89990234375,3847.780029296875,6137500000,3849.6201171875
2021-01-27 00:00:00,3836.830078125,3836.830078125,3732.47998046875,9976520000,3750.77001953125
2021-01-28 00:00:00,3755.75,3830.5,3755.75,6992770000,3787.3798828125
2021-01-29 00:00:00,3778.050048828125,3778.050048828125,3694.1201171875,6643370000,3714.239990234375
2021-02-01 00:00:00,3731.169921875,3784.320068359375,3725.6201171875,5436230000,3773.860107421875
2021-02-02 00:00:00,3791.840087890625,3843.090087890625,3791.840087890625,5514090000,3826.31005859375
2021-02-03 00:00:00,3840.27001953125,3847.510009765625,3816.679931640625,4864870000,3830.169921875
2021-02-04 00:00:00,3836.659912109375,3872.419921875,3836.659912109375,4879240000,3871.739990234375
2021-02-05 00:00:00,3878.300048828125,3894.56005859375,3874.929931640625,4879470000,3886.830078125
2021-02-08 00:00:00,3892.590087890625,3915.77001953125,3892.590087890625,4648360000,3915.590087890625
2021-02-09 00:00:00,3910.489990234375,3918.35009765625,3902.639892578125,4568320000,3911.22998046875
2021-02-10 00:00:00,3920.780029296875,3931.5,3884.93994140625,4837070000,3909.8798828125
2021-02-11 00:00:00,3916.39990234375,3925.989990234375,3890.389892578125,4590960000,3916.3798828125
2021-02-12 00:00:00,3911.64990234375,3937.22998046875,3905.780029296875,4135060000,3934.830078125
2021-02-16 00:00:00,3939.610107421875,3950.429931640625,3923.85009765625,5058990000,3932.590087890625
2021-02-17 00:00:00,3918.5,3933.610107421875,3900.429931640625,4730650000,3931.330078125
2021-02-18 00:00:00,3915.860107421875,3921.97998046875,3885.030029296875,4793650000,3913.969970703125
2021-02-19 00:00:00,3921.159912109375,3930.409912109375,3903.070068359375,4845320000,3906.7099609375
2021-02-22 00:00:00,3885.550048828125,3902.919921875,3874.7099609375,5917100000,3876.5
2021-02-23 00:00:00,3857.070068359375,3895.97998046875,3805.590087890625,6296610000,3881.3701171875
2021-02-24 00:00:00,3873.7099609375,3928.64990234375,3859.60009765625,6012790000,3925.429931640625
2021-02-25 00:00:00,3915.800048828125,3925.02001953125,3814.0400390625,6547470000,3829.340087890625
2021-02-26 00:00:00,3839.659912109375,3861.080078125,3789.5400390625,6526070000,3811.14990234375
2021-03-01 00:00:00,3842.510009765625,3914.5,3842.510009765625,5114820000,3901.820068359375
2021-03-02 00:00:00,3903.639892578125,3906.409912109375,3868.570068359375,5536010000,3870.2900390625
2021-03-03 00:00:00,3863.989990234375,3874.469970703125,3818.860107421875,6173660000,3819.719970703125
2021-03-04 00:00:00,3818.530029296875,3843.669921875,3723.340087890625,7195400000,3768.469970703125
2021-03-05 00:00:00,3793.580078125,3851.68994140625,3730.18994140625,6851070000,3841.93994140625
2021-03-08 00:00:00,3844.389892578125,3881.06005859375,3819.25,5871710000,3821.35009765625
2021-03-09 00:00:00,3851.929931640625,3903.760009765625,3851.929931640625,5513560000,3875.43994140625
2021-03-10 00:00:00,3891.989990234375,3917.35009765625,3885.72998046875,5847380000,3898.81005859375
2021-03-11 00:00:00,3915.5400390625,3960.27001953125,3915.5400390625,5312880000,3939.340087890625
2021-03-12 00:00:00,3924.52001953125,3944.989990234375,3915.2099609375,4476280000,3943.340087890625
2021-03-15 00:00:00,3942.9599609375,3970.080078125,3923.5400390625,4900100000,3968.93994140625
2021-03-16 00:00:00,3973.590087890625,3981.0400390625,3953.43994140625,4613080000,3962.7099609375
2021-03-17 00:00:00,3949.570068359375,3983.8701171875,3935.739990234375,4561660000,3974.1201171875
2021-03-18 00:00:00,3953.5,3969.6201171875,3910.860107421875,5118590000,3915.4599609375
2021-03-19 00:00:00,3913.139892578125,3930.1201171875,3886.75,7757420000,3913.10009765625
2021-03-22 00:00:00,3916.47998046875,3955.31005859375,3914.159912109375,4316260000,3940.590087890625
2021-03-23 00:00:00,3937.60009765625,3949.1298828125,3901.570068359375,4669010000,3910.52001953125
2021-03-24 00:00:00,3919.929931640625,3942.080078125,3889.070068359375,4783020000,3889.139892578125
2021-03-25 00:00:00,3879.340087890625,3919.5400390625,3853.5,4948340000,3909.52001953125
2021-03-26 00:00:00,3917.1201171875,3978.18994140625,3917.1201171875,5483160000,3974.5400390625
2021-03-29 00:00:00,3969.31005859375,3981.830078125,3943.25,4628180000,3971.090087890625
2021-03-30 00:00:00,3963.340087890625,3968.010009765625,3944.35009765625,4121510000,3958.550048828125
2021-03-31 00:00:00,3967.25,3994.409912109375,3966.97998046875,4578050000,3972.889892578125
2021-04-01 00:00:00,3992.780029296875,4020.6298828125,3992.780029296875,4162130000,4019.8701171875
2021-04-05 00:00:00,4034.43994140625,4083.419921875,4034.43994140625,4005030000,4077.909912109375
2021-04-06 00:00:00,4075.570068359375,4086.22998046875,4068.139892578125,4081270000,4073.93994140625
2021-04-07 00:00:00,4074.2900390625,4083.1298828125,4068.31005859375,4120810000,4079.949951171875
2021-04-08 00:00:00,4089.949951171875,4098.18994140625,4082.5400390625,3907100000,4097.169921875
2021-04-09 00:00:00,4096.10986328125,4129.47998046875,4095.510009765625,3640390000,4128.7998046875
2021-04-12 00:00:00,4124.7099609375,4131.759765625,4114.81982421875,3588900000,4127.990234375
2021-04-13 00:00:00,4130.10009765625,4148.0,4124.43017578125,3734720000,4141.58984375
2021-04-14 00:00:00,4141.580078125,4151.68994140625,4120.8701171875,3985350000,4124.66015625
2021-04-15 00:00:00,4139.759765625,4173.490234375,4139.759765625,4033420000,4170.419921875
2021-04-16 00:00:00,4174.14013671875,4191.31005859375,4170.75,4163820000,4185.47021484375
2021-04-19 00:00:00,4179.7998046875,4180.81005859375,4150.47021484375,3810290000,4163.259765625
2021-04-20 00:00:00,4159.18017578125,4159.18017578125,4118.3798828125,4342650000,4134.93994140625
2021-04-21 00:00:00,4128.419921875,4175.02001953125,4126.35009765625,3887250000,4173.419921875
2021-04-22 00:00:00,4170.4599609375,4179.56982421875,4123.68994140625,4245140000,4134.97998046875
2021-04-23 00:00:00,4138.77978515625,4194.169921875,4138.77978515625,3569880000,4180.169921875
2021-04-26 00:00:00,4185.02978515625,4194.18994140625,4182.35986328125,3748320000,4187.6201171875
2021-04-27 00:00:00,4188.25,4193.35009765625,4176.22021484375,3710700000,4186.72021484375
2021-04-28 00:00:00,4185.14013671875,4201.52978515625,4181.77978515625,3787360000,4183.18017578125
2021-04-29 00:00:00,4206.14013671875,4218.77978515625,4176.81005859375,4298680000,4211.47021484375
2021-04-30 00:00:00,4198.10009765625,4198.10009765625,4174.85009765625,4300880000,4181.169921875
2021-05-03 00:00:00,4191.97998046875,4209.39013671875,4188.02978515625,4070220000,4192.66015625
2021-05-04 00:00:00,4179.0400390625,4179.0400390625,4128.58984375,4452460000,4164.66015625
2021-05-05 00:00:00,4177.06005859375,4187.72021484375,4160.93994140625,4230920000,4167.58984375
2021-05-06 00:00:00,4169.14013671875,4202.7001953125,4147.330078125,4511000000,4201.6201171875
2021-05-07 00:00:00,4210.33984375,4238.0400390625,4201.64013671875,4016080000,4232.60009765625
2021-05-10 00:00:00,4228.2900390625,4236.39013671875,4188.1298828125,4560700000,4188.43017578125
2021-05-11 00:00:00,4150.33984375,4162.0400390625,4111.52978515625,4870710000,4152.10009765625
2021-05-12 00:00:00,4130.5498046875,4134.72998046875,4056.8798828125,4733070000,4063.0400390625
2021-05-13 00:00:00,4074.989990234375,4131.580078125,4074.989990234375,4779540000,4112.5
2021-05-14 00:00:00,4129.580078125,4183.1298828125,4129.580078125,4008880000,4173.85009765625
2021-05-17 00:00:00,4169.919921875,4171.919921875,4142.68994140625,4125050000,4163.2900390625
2021-05-18 00:00:00,4165.93994140625,4169.14990234375,4125.990234375,4398150000,4127.830078125
2021-05-19 00:00:00,4098.4501953125,4116.93017578125,4061.409912109375,4247450000,4115.68017578125
2021-05-20 00:00:00,4121.97021484375,4172.7998046875,4121.97021484375,3978880000,4159.1201171875
2021-05-21 00:00:00,4168.60986328125,4188.72021484375,4151.72021484375,3995250000,4155.85986328125
2021-05-24 00:00:00,4170.16015625,4209.52001953125,4170.16015625,3684800000,4197.0498046875
2021-05-25 00:00:00,4205.93994140625,4213.419921875,4182.52001953125,4182250000,4188.1298828125
2021-05-26 00:00:00,4191.58984375,4202.60986328125,4184.10986328125,4420890000,4195.990234375
2021-05-27 00:00:00,4201.93994140625,4213.3798828125,4197.77978515625,6406310000,4200.8798828125
2021-05-28 00:00:00,4210.77001953125,4218.35986328125,4203.56982421875,4649250000,4204.10986328125
2021-06-01 00:00:00,4216.52001953125,4234.1201171875,4197.58984375,5074670000,4202.0400390625
2021-06-02 00:00:00,4206.81982421875,4217.3701171875,4198.27001953125,5833670000,4208.1201171875
2021-06-03 00:00:00,4191.43017578125,4204.39013671875,4167.93017578125,5587970000,4192.85009765625
2021-06-04 00:00:00,4206.0498046875,4233.4501953125,4206.0498046875,4139790000,4229.89013671875
2021-06-07 00:00:00,4229.33984375,4232.33984375,4215.66015625,4476920000,4226.52001953125
2021-06-08 00:00:00,4233.81005859375,4236.740234375,4208.41015625,4659620000,4227.259765625
2021-06-09 00:00:00,4232.990234375,4237.08984375,4218.740234375,4713260000,4219.5498046875
2021-06-10 00:00:00,4228.56005859375,4249.740234375,4220.33984375,4408210000,4239.18017578125
2021-06-11 00:00:00,4242.89990234375,4248.3798828125,4232.25,3815010000,4247.43994140625
2021-06-14 00:00:00,4248.31005859375,4255.58984375,4234.06982421875,4151200000,4255.14990234375
2021-06-15 00:00:00,4255.27978515625,4257.16015625,4238.35009765625,4048940000,4246.58984375
2021-06-16 00:00:00,4248.8701171875,4251.89013671875,4202.4501953125,4538350000,4223.7001953125
2021-06-17 00:00:00,4220.3701171875,4232.2900390625,4196.0498046875,5312680000,4221.85986328125
2021-06-18 00:00:00,4204.77978515625,4204.77978515625,4164.39990234375,6817010000,4166.4501953125
2021-06-21 00:00:00,4173.39990234375,4226.240234375,4173.39990234375,4128950000,4224.7900390625
2021-06-22 00:00:00,4224.60986328125,4255.83984375,4217.27001953125,3828390000,4246.43994140625
2021-06-23 00:00:00,4249.27001953125,4256.60009765625,4241.43017578125,3730350000,4241.83984375
2021-06-24 00:00:00,4256.97021484375,4271.27978515625,4256.97021484375,3816660000,4266.490234375
2021-06-25 00:00:00,4274.4501953125,4286.1201171875,4271.16015625,7341450000,4280.7001953125
2021-06-28 00:00:00,4284.89990234375,4292.14013671875,4274.669921875,4147890000,4290.60986328125
2021-06-29 00:00:00,4293.2099609375,4300.52001953125,4287.0400390625,3707150000,4291.7998046875
2021-06-30 00:00:00,4290.64990234375,4302.43017578125,4287.9599609375,4266040000,4297.5
2021-07-01 00:00:00,4300.72998046875,4320.66015625,4300.72998046875,3788230000,4319.93994140625
2021-07-02 00:00:00,4326.60009765625,4355.43017578125,4326.60009765625,3225840000,4352.33984375
2021-07-06 00:00:00,4356.4599609375,4356.4599609375,4314.3701171875,4309570000,4343.5400390625
2021-07-07 00:00:00,4351.009765625,4361.8798828125,4329.7900390625,4037380000,4358.1298828125
2021-07-08 00:00:00,4321.06982421875,4330.8798828125,4289.3701171875,4347500000,4320.81982421875
2021-07-09 00:00:00,4329.3798828125,4371.60009765625,4329.3798828125,3531120000,4369.5498046875
2021-07-12 00:00:00,4372.41015625,4386.68017578125,4364.02978515625,3384460000,4384.6298828125
2021-07-13 00:00:00,4381.06982421875,4392.3701171875,4366.919921875,3695430000,4369.2099609375
2021-07-14 00:00:00,4380.10986328125,4393.68017578125,4362.35986328125,4006370000,4374.2998046875
2021-07-15 00:00:00,4369.02001953125,4369.02001953125,4340.7001953125,3905230000,4360.02978515625
2021-07-16 00:00:00,4367.43017578125,4375.08984375,4322.52978515625,3985700000,4327.16015625
2021-07-19 00:00:00,4296.39990234375,4296.39990234375,4233.1298828125,5157660000,4258.490234375
2021-07-20 00:00:00,4265.10986328125,4336.83984375,4262.0498046875,4438270000,4323.06005859375
2021-07-21 00:00:00,4331.1298828125,4359.7001953125,4331.1298828125,3810280000,4358.68994140625
2021-07-22 00:00:00,4361.27001953125,4369.8701171875,4350.06005859375,3358300000,4367.47998046875
2021-07-23 00:00:00,4381.2001953125,4415.18017578125,4381.2001953125,4540070000,4411.7900390625
2021-07-26 00:00:00,4409.580078125,4422.72998046875,4405.4501953125,4275630000,4422.2998046875
2021-07-27 00:00:00,4416.3798828125,4416.3798828125,4372.509765625,4241950000,4401.4599609375
2021-07-28 00:00:00,4402.9501953125,4415.47021484375,4387.009765625,4215290000,4400.64013671875
2021-07-29 00:00:00,4403.58984375,4429.97021484375,4403.58984375,4044600000,4419.14990234375
2021-07-30 00:00:00,4395.1201171875,4412.25,4389.64990234375,3956740000,4395.259765625
2021-08-02 00:00:00,4406.85986328125,4422.18017578125,4384.81005859375,3724090000,4387.16015625
2021-08-03 00:00:00,4392.740234375,4423.7900390625,4373.0,3965190000,4423.14990234375
2021-08-04 00:00:00,4415.9501953125,4416.169921875,4400.22998046875,4260760000,4402.66015625
2021-08-05 00:00:00,4408.85986328125,4429.759765625,4408.85986328125,3769410000,4429.10009765625
2021-08-06 00:00:00,4429.06982421875,4440.81982421875,4429.06982421875,3451870000,4436.52001953125
2021-08-09 00:00:00,4437.77001953125,4439.39013671875,4424.740234375,3449280000,4432.35009765625
2021-08-10 00:00:00,4435.7900390625,4445.2099609375,4430.02978515625,3886610000,4436.75
2021-08-11 00:00:00,4442.18017578125,4449.43994140625,4436.419921875,3532560000,4442.41015625
2021-08-12 00:00:00,4446.080078125,4461.77001953125,4435.9599609375,3375310000,4460.830078125
2021-08-13 00:00:00,4464.83984375,4468.3701171875,4460.81982421875,3016470000,4468.0
2021-08-16 00:00:00,4461.64990234375,4480.259765625,4437.66015625,3370640000,4479.7099609375
2021-08-17 00:00:00,4462.1201171875,4462.1201171875,4417.830078125,3836960000,4448.080078125
2021-08-18 00:00:00,4440.93994140625,4454.31982421875,4397.58984375,3755590000,4400.27001953125
2021-08-19 00:00:00,4382.43994140625,4418.60986328125,4367.72998046875,4398410000,4405.7998046875
2021-08-20 00:00:00,4410.56005859375,4444.35009765625,4406.7998046875,3652610000,4441.669921875
2021-08-23 00:00:00,4450.2900390625,4489.8798828125,4450.2900390625,3576530000,4479.52978515625
2021-08-24 00:00:00,4484.39990234375,4492.81005859375,4482.27978515625,3979220000,4486.22998046875
2021-08-25 00:00:00,4490.4501953125,4501.7099609375,4485.66015625,3444700000,4496.18994140625
2021-08-26 00:00:00,4493.75,4495.89990234375,4468.990234375,3263980000,4470.0
2021-08-27 00:00:00,4474.10009765625,4513.330078125,4474.10009765625,3331200000,4509.3701171875
2021-08-30 00:00:00,4513.759765625,4537.35986328125,4513.759765625,3168660000,4528.7900390625
2021-08-31 00:00:00,4529.75,4531.39013671875,4515.7998046875,4290710000,4522.68017578125
2021-09-01 00:00:00,4528.7998046875,4537.10986328125,4522.02001953125,4057340000,4524.08984375
2021-09-02 00:00:00,4534.47998046875,4545.85009765625,4524.66015625,3735990000,4536.9501953125
2021-09-03 00:00:00,4532.419921875,4541.4501953125,4521.2998046875,3217530000,4535.43017578125
2021-09-07 00:00:00,4535.3798828125,4535.3798828125,4513.0,3822960000,4520.02978515625
2021-09-08 00:00:00,4518.08984375,4521.7900390625,4493.9501953125,3750880000,4514.06982421875
2021-09-09 00:00:00,4513.02001953125,4529.89990234375,4492.06982421875,3735390000,4493.27978515625
2021-09-10 00:00:00,4506.919921875,4520.47021484375,4457.66015625,3623180000,4458.580078125
2021-09-13 00:00:00,4474.81005859375,4492.990234375,4445.7001953125,3914220000,4468.72998046875
2021-09-14 00:00:00,4479.330078125,4485.68017578125,4435.4599609375,3670460000,4443.0498046875
2021-09-15 00:00:00,4447.490234375,4486.8701171875,4438.3701171875,4032020000,4480.7001953125
2021-09-16 00:00:00,4477.08984375,4485.8701171875,4443.7998046875,3984560000,4473.75
2021-09-17 00:00:00,4469.740234375,4471.52001953125,4427.759765625,7289530000,4432.990234375
2021-09-20 00:00:00,4402.9501953125,4402.9501953125,4305.91015625,4898070000,4357.72998046875
2021-09-21 00:00:00,4374.4501953125,4394.8701171875,4347.9599609375,3920920000,4354.18994140625
2021-09-22 00:00:00,4367.43017578125,4416.75,4367.43017578125,3939170000,4395.64013671875
2021-09-23 00:00:00,4406.75,4465.39990234375,4406.75,3916350000,4448.97998046875
2021-09-24 00:00:00,4438.0400390625,4463.1201171875,4430.27001953125,3384290000,4455.47998046875
2021-09-27 00:00:00,4442.1201171875,4457.2998046875,4436.18994140625,4058650000,4443.10986328125
2021-09-28 00:00:00,4419.5400390625,4419.5400390625,4346.330078125,4416550000,4352.6298828125
2021-09-29 00:00:00,4362.41015625,4385.56982421875,4355.080078125,3712660000,4359.4599609375
2021-09-30 00:00:00,4370.669921875,4382.5498046875,4306.240234375,4448140000,4307.5400390625
2021-10-01 00:00:00,4317.16015625,4375.18994140625,4288.52001953125,4010370000,4357.0400390625
2021-10-04 00:00:00,4348.83984375,4355.509765625,4278.93994140625,4307870000,4300.4599609375
2021-10-05 00:00:00,4309.8701171875,4369.22998046875,4309.8701171875,3902890000,4345.72021484375
2021-10-06 00:00:00,4319.56982421875,4365.56982421875,4290.490234375,4009630000,4363.5498046875
2021-10-07 00:00:00,4383.72998046875,4429.97021484375,4383.72998046875,3843740000,4399.759765625
2021-10-08 00:00:00,4406.509765625,4412.02001953125,4386.22021484375,3280160000,4391.33984375
2021-10-11 00:00:00,4385.43994140625,4415.8798828125,4360.58984375,3281970000,4361.18994140625
2021-10-12 00:00:00,4368.31005859375,4374.89013671875,4342.08984375,3558450000,4350.64990234375
2021-10-13 00:00:00,4358.009765625,4372.8701171875,4329.919921875,3620070000,4363.7998046875
2021-10-14 00:00:00,4386.75,4439.72998046875,4386.75,3598280000,4438.259765625
2021-10-15 00:00:00,4447.68994140625,4475.81982421875,4447.68994140625,3819380000,4471.3701171875
2021-10-18 00:00:00,4463.72021484375,4488.75,4447.47021484375,3662010000,4486.4599609375
2021-10-19 00:00:00,4497.33984375,4520.39990234375,4496.41015625,3459130000,4519.6298828125
2021-10-20 00:00:00,4524.419921875,4540.8701171875,4524.39990234375,3670760000,4536.18994140625
2021-10-21 00:00:00,4532.240234375,4551.43994140625,4526.89013671875,3822330000,4549.77978515625
2021-10-22 00:00:00,4546.1201171875,4559.669921875,4524.0,3758220000,4544.89990234375
2021-10-25 00:00:00,4553.68994140625,4572.6201171875,4537.35986328125,3899400000,4566.47998046875
2021-10-26 00:00:00,4578.68994140625,4598.52978515625,4569.169921875,3879740000,4574.7900390625
2021-10-27 00:00:00,4580.22021484375,4584.56982421875,4551.66015625,4226050000,4551.68017578125
2021-10-28 00:00:00,4562.83984375,4597.5498046875,4562.83984375,4132950000,4596.419921875
2021-10-29 00:00:00,4572.8701171875,4608.080078125,4567.58984375,4510200000,4605.3798828125
2021-11-01 00:00:00,4610.6201171875,4620.33984375,4595.06005859375,3971540000,4613.669921875
2021-11-02 00:00:00,4613.33984375,4635.14990234375,4613.33984375,3975250000,4630.64990234375
2021-11-03 00:00:00,4630.64990234375,4663.4599609375,4621.18994140625,4319660000,4660.56982421875
2021-11-04 00:00:00,4662.93017578125,4683.0,4662.58984375,4462300000,4680.06005859375
2021-11-05 00:00:00,4699.259765625,4718.5,4681.31982421875,4467180000,4697.52978515625
2021-11-08 00:00:00,4701.47998046875,4714.919921875,4694.39013671875,4269710000,4701.7001953125
2021-11-09 00:00:00,4707.25,4708.52978515625,4670.8701171875,4117080000,4685.25
2021-11-10 00:00:00,4670.259765625,4684.85009765625,4630.85986328125,4503720000,4646.7099609375
2021-11-11 00:00:00,4659.39013671875,4664.5498046875,4648.31005859375,3926870000,4649.27001953125
2021-11-12 00:00:00,4655.240234375,4688.47021484375,4650.77001953125,3728600000,4682.85009765625
2021-11-15 00:00:00,4689.2998046875,4697.419921875,4672.85986328125,3488410000,4682.7998046875
2021-11-16 00:00:00,4679.419921875,4714.9501953125,4679.419921875,3972640000,4700.89990234375
2021-11-17 00:00:00,4701.5,4701.5,4684.41015625,3969070000,4688.669921875
2021-11-18 00:00:00,4700.72021484375,4708.7998046875,4672.77978515625,4226410000,4704.5400390625
2021-11-19 00:00:00,4708.43994140625,4717.75,4694.22021484375,4253180000,4697.9599609375
2021-11-22 00:00:00,4712.0,4743.830078125,4682.169921875,4441100000,4682.93994140625
2021-11-23 00:00:00,4678.47998046875,4699.39013671875,4652.66015625,4277590000,4690.7001953125
2021-11-24 00:00:00,4675.77978515625,4702.8701171875,4659.89013671875,3418430000,4701.4599609375
2021-11-26 00:00:00,4664.6298828125,4664.6298828125,4585.43017578125,3517700000,4594.6201171875
2021-11-29 00:00:00,4628.75,4672.9501953125,4625.259765625,4336410000,4655.27001953125
2021-11-30 00:00:00,4640.25,4646.02001953125,4560.0,6625990000,4567.0
2021-12-01 00:00:00,4602.81982421875,4652.93994140625,4510.27001953125,5366730000,4513.0400390625
2021-12-02 00:00:00,4504.72998046875,4595.4599609375,4504.72998046875,5077180000,4577.10009765625
2021-12-03 00:00:00,4589.490234375,4608.02978515625,4495.1201171875,5240070000,4538.43017578125
2021-12-06 00:00:00,4548.3701171875,4612.60009765625,4540.509765625,4770800000,4591.669921875
2021-12-07 00:00:00,4631.97021484375,4694.0400390625,4631.97021484375,4492400000,4686.75
2021-12-08 00:00:00,4690.85986328125,4705.06005859375,4674.52001953125,4234600000,4701.2099609375
2021-12-09 00:00:00,4691.0,4695.259765625,4665.97998046875,3903840000,4667.4501953125
2021-12-10 00:00:00,4687.64013671875,4713.56982421875,4670.240234375,3870110000,4712.02001953125
2021-12-13 00:00:00,4710.2998046875,4710.2998046875,4667.60009765625,4397230000,4668.97021484375
2021-12-14 00:00:00,4642.990234375,4660.47021484375,4606.52001953125,4485430000,4634.08984375
2021-12-15 00:00:00,4636.4599609375,4712.60009765625,4611.22021484375,4910130000,4709.85009765625
2021-12-16 00:00:00,4719.1298828125,4731.990234375,4651.89013671875,4829500000,4668.669921875
2021-12-17 00:00:00,4652.5,4666.7001953125,4600.22021484375,7987090000,4620.64013671875
2021-12-20 00:00:00,4587.89990234375,4587.89990234375,4531.10009765625,4635700000,4568.02001953125
2021-12-21 00:00:00,4594.9599609375,4651.14013671875,4583.16015625,4072430000,4649.22998046875
2021-12-22 00:00:00,4650.35986328125,4697.669921875,4645.52978515625,3319610000,4696.56005859375
2021-12-23 00:00:00,4703.9599609375,4740.740234375,4703.9599609375,2913040000,4725.7900390625
2021-12-27 00:00:00,4733.990234375,4791.490234375,4733.990234375,2770290000,4791.18994140625
2021-12-28 00:00:00,4795.490234375,4807.02001953125,4780.0400390625,2707920000,4786.35009765625
2021-12-29 00:00:00,4788.64013671875,4804.06005859375,4778.080078125,2963310000,4793.06005859375
2021-12-30 00:00:00,4794.22998046875,4808.93017578125,4775.330078125,3124950000,4778.72998046875
2021-12-31 00:00:00,4775.2099609375,4786.830078125,4765.75,2677820000,4766.18017578125
2022-01-03 00:00:00,4778.14013671875,4796.64013671875,4758.169921875,3831020000,4796.56005859375
2022-01-04 00:00:00,4804.509765625,4818.6201171875,4774.27001953125,4683170000,4793.5400390625
2022-01-05 00:00:00,4787.990234375,4797.7001953125,4699.43994140625,4887960000,4700.580078125
2022-01-06 00:00:00,4693.39013671875,4725.009765625,4671.259765625,4295280000,4696.0498046875
2022-01-07 00:00:00,4697.66015625,4707.9501953125,4662.740234375,4181510000,4677.02978515625
2022-01-10 00:00:00,4655.33984375,4673.02001953125,4582.240234375,4511810000,4670.2900390625
2022-01-11 00:00:00,4669.14013671875,4714.1298828125,4638.27001953125,4101590000,4713.06982421875
2022-01-12 00:00:00,4728.58984375,4748.830078125,4706.7099609375,4048220000,4726.35009765625
2022-01-13 00:00:00,4733.56005859375,4744.1298828125,4650.2900390625,4251730000,4659.02978515625
2022-01-14 00:00:00,4637.990234375,4665.1298828125,4614.75,4338490000,4662.85009765625
2022-01-18 00:00:00,4632.240234375,4632.240234375,4568.7001953125,4748700000,4577.10986328125
2022-01-19 00:00:00,4588.02978515625,4611.5498046875,4530.2001953125,4465740000,4532.759765625
2022-01-20 00:00:00,4547.35009765625,4602.10986328125,4477.9501953125,4640870000,4482.72998046875
2022-01-21 00:00:00,4471.3798828125,4494.52001953125,4395.33984375,5589100000,4397.93994140625
2022-01-24 00:00:00,4356.31982421875,4417.35009765625,4222.6201171875,6928110000,4410.1298828125
2022-01-25 00:00:00,4366.64013671875,4411.009765625,4287.10986328125,5145050000,4356.4501953125
2022-01-26 00:00:00,4408.43017578125,4453.22998046875,4304.7998046875,5570640000,4349.93017578125
2022-01-27 00:00:00,4380.580078125,4428.740234375,4309.5,5214200000,4326.509765625
2022-01-28 00:00:00,4336.18994140625,4432.72021484375,4292.4599609375,5031090000,4431.85009765625
2022-01-31 00:00:00,4431.7900390625,4516.89013671875,4414.02001953125,5098610000,4515.5498046875
2022-02-01 00:00:00,4519.56982421875,4550.490234375,4483.52978515625,4816830000,4546.5400390625
2022-02-02 00:00:00,4566.39013671875,4595.31005859375,4544.31982421875,4481580000,4589.3798828125
2022-02-03 00:00:00,4535.41015625,4542.8798828125,4470.39013671875,4401970000,4477.43994140625
2022-02-04 00:00:00,4482.7900390625,4539.66015625,4451.5,4706290000,4500.52978515625
2022-02-07 00:00:00,4505.75,4521.85986328125,4471.47021484375,4228480000,4483.8701171875
2022-02-08 00:00:00,4480.02001953125,4531.31982421875,4465.39990234375,4459620000,4521.5400390625
2022-02-09 00:00:00,4547.0,4590.02978515625,4547.0,4524350000,4587.18017578125
2022-02-10 00:00:00,4553.240234375,4588.919921875,4484.31005859375,5314860000,4504.080078125
2022-02-11 00:00:00,4506.27001953125,4526.330078125,4401.41015625,5251500000,4418.64013671875
2022-02-14 00:00:00,4412.60986328125,4426.22021484375,4364.83984375,4600390000,4401.669921875
2022-02-15 00:00:00,4429.27978515625,4472.77001953125,4429.27978515625,4430830000,4471.06982421875
2022-02-16 00:00:00,4455.75,4489.5498046875,4429.68017578125,4283640000,4475.009765625
2022-02-17 00:00:00,4456.06005859375,4456.06005859375,4373.81005859375,4539420000,4380.259765625
2022-02-18 00:00:00,4384.56982421875,4394.60009765625,4327.22021484375,4708060000,4348.8701171875
2022-02-22 00:00:00,4332.740234375,4362.1201171875,4267.10986328125,5121900000,4304.759765625
2022-02-23 00:00:00,4324.93017578125,4341.509765625,4221.509765625,4797430000,4225.5
2022-02-24 00:00:00,4155.77001953125,4294.72998046875,4114.64990234375,6752130000,4288.7001953125
2022-02-25 00:00:00,4298.3798828125,4385.33984375,4286.830078125,5177060000,4384.64990234375
2022-02-28 00:00:00,4354.169921875,4388.83984375,4315.1201171875,6071370000,4373.93994140625
2022-03-01 00:00:00,4363.14013671875,4378.4501953125,4279.5400390625,5846230000,4306.259765625
2022-03-02 00:00:00,4322.56005859375,4401.47998046875,4322.56005859375,5337870000,4386.5400390625
2022-03-03 00:00:00,4401.31005859375,4416.77978515625,4345.56005859375,5039890000,4363.490234375
2022-03-04 00:00:00,4342.1201171875,4342.1201171875,4284.97998046875,5797380000,4328.8701171875
2022-03-07 00:00:00,4327.009765625,4327.009765625,4199.85009765625,6940470000,4201.08984375
2022-03-08 00:00:00,4202.66015625,4276.93994140625,4157.8701171875,7243120000,4170.7001953125
2022-03-09 00:00:00,4223.10009765625,4299.39990234375,4223.10009765625,5662670000,4277.8798828125
2022-03-10 00:00:00,4252.5498046875,4268.27978515625,4209.7998046875,4980830000,4259.52001953125
2022-03-11 00:00:00,4279.5,4291.009765625,4200.490234375,4938640000,4204.31005859375
2022-03-14 00:00:00,4202.75,4247.56982421875,4161.72021484375,5574920000,4173.10986328125
2022-03-15 00:00:00,4188.81982421875,4271.0498046875,4187.89990234375,5392470000,4262.4501953125
2022-03-16 00:00:00,4288.14013671875,4358.89990234375,4251.990234375,6309750000,4357.85986328125
2022-03-17 00:00:00,4345.10986328125,4412.669921875,4335.64990234375,4985090000,4411.669921875
2022-03-18 00:00:00,4407.33984375,4465.39990234375,4390.56982421875,8278430000,4463.1201171875
2022-03-21 00:00:00,4462.39990234375,4481.75,4424.2998046875,4869820000,4461.18017578125
2022-03-22 00:00:00,4469.10009765625,4522.0,4469.10009765625,4754840000,4511.60986328125
2022-03-23 00:00:00,4493.10009765625,4501.06982421875,4455.81005859375,4550670000,4456.240234375
2022-03-24 00:00:00,4469.97998046875,4520.580078125,4465.169921875,4131390000,4520.16015625
2022-03-25 00:00:00,4522.91015625,4546.02978515625,4501.06982421875,4305020000,4543.06005859375
2022-03-28 00:00:00,4541.08984375,4575.64990234375,4517.68994140625,4312260000,4575.52001953125
2022-03-29 00:00:00,4602.85986328125,4637.2998046875,4589.66015625,5085910000,4631.60009765625
2022-03-30 00:00:00,4624.2001953125,4627.77001953125,4581.31982421875,4385570000,4602.4501953125
2022-03-31 00:00:00,4599.02001953125,4603.06982421875,4530.41015625,4823020000,4530.41015625
2022-04-01 00:00:00,4540.31982421875,4548.7001953125,4507.56982421875,4562940000,4545.85986328125
2022-04-04 00:00:00,4547.97021484375,4583.5,4539.2099609375,4547350000,4582.64013671875
2022-04-05 00:00:00,4572.4501953125,4593.4501953125,4514.169921875,4800620000,4525.1201171875
2022-04-06 00:00:00,4494.169921875,4503.93994140625,4450.0400390625,4986830000,4481.14990234375
2022-04-07 00:00:00,4474.64990234375,4521.16015625,4450.2998046875,4821490000,4500.2099609375
2022-04-08 00:00:00,4494.14990234375,4520.41015625,4474.60009765625,4083200000,4488.27978515625
2022-04-11 00:00:00,4462.64013671875,4464.35009765625,4408.3798828125,4266290000,4412.52978515625
2022-04-12 00:00:00,4437.58984375,4471.0,4381.33984375,4152090000,4397.4501953125
2022-04-13 00:00:00,4394.2998046875,4453.919921875,4392.7001953125,3828150000,4446.58984375
2022-04-14 00:00:00,4449.1201171875,4460.4599609375,4390.77001953125,4083090000,4392.58984375
2022-04-18 00:00:00,4385.6298828125,4410.31005859375,4370.2998046875,3910490000,4391.68994140625
2022-04-19 00:00:00,4390.6298828125,4471.02978515625,4390.6298828125,4108120000,4462.2099609375
2022-04-20 00:00:00,4472.259765625,4488.2900390625,4448.759765625,4290450000,4459.4501953125
2022-04-21 00:00:00,4489.169921875,4512.93994140625,4384.47021484375,4636890000,4393.66015625
2022-04-22 00:00:00,4385.830078125,4385.830078125,4267.6201171875,4651940000,4271.77978515625
2022-04-25 00:00:00,4255.33984375,4299.02001953125,4200.81982421875,5240040000,4296.1201171875
2022-04-26 00:00:00,4278.14013671875,4278.14013671875,4175.0400390625,4689970000,4175.2001953125
2022-04-27 00:00:00,4186.52001953125,4240.7099609375,4162.89990234375,4769680000,4183.9599609375
2022-04-28 00:00:00,4222.580078125,4308.4501953125,4188.6298828125,4854180000,4287.5
2022-04-29 00:00:00,4253.75,4269.68017578125,4124.27978515625,5084030000,4131.93017578125
2022-05-02 00:00:00,4130.60986328125,4169.81005859375,4062.510009765625,5163790000,4155.3798828125
2022-05-03 00:00:00,4159.77978515625,4200.10009765625,4147.080078125,4582050000,4175.47998046875
2022-05-04 00:00:00,4181.18017578125,4307.66015625,4148.91015625,5136360000,4300.169921875
2022-05-05 00:00:00,4270.43017578125,4270.43017578125,4106.009765625,5077030000,4146.8701171875
2022-05-06 00:00:00,4128.169921875,4157.68994140625,4067.909912109375,5116940000,4123.33984375
2022-05-09 00:00:00,4081.27001953125,4081.27001953125,3975.47998046875,5954520000,3991.239990234375
2022-05-10 00:00:00,4035.179931640625,4068.820068359375,3958.169921875,5885820000,4001.050048828125
2022-05-11 00:00:00,3990.080078125,4049.090087890625,3928.820068359375,5816140000,3935.179931640625
2022-05-12 00:00:00,3903.949951171875,3964.800048828125,3858.8701171875,6286450000,3930.080078125
2022-05-13 00:00:00,3963.89990234375,4038.8798828125,3963.89990234375,5183340000,4023.889892578125
2022-05-16 00:00:00,4013.02001953125,4046.4599609375,3983.989990234375,4415030000,4008.010009765625
2022-05-17 00:00:00,4052.0,4090.719970703125,4033.929931640625,4841410000,4088.85009765625
2022-05-18 00:00:00,4051.97998046875,4051.97998046875,3911.909912109375,5103220000,3923.679931640625
2022-05-19 00:00:00,3899.0,3945.9599609375,3876.580078125,5113550000,3900.7900390625
2022-05-20 00:00:00,3927.760009765625,3943.419921875,3810.320068359375,5130730000,3901.360107421875
2022-05-23 00:00:00,3919.419921875,3981.8798828125,3909.0400390625,4420030000,3973.75
2022-05-24 00:00:00,3942.93994140625,3955.679931640625,3875.1298828125,4923190000,3941.47998046875
2022-05-25 00:00:00,3929.590087890625,3999.330078125,3925.030029296875,4802560000,3978.72998046875
2022-05-26 00:00:00,3984.60009765625,4075.139892578125,3984.60009765625,4709970000,4057.840087890625
2022-05-27 00:00:00,4077.429931640625,4158.490234375,4077.429931640625,4375620000,4158.240234375
2022-05-31 00:00:00,4151.08984375,4168.33984375,4104.8798828125,6822640000,4132.14990234375
2022-06-01 00:00:00,4149.77978515625,4166.5400390625,4073.85009765625,4531800000,4101.22998046875
2022-06-02 00:00:00,4095.409912109375,4177.509765625,4074.3701171875,4405790000,4176.81982421875
2022-06-03 00:00:00,4137.56982421875,4142.669921875,4098.669921875,3711110000,4108.5400390625
2022-06-06 00:00:00,4134.72021484375,4168.77978515625,4109.18017578125,4332700000,4121.43017578125
2022-06-07 00:00:00,4096.47021484375,4164.85986328125,4080.18994140625,4248210000,4160.68017578125
2022-06-08 00:00:00,4147.1201171875,4160.14013671875,4107.2001953125,4159470000,4115.77001953125
2022-06-09 00:00:00,4101.64990234375,4119.10009765625,4017.169921875,4134170000,4017.820068359375
2022-06-10 00:00:00,3974.389892578125,3974.389892578125,3900.159912109375,4889640000,3900.860107421875
2022-06-13 00:00:00,3838.14990234375,3838.14990234375,3734.300048828125,5636890000,3749.6298828125
2022-06-14 00:00:00,3763.52001953125,3778.179931640625,3705.679931640625,5153890000,3735.47998046875
2022-06-15 00:00:00,3764.050048828125,3837.56005859375,3722.300048828125,5530480000,3789.989990234375
2022-06-16 00:00:00,3728.179931640625,3728.179931640625,3639.77001953125,5644930000,3666.77001953125
2022-06-17 00:00:00,3665.89990234375,3707.7099609375,3636.8701171875,8520740000,3674.840087890625
2022-06-21 00:00:00,3715.31005859375,3779.64990234375,3715.31005859375,5292260000,3764.7900390625
2022-06-22 00:00:00,3733.889892578125,3801.7900390625,3717.68994140625,5058990000,3759.889892578125
2022-06-23 00:00:00,3774.7099609375,3802.580078125,3743.52001953125,5098640000,3795.72998046875
2022-06-24 00:00:00,3821.75,3913.64990234375,3821.75,8120260000,3911.739990234375
2022-06-27 00:00:00,3920.760009765625,3927.719970703125,3889.659912109375,4325310000,3900.110107421875
2022-06-28 00:00:00,3913.0,3945.860107421875,3820.139892578125,4270120000,3821.550048828125
2022-06-29 00:00:00,3825.090087890625,3836.5,3799.02001953125,4211240000,3818.830078125
2022-06-30 00:00:00,3785.989990234375,3818.989990234375,3738.669921875,4840070000,3785.3798828125
2022-07-01 00:00:00,3781.0,3829.820068359375,3752.10009765625,4046950000,3825.330078125
2022-07-05 00:00:00,3792.610107421875,3832.18994140625,3742.06005859375,5076590000,3831.389892578125
2022-07-06 00:00:00,3831.97998046875,3870.909912109375,3809.3701171875,4417720000,3845.080078125
2022-07-07 00:00:00,3858.85009765625,3910.6298828125,3858.85009765625,4057770000,3902.6201171875
2022-07-08 00:00:00,3888.260009765625,3918.5,3869.340087890625,3521620000,3899.3798828125
2022-07-11 00:00:00,3880.93994140625,3880.93994140625,3847.219970703125,3423480000,3854.429931640625
2022-07-12 00:00:00,3851.949951171875,3873.409912109375,3802.360107421875,3817210000,3818.800048828125
2022-07-13 00:00:00,3779.669921875,3829.43994140625,3759.070068359375,4109390000,3801.780029296875
2022-07-14 00:00:00,3763.989990234375,3796.409912109375,3721.56005859375,4199690000,3790.3798828125
2022-07-15 00:00:00,3818.0,3863.6201171875,3817.179931640625,4143800000,3863.159912109375
2022-07-18 00:00:00,3883.7900390625,3902.43994140625,3818.6298828125,4046870000,3830.85009765625
2022-07-19 00:00:00,3860.72998046875,3939.81005859375,3860.72998046875,4041070000,3936.68994140625
2022-07-20 00:00:00,3935.320068359375,3974.1298828125,3922.030029296875,4185300000,3959.89990234375
2022-07-21 00:00:00,3955.469970703125,3999.2900390625,3927.639892578125,4132790000,3998.949951171875
2022-07-22 00:00:00,3998.429931640625,4012.43994140625,3938.860107421875,3979240000,3961.6298828125
2022-07-25 00:00:00,3965.719970703125,3975.300048828125,3943.4599609375,3568340000,3966.840087890625
2022-07-26 00:00:00,3953.219970703125,3953.219970703125,3910.739990234375,3778950000,3921.050048828125
2022-07-27 00:00:00,3951.429931640625,4039.56005859375,3951.429931640625,4112180000,4023.610107421875
2022-07-28 00:00:00,4026.1298828125,4078.949951171875,3992.969970703125,4413000000,4072.429931640625
2022-07-29 00:00:00,4087.330078125,4140.14990234375,4079.219970703125,4616360000,4130.2900390625
2022-08-01 00:00:00,4112.3798828125,4144.9501953125,4096.02001953125,4202810000,4118.6298828125
2022-08-02 00:00:00,4104.2099609375,4140.47021484375,4079.81005859375,4727710000,4091.18994140625
2022-08-03 00:00:00,4107.9599609375,4167.66015625,4107.9599609375,4351760000,4155.169921875
2022-08-04 00:00:00,4154.85009765625,4161.2900390625,4135.419921875,4283320000,4151.93994140625
2022-08-05 00:00:00,4115.8701171875,4151.580078125,4107.31005859375,4085940000,4145.18994140625
2022-08-08 00:00:00,4155.93017578125,4186.6201171875,4128.97021484375,4221090000,4140.06005859375
2022-08-09 00:00:00,4133.10986328125,4137.2998046875,4112.08984375,3913090000,4122.47021484375
2022-08-10 00:00:00,4181.02001953125,4211.02978515625,4177.259765625,4546010000,4210.240234375
2022-08-11 00:00:00,4227.39990234375,4257.91015625,4201.41015625,4630200000,4207.27001953125
2022-08-12 00:00:00,4225.02001953125,4280.47021484375,4219.77978515625,3788010000,4280.14990234375
2022-08-15 00:00:00,4269.3701171875,4301.7900390625,4256.89990234375,3696830000,4297.14013671875
2022-08-16 00:00:00,4290.4599609375,4325.27978515625,4277.77001953125,4329820000,4305.2001953125
2022-08-17 00:00:00,4280.39990234375,4302.18017578125,4253.080078125,3885030000,4274.0400390625
2022-08-18 00:00:00,4273.1298828125,4292.52978515625,4261.97998046875,3340330000,4283.740234375
2022-08-19 00:00:00,4266.31005859375,4266.31005859375,4218.7001953125,3761340000,4228.47998046875
2022-08-22 00:00:00,4195.080078125,4195.080078125,4129.85986328125,3907430000,4137.990234375
2022-08-23 00:00:00,4133.08984375,4159.77001953125,4124.02978515625,3823520000,4128.72998046875
2022-08-24 00:00:00,4126.5498046875,4156.56005859375,4119.97021484375,3583630000,4140.77001953125
2022-08-25 00:00:00,4153.259765625,4200.5400390625,4147.58984375,3566870000,4199.1201171875
2022-08-26 00:00:00,4198.740234375,4203.0400390625,4057.659912109375,3832750000,4057.659912109375
2022-08-29 00:00:00,4034.580078125,4062.989990234375,4017.419921875,3396510000,4030.610107421875
2022-08-30 00:00:00,4041.25,4044.97998046875,3965.2099609375,3835860000,3986.159912109375
2022-08-31 00:00:00,4000.669921875,4015.3701171875,3954.530029296875,4542490000,3955.0
2022-09-01 00:00:00,3936.72998046875,3970.22998046875,3903.64990234375,4152250000,3966.85009765625
2022-09-02 00:00:00,3994.659912109375,4018.429931640625,3906.2099609375,3665850000,3924.260009765625
2022-09-06 00:00:00,3930.889892578125,3942.550048828125,3886.75,4127340000,3908.18994140625
2022-09-07 00:00:00,3909.429931640625,3987.889892578125,3906.030029296875,3890320000,3979.8701171875
2022-09-08 00:00:00,3959.93994140625,4010.5,3944.81005859375,3966850000,4006.179931640625
2022-09-09 00:00:00,4022.93994140625,4076.81005859375,4022.93994140625,3901940000,4067.360107421875
2022-09-12 00:00:00,4083.669921875,4119.27978515625,4083.669921875,3814200000,4110.41015625
2022-09-13 00:00:00,4037.1201171875,4037.1201171875,3921.280029296875,4224550000,3932.68994140625
2022-09-14 00:00:00,3940.72998046875,3961.93994140625,3912.179931640625,4293240000,3946.010009765625
2022-09-15 00:00:00,3932.409912109375,3959.139892578125,3888.280029296875,4441830000,3901.35009765625
2022-09-16 00:00:00,3880.949951171875,3880.949951171875,3837.080078125,7954650000,3873.330078125
2022-09-19 00:00:00,3849.909912109375,3900.449951171875,3838.5,3766850000,3899.889892578125
2022-09-20 00:00:00,3875.22998046875,3876.010009765625,3827.5400390625,4058050000,3855.929931640625
2022-09-21 00:00:00,3871.39990234375,3907.070068359375,3789.489990234375,4078330000,3789.929931640625
2022-09-22 00:00:00,3782.360107421875,3790.89990234375,3749.449951171875,4284600000,3757.989990234375
2022-09-23 00:00:00,3727.139892578125,3727.139892578125,3647.469970703125,5144270000,3693.22998046875
2022-09-26 00:00:00,3682.719970703125,3715.669921875,3644.760009765625,4886140000,3655.0400390625
2022-09-27 00:00:00,3686.43994140625,3717.530029296875,3623.2900390625,4577740000,3647.2900390625
2022-09-28 00:00:00,3651.93994140625,3736.739990234375,3640.610107421875,4684850000,3719.0400390625
2022-09-29 00:00:00,3687.010009765625,3687.010009765625,3610.39990234375,4681810000,3640.469970703125
2022-09-30 00:00:00,3633.47998046875,3671.43994140625,3584.1298828125,5645360000,3585.6201171875
2022-10-03 00:00:00,3609.780029296875,3698.35009765625,3604.929931640625,4806680000,3678.429931640625
2022-10-04 00:00:00,3726.4599609375,3791.919921875,3726.4599609375,5146580000,3790.929931640625
2022-10-05 00:00:00,3753.25,3806.909912109375,3722.659912109375,4293180000,3783.280029296875
2022-10-06 00:00:00,3771.969970703125,3797.929931640625,3739.219970703125,4252100000,3744.52001953125
2022-10-07 00:00:00,3706.739990234375,3706.739990234375,3620.72998046875,4449660000,3639.659912109375
2022-10-10 00:00:00,3647.510009765625,3652.169921875,3588.10009765625,3834320000,3612.389892578125
2022-10-11 00:00:00,3595.860107421875,3640.659912109375,3568.449951171875,4759030000,3588.840087890625
2022-10-12 00:00:00,3590.830078125,3608.340087890625,3573.860107421875,4006830000,3577.030029296875
2022-10-13 00:00:00,3520.3701171875,3685.409912109375,3491.580078125,5021680000,3669.909912109375
2022-10-14 00:00:00,3690.409912109375,3712.0,3579.679931640625,4243030000,3583.070068359375
2022-10-17 00:00:00,3638.64990234375,3689.72998046875,3638.64990234375,4352780000,3677.949951171875
2022-10-18 00:00:00,3746.260009765625,3762.7900390625,3686.530029296875,4483740000,3719.97998046875
2022-10-19 00:00:00,3703.110107421875,3728.580078125,3666.510009765625,4223800000,3695.159912109375
2022-10-20 00:00:00,3689.050048828125,3736.0,3656.43994140625,4496620000,3665.780029296875
2022-10-21 00:00:00,3657.10009765625,3757.889892578125,3647.419921875,5078020000,3752.75
2022-10-24 00:00:00,3762.010009765625,3810.739990234375,3741.64990234375,4747930000,3797.340087890625
2022-10-25 00:00:00,3799.43994140625,3862.85009765625,3799.43994140625,4843120000,3859.110107421875
2022-10-26 00:00:00,3825.969970703125,3886.14990234375,3824.070068359375,4817310000,3830.60009765625
2022-10-27 00:00:00,3834.68994140625,3859.949951171875,3803.7900390625,4687320000,3807.300048828125
2022-10-28 00:00:00,3808.260009765625,3905.419921875,3808.260009765625,4459410000,3901.06005859375
2022-10-31 00:00:00,3881.85009765625,3893.72998046875,3863.179931640625,4820620000,3871.97998046875
2022-11-01 00:00:00,3901.7900390625,3911.7900390625,3843.800048828125,4481210000,3856.10009765625
2022-11-02 00:00:00,3852.89990234375,3894.43994140625,3758.679931640625,4899000000,3759.68994140625
2022-11-03 00:00:00,3733.25,3750.590087890625,3698.14990234375,4625290000,3719.889892578125
2022-11-04 00:00:00,3766.97998046875,3796.340087890625,3708.840087890625,5400180000,3770.550048828125
2022-11-07 00:00:00,3780.7099609375,3813.949951171875,3764.699951171875,4341620000,3806.800048828125
2022-11-08 00:00:00,3817.02001953125,3859.39990234375,3786.280029296875,4607640000,3828.110107421875
2022-11-09 00:00:00,3810.93994140625,3818.199951171875,3744.219970703125,4645010000,3748.570068359375
2022-11-10 00:00:00,3859.889892578125,3958.330078125,3859.889892578125,5781260000,3956.3701171875
2022-11-11 00:00:00,3963.719970703125,4001.47998046875,3944.820068359375,5593310000,3992.929931640625
2022-11-14 00:00:00,3977.969970703125,4008.969970703125,3956.39990234375,4561930000,3957.25
2022-11-15 00:00:00,4006.409912109375,4028.840087890625,3953.169921875,5015310000,3991.72998046875
2022-11-16 00:00:00,3976.820068359375,3983.090087890625,3954.340087890625,4165320000,3958.7900390625
2022-11-17 00:00:00,3919.260009765625,3954.330078125,3906.5400390625,4051780000,3946.56005859375
2022-11-18 00:00:00,3966.389892578125,3979.889892578125,3935.97998046875,4037360000,3965.340087890625
2022-11-21 00:00:00,3956.22998046875,3962.0,3933.340087890625,3850690000,3949.93994140625
2022-11-22 00:00:00,3965.510009765625,4005.8798828125,3956.8798828125,3887990000,4003.580078125
2022-11-23 00:00:00,4000.300048828125,4033.780029296875,3998.659912109375,3279720000,4027.260009765625
2022-11-25 00:00:00,4023.340087890625,4034.02001953125,4020.760009765625,1706460000,4026.1201171875
2022-11-28 00:00:00,4005.360107421875,4012.27001953125,3955.77001953125,3615430000,3963.93994140625
2022-11-29 00:00:00,3964.18994140625,3976.77001953125,3937.64990234375,3546040000,3957.6298828125
2022-11-30 00:00:00,3957.179931640625,4080.110107421875,3938.580078125,6579360000,4080.110107421875
2022-12-01 00:00:00,4087.139892578125,4100.509765625,4050.8701171875,4527130000,4076.570068359375
2022-12-02 00:00:00,4040.169921875,4080.47998046875,4026.6298828125,4012620000,4071.699951171875
2022-12-05 00:00:00,4052.02001953125,4052.449951171875,3984.489990234375,4280820000,3998.840087890625
2022-12-06 00:00:00,3996.6298828125,4001.510009765625,3918.389892578125,4368380000,3941.260009765625
2022-12-07 00:00:00,3933.280029296875,3957.570068359375,3922.679931640625,4118050000,3933.919921875
2022-12-08 00:00:00,3947.7900390625,3974.18994140625,3935.830078125,4006900000,3963.510009765625
2022-12-09 00:00:00,3954.169921875,3977.02001953125,3933.0400390625,3888260000,3934.3798828125
2022-12-12 00:00:00,3939.2900390625,3990.7099609375,3935.300048828125,3904130000,3990.56005859375
2022-12-13 00:00:00,4069.3798828125,4100.9599609375,3993.030029296875,5079360000,4019.64990234375
2022-12-14 00:00:00,4015.5400390625,4053.760009765625,3965.64990234375,4472340000,3995.320068359375
2022-12-15 00:00:00,3958.3701171875,3958.3701171875,3879.449951171875,4493900000,3895.75
2022-12-16 00:00:00,3890.909912109375,3890.909912109375,3827.909912109375,7493660000,3852.360107421875
2022-12-19 00:00:00,3853.7900390625,3854.860107421875,3800.0400390625,3969610000,3817.659912109375
2022-12-20 00:00:00,3810.469970703125,3838.239990234375,3795.6201171875,3985370000,3821.6201171875
2022-12-21 00:00:00,3839.489990234375,3889.820068359375,3839.489990234375,3775200000,3878.43994140625
2022-12-22 00:00:00,3853.260009765625,3853.260009765625,3764.489990234375,3956950000,3822.389892578125
2022-12-23 00:00:00,3815.110107421875,3845.800048828125,3797.010009765625,2819280000,3844.820068359375
2022-12-27 00:00:00,3843.340087890625,3846.64990234375,3813.219970703125,3030300000,3829.25
2022-12-28 00:00:00,3829.56005859375,3848.320068359375,3780.780029296875,3083520000,3783.219970703125
2022-12-29 00:00:00,3805.449951171875,3858.18994140625,3805.449951171875,3003680000,3849.280029296875
2022-12-30 00:00:00,3829.06005859375,3839.85009765625,3800.340087890625,2979870000,3839.5
2023-01-03 00:00:00,3853.2900390625,3878.4599609375,3794.330078125,3959140000,3824.139892578125
2023-01-04 00:00:00,3840.360107421875,3873.159912109375,3815.77001953125,4414080000,3852.969970703125
2023-01-05 00:00:00,3839.739990234375,3839.739990234375,3802.419921875,3893450000,3808.10009765625
2023-01-06 00:00:00,3823.3701171875,3906.18994140625,3809.56005859375,3923560000,3895.080078125
2023-01-09 00:00:00,3910.820068359375,3950.570068359375,3890.419921875,4311770000,3892.090087890625
2023-01-10 00:00:00,3888.570068359375,3919.830078125,3877.2900390625,3851030000,3919.25
2023-01-11 00:00:00,3932.35009765625,3970.070068359375,3928.5400390625,4303360000,3969.610107421875
2023-01-12 00:00:00,3977.570068359375,3997.760009765625,3937.56005859375,4440260000,3983.169921875
2023-01-13 00:00:00,3960.60009765625,4003.949951171875,3947.669921875,3939700000,3999.090087890625
2023-01-17 00:00:00,3999.280029296875,4015.389892578125,3984.570068359375,4235560000,3990.969970703125
2023-01-18 00:00:00,4002.25,4014.159912109375,3926.590087890625,4298710000,3928.860107421875
2023-01-19 00:00:00,3911.840087890625,3922.93994140625,3885.5400390625,3991500000,3898.85009765625
2023-01-20 00:00:00,3909.0400390625,3972.9599609375,3897.860107421875,4013360000,3972.610107421875
2023-01-23 00:00:00,3978.139892578125,4039.31005859375,3971.639892578125,3945210000,4019.81005859375
2023-01-24 00:00:00,4001.739990234375,4023.919921875,3989.7900390625,3320430000,4016.949951171875
2023-01-25 00:00:00,3982.7099609375,4019.550048828125,3949.06005859375,3724020000,4016.219970703125
2023-01-26 00:00:00,4036.080078125,4061.570068359375,4013.2900390625,3809590000,4060.429931640625
2023-01-27 00:00:00,4053.719970703125,4094.2099609375,4048.699951171875,3907760000,4070.56005859375
2023-01-30 00:00:00,4049.27001953125,4063.85009765625,4015.550048828125,3802000000,4017.77001953125
2023-01-31 00:00:00,4020.85009765625,4077.159912109375,4020.43994140625,4679320000,4076.60009765625
2023-02-01 00:00:00,4070.070068359375,4148.9501953125,4037.199951171875,4856930000,4119.2099609375
2023-02-02 00:00:00,4158.68017578125,4195.43994140625,4141.8798828125,5624360000,4179.759765625
2023-02-03 00:00:00,4136.68994140625,4182.35986328125,4123.35986328125,4694510000,4136.47998046875
2023-02-06 00:00:00,4119.56982421875,4124.6298828125,4093.3798828125,4114240000,4111.080078125
2023-02-07 00:00:00,4105.35009765625,4176.5400390625,4088.389892578125,4355860000,4164.0
2023-02-08 00:00:00,4153.47021484375,4156.85009765625,4111.669921875,4029820000,4117.85986328125
2023-02-09 00:00:00,4144.25,4156.22998046875,4069.669921875,4270200000,4081.5
2023-02-10 00:00:00,4068.919921875,4094.360107421875,4060.7900390625,3891520000,4090.4599609375
2023-02-13 00:00:00,4096.6201171875,4138.89990234375,4092.669921875,3448620000,4137.2900390625
2023-02-14 00:00:00,4126.7001953125,4159.77001953125,4095.010009765625,3929200000,4136.1298828125
2023-02-15 00:00:00,4119.5,4148.10986328125,4103.97998046875,4075980000,4147.60009765625
2023-02-16 00:00:00,4114.75,4136.5400390625,4089.489990234375,4143660000,4090.409912109375
2023-02-17 00:00:00,4077.389892578125,4081.510009765625,4047.949951171875,4045480000,4079.090087890625
2023-02-21 00:00:00,4052.35009765625,4052.35009765625,3995.18994140625,4121590000,3997.340087890625
2023-02-22 00:00:00,4001.830078125,4017.3701171875,3976.89990234375,4079320000,3991.050048828125
2023-02-23 00:00:00,4018.60009765625,4028.300048828125,3969.18994140625,3952940000,4012.320068359375
2023-02-24 00:00:00,3973.239990234375,3978.25,3943.080078125,3877700000,3970.0400390625
2023-02-27 00:00:00,3992.360107421875,4018.050048828125,3973.550048828125,3836950000,3982.239990234375
2023-02-28 00:00:00,3977.18994140625,3997.5,3968.97998046875,5043400000,3970.14990234375
2023-03-01 00:00:00,3963.340087890625,3971.72998046875,3939.050048828125,4249480000,3951.389892578125
2023-03-02 00:00:00,3938.679931640625,3990.840087890625,3928.159912109375,4244900000,3981.35009765625
2023-03-03 00:00:00,3998.02001953125,4048.2900390625,3995.169921875,4084730000,4045.639892578125
2023-03-06 00:00:00,4055.14990234375,4078.489990234375,4044.610107421875,4000870000,4048.419921875
2023-03-07 00:00:00,4048.260009765625,4050.0,3980.31005859375,3922500000,3986.3701171875
2023-03-08 00:00:00,3987.550048828125,4000.409912109375,3969.760009765625,3535570000,3992.010009765625
2023-03-09 00:00:00,3998.659912109375,4017.81005859375,3908.699951171875,4445260000,3918.320068359375
2023-03-10 00:00:00,3912.77001953125,3934.050048828125,3846.320068359375,5518190000,3861.590087890625
2023-03-13 00:00:00,3835.1201171875,3905.050048828125,3808.860107421875,6558020000,3855.760009765625
2023-03-14 00:00:00,3894.010009765625,3937.2900390625,3873.6298828125,5665870000,3919.2900390625
2023-03-15 00:00:00,3876.739990234375,3894.260009765625,3838.239990234375,6594010000,3891.929931640625
2023-03-16 00:00:00,3878.929931640625,3964.4599609375,3864.110107421875,5695790000,3960.280029296875
2023-03-17 00:00:00,3958.68994140625,3958.909912109375,3901.27001953125,9354280000,3916.639892578125
2023-03-20 00:00:00,3917.469970703125,3956.6201171875,3916.889892578125,5347140000,3951.570068359375
2023-03-21 00:00:00,3975.889892578125,4009.080078125,3971.18994140625,4920240000,4002.8701171875
2023-03-22 00:00:00,4002.0400390625,4039.489990234375,3936.169921875,4533010000,3936.969970703125
2023-03-23 00:00:00,3959.2099609375,4007.659912109375,3919.050048828125,4991600000,3948.719970703125
2023-03-24 00:00:00,3939.2099609375,3972.739990234375,3909.159912109375,4583970000,3970.989990234375
2023-03-27 00:00:00,3982.929931640625,4003.830078125,3970.489990234375,4233540000,3977.530029296875
2023-03-28 00:00:00,3974.1298828125,3979.199951171875,3951.530029296875,4014600000,3971.27001953125
2023-03-29 00:00:00,3999.530029296875,4030.590087890625,3999.530029296875,4145250000,4027.81005859375
2023-03-30 00:00:00,4046.739990234375,4057.85009765625,4032.10009765625,3930860000,4050.830078125
2023-03-31 00:00:00,4056.179931640625,4110.75,4056.179931640625,4525120000,4109.31005859375
2023-04-03 00:00:00,4102.2001953125,4127.66015625,4098.7900390625,4234700000,4124.509765625
2023-04-04 00:00:00,4128.02978515625,4133.1298828125,4086.8701171875,4227800000,4100.60009765625
2023-04-05 00:00:00,4094.5,4099.68994140625,4072.56005859375,3968020000,4090.3798828125
2023-04-06 00:00:00,4081.14990234375,4107.31982421875,4069.840087890625,3486690000,4105.02001953125
2023-04-10 00:00:00,4085.199951171875,4109.5,4072.550048828125,3423650000,4109.10986328125
2023-04-11 00:00:00,4110.2900390625,4124.259765625,4102.60986328125,3665830000,4108.93994140625
2023-04-12 00:00:00,4121.72021484375,4134.3701171875,4086.93994140625,3633120000,4091.949951171875
2023-04-13 00:00:00,4100.0400390625,4150.259765625,4099.39990234375,3596590000,4146.22021484375
2023-04-14 00:00:00,4140.10986328125,4163.18994140625,4113.2001953125,3575690000,4137.64013671875
2023-04-17 00:00:00,4137.169921875,4151.72021484375,4123.18017578125,3611180000,4151.31982421875
2023-04-18 00:00:00,4164.259765625,4169.47998046875,4140.35986328125,3536640000,4154.8701171875
2023-04-19 00:00:00,4139.330078125,4162.56982421875,4134.490234375,3572560000,4154.52001953125
2023-04-20 00:00:00,4130.47998046875,4148.56982421875,4114.56982421875,3772080000,4129.7900390625
2023-04-21 00:00:00,4132.14013671875,4138.02001953125,4113.85986328125,3611750000,4133.52001953125
2023-04-24 00:00:00,4132.06982421875,4142.41015625,4117.77001953125,3290940000,4137.0400390625
2023-04-25 00:00:00,4126.43017578125,4126.43017578125,4071.3798828125,3978640000,4071.6298828125
2023-04-26 00:00:00,4087.780029296875,4089.669921875,4049.35009765625,3837030000,4055.989990234375
2023-04-27 00:00:00,4075.2900390625,4138.240234375,4075.2900390625,3750550000,4135.35009765625
2023-04-28 00:00:00,4129.6298828125,4170.06005859375,4127.18017578125,4087800000,4169.47998046875
2023-05-01 00:00:00,4166.7900390625,4186.919921875,4164.1201171875,3321370000,4167.8701171875
2023-05-02 00:00:00,4164.10009765625,4164.10009765625,4089.719970703125,4486130000,4119.580078125
2023-05-03 00:00:00,4122.25,4148.2998046875,4088.860107421875,4246510000,4090.75
2023-05-04 00:00:00,4082.550048828125,4082.610107421875,4048.280029296875,4920090000,4061.219970703125
2023-05-05 00:00:00,4084.72998046875,4147.02001953125,4084.72998046875,4186270000,4136.25
2023-05-08 00:00:00,4136.97998046875,4142.2998046875,4123.81005859375,3641640000,4138.1201171875
2023-05-09 00:00:00,4124.25,4130.35009765625,4116.64990234375,3810140000,4119.169921875
2023-05-10 00:00:00,4143.740234375,4154.27978515625,4098.919921875,4057160000,4137.64013671875
2023-05-11 00:00:00,4132.240234375,4132.7998046875,4109.2900390625,3752900000,4130.6201171875
2023-05-12 00:00:00,4138.5400390625,4143.740234375,4099.1201171875,3533740000,4124.080078125
2023-05-15 00:00:00,4126.64990234375,4141.25,4110.27001953125,3562170000,4136.27978515625
2023-05-16 00:00:00,4127.9501953125,4135.5400390625,4109.85986328125,3654200000,4109.89990234375
2023-05-17 00:00:00,4122.85009765625,4164.669921875,4113.6201171875,4039080000,4158.77001953125
2023-05-18 00:00:00,4157.68017578125,4202.2001953125,4153.5,3980500000,4198.0498046875
2023-05-19 00:00:00,4204.14990234375,4212.91015625,4180.2001953125,4041900000,4191.97998046875
2023-05-22 00:00:00,4190.77978515625,4209.22021484375,4179.68017578125,3728520000,4192.6298828125
2023-05-23 00:00:00,4176.7998046875,4185.68017578125,4142.5400390625,4155320000,4145.580078125
2023-05-24 00:00:00,4132.9599609375,4132.9599609375,4103.97998046875,0,4115.240234375
2023-05-25 00:00:00,4155.7099609375,4165.740234375,4129.72998046875,4147760000,4151.27978515625
2023-05-26 00:00:00,4156.16015625,4212.8701171875,4156.16015625,3715460000,4205.4501953125
2023-05-30 00:00:00,4226.7099609375,4231.10009765625,4192.18017578125,4228510000,4205.52001953125
2023-05-31 00:00:00,4190.740234375,4195.43994140625,4166.14990234375,5980670000,4179.830078125
2023-06-01 00:00:00,4183.02978515625,4232.43017578125,4171.64013671875,4391860000,4221.02001953125
2023-06-02 00:00:00,4241.009765625,4290.669921875,4241.009765625,4454200000,4282.3701171875
2023-06-05 00:00:00,4282.990234375,4299.27978515625,4266.81982421875,3813290000,4273.7900390625
2023-06-06 00:00:00,4271.33984375,4288.330078125,4263.08984375,3996560000,4283.85009765625
2023-06-07 00:00:00,4285.47021484375,4299.18994140625,4263.9599609375,4537800000,4267.52001953125
2023-06-08 00:00:00,4268.68994140625,4298.009765625,4261.06982421875,3826740000,4293.93017578125
2023-06-09 00:00:00,4304.8798828125,4322.6201171875,4291.7001953125,3786510000,4298.85986328125
2023-06-12 00:00:00,4308.31982421875,4340.1298828125,4304.3701171875,3945670000,4338.93017578125
2023-06-13 00:00:00,4352.60986328125,4375.3701171875,4349.31005859375,4275400000,4369.009765625
2023-06-14 00:00:00,4366.2900390625,4391.81982421875,4337.85009765625,4252110000,4372.58984375
2023-06-15 00:00:00,4365.330078125,4439.2001953125,4362.60009765625,4176690000,4425.83984375
2023-06-16 00:00:00,4440.9501953125,4448.47021484375,4407.43994140625,6848600000,4409.58984375
2023-06-20 00:00:00,4396.10986328125,4400.14990234375,4367.18994140625,4055790000,4388.7099609375
2023-06-21 00:00:00,4380.009765625,4386.22021484375,4360.14013671875,3709330000,4365.68994140625
2023-06-22 00:00:00,4355.39990234375,4382.25,4351.81982421875,3511000000,4381.89013671875
2023-06-23 00:00:00,4354.169921875,4366.5498046875,4341.33984375,6053620000,4348.330078125
2023-06-26 00:00:00,4344.83984375,4362.06005859375,4328.080078125,3415030000,4328.81982421875
2023-06-27 00:00:00,4337.35986328125,4384.419921875,4335.0,3573500000,4378.41015625
2023-06-28 00:00:00,4367.47998046875,4390.35009765625,4360.22021484375,3739330000,4376.85986328125
2023-06-29 00:00:00,4374.93994140625,4398.39013671875,4371.97021484375,3696660000,4396.43994140625
2023-06-30 00:00:00,4422.43994140625,4458.47998046875,4422.43994140625,3923450000,4450.3798828125
2023-07-03 00:00:00,4450.47998046875,4456.4599609375,4442.2900390625,2034280000,4455.58984375
2023-07-05 00:00:00,4442.0400390625,4454.06005859375,4436.60986328125,3482620000,4446.81982421875
2023-07-06 00:00:00,4422.6201171875,4422.6201171875,4385.0498046875,3682020000,4411.58984375
2023-07-07 00:00:00,4404.5400390625,4440.39013671875,4397.39990234375,3630480000,4398.9501953125
2023-07-10 00:00:00,4394.22998046875,4412.60009765625,4389.919921875,3429600000,4409.52978515625
2023-07-11 00:00:00,4415.5498046875,4443.64013671875,4408.4599609375,3624220000,4439.259765625
2023-07-12 00:00:00,4467.68994140625,4488.33984375,4463.22998046875,3920290000,4472.16015625
2023-07-13 00:00:00,4491.5,4517.3798828125,4489.35986328125,3839530000,4510.0400390625
2023-07-14 00:00:00,4514.60986328125,4527.759765625,4499.56005859375,3647450000,4505.419921875
2023-07-17 00:00:00,4508.85986328125,4532.85009765625,4504.89990234375,3538240000,4522.7900390625
2023-07-18 00:00:00,4521.77978515625,4562.2998046875,4514.58984375,4090010000,4554.97998046875
2023-07-19 00:00:00,4563.8701171875,4578.43017578125,4557.47998046875,4115670000,4565.72021484375
2023-07-20 00:00:00,4554.3798828125,4564.740234375,4527.56005859375,3761770000,4534.8701171875
2023-07-21 00:00:00,4550.16015625,4555.0,4535.7900390625,3570190000,4536.33984375
2023-07-24 00:00:00,4543.39013671875,4563.41015625,4541.2900390625,3856250000,4554.64013671875
2023-07-25 00:00:00,4555.18994140625,4580.6201171875,4552.419921875,3812470000,4567.4599609375
2023-07-26 00:00:00,4558.9599609375,4582.47021484375,4547.580078125,3990290000,4566.75
2023-07-27 00:00:00,4598.259765625,4607.06982421875,4528.56005859375,4553210000,4537.41015625
2023-07-28 00:00:00,4565.75,4590.16015625,4564.009765625,3981010000,4582.22998046875
2023-07-31 00:00:00,4584.81982421875,4594.22021484375,4573.14013671875,4503600000,4588.9599609375
2023-08-01 00:00:00,4578.830078125,4584.6201171875,4567.52978515625,4042370000,4576.72998046875
2023-08-02 00:00:00,4550.93017578125,4550.93017578125,4505.75,4270710000,4513.39013671875
2023-08-03 00:00:00,4494.27001953125,4519.490234375,4485.5400390625,4149120000,4501.89013671875
2023-08-04 00:00:00,4513.9599609375,4540.33984375,4474.5498046875,4143310000,4478.02978515625
2023-08-07 00:00:00,4491.580078125,4519.83984375,4491.14990234375,3493920000,4518.43994140625
2023-08-08 00:00:00,4498.02978515625,4503.31005859375,4464.39013671875,3884910000,4499.3798828125
2023-08-09 00:00:00,4501.56982421875,4502.43994140625,4461.330078125,3803100000,4467.7099609375
2023-08-10 00:00:00,4487.16015625,4527.3701171875,4457.919921875,4504370000,4468.830078125
2023-08-11 00:00:00,4450.68994140625,4476.22998046875,4443.97998046875,3753290000,4464.0498046875
2023-08-14 00:00:00,4458.1298828125,4490.330078125,4453.43994140625,3896410000,4489.72021484375
2023-08-15 00:00:00,4478.8701171875,4478.8701171875,4432.18994140625,3832250000,4437.85986328125
2023-08-16 00:00:00,4433.7900390625,4449.9501953125,4403.5498046875,3753910000,4404.330078125
2023-08-17 00:00:00,4416.31982421875,4421.169921875,4364.830078125,3943700000,4370.35986328125
2023-08-18 00:00:00,4344.8798828125,4381.81982421875,4335.31005859375,3940400000,4369.7099609375
2023-08-21 00:00:00,4380.27978515625,4407.5498046875,4360.2998046875,3726850000,4399.77001953125
2023-08-22 00:00:00,4415.330078125,4418.58984375,4382.77001953125,3522760000,4387.5498046875
2023-08-23 00:00:00,4396.43994140625,4443.18017578125,4396.43994140625,3837270000,4436.009765625
2023-08-24 00:00:00,4455.16015625,4458.2998046875,4375.5498046875,3723470000,4376.31005859375
2023-08-25 00:00:00,4389.3798828125,4418.4599609375,4356.2900390625,3296180000,4405.7099609375
2023-08-28 00:00:00,4426.02978515625,4439.56005859375,4414.97998046875,2957230000,4433.31005859375
2023-08-29 00:00:00,4432.75,4500.14013671875,4431.68017578125,3354820000,4497.6298828125
2023-08-30 00:00:00,4500.33984375,4521.64990234375,4493.58984375,3064110000,4514.8701171875
2023-08-31 00:00:00,4517.009765625,4532.259765625,4507.39013671875,3946360000,4507.66015625
2023-09-01 00:00:00,4530.60009765625,4541.25,4501.35009765625,3246260000,4515.77001953125
2023-09-05 00:00:00,4510.06005859375,4514.2900390625,4496.009765625,3526250000,4496.830078125
2023-09-06 00:00:00,4490.35009765625,4490.35009765625,4442.3798828125,3418850000,4465.47998046875
2023-09-07 00:00:00,4434.5498046875,4457.81005859375,4430.4599609375,3763760000,4451.14013671875
2023-09-08 00:00:00,4451.2998046875,4473.52978515625,4448.3798828125,3259290000,4457.490234375
2023-09-11 00:00:00,4480.97998046875,4490.77001953125,4467.89013671875,3369920000,4487.4599609375
2023-09-12 00:00:00,4473.27001953125,4487.10986328125,4456.830078125,3435740000,4461.89990234375
2023-09-13 00:00:00,4462.64990234375,4479.39013671875,4453.52001953125,3529430000,4467.43994140625
2023-09-14 00:00:00,4487.77978515625,4511.990234375,4478.68994140625,3648720000,4505.10009765625
2023-09-15 00:00:00,4497.97998046875,4497.97998046875,4447.2099609375,6932230000,4450.31982421875
2023-09-18 00:00:00,4445.1298828125,4466.35986328125,4442.10986328125,3161230000,4453.52978515625
2023-09-19 00:00:00,4445.41015625,4449.85009765625,4416.60986328125,3614880000,4443.9501953125
2023-09-20 00:00:00,4452.81005859375,4461.02978515625,4401.3798828125,3308450000,4402.2001953125
2023-09-21 00:00:00,4374.35986328125,4375.7001953125,4329.169921875,3662340000,4330.0
2023-09-22 00:00:00,4341.740234375,4357.39990234375,4316.490234375,3349570000,4320.06005859375
2023-09-25 00:00:00,4310.6201171875,4338.509765625,4302.7001953125,3195650000,4337.43994140625
2023-09-26 00:00:00,4312.8798828125,4313.009765625,4265.97998046875,3472340000,4273.52978515625
2023-09-27 00:00:00,4282.6298828125,4292.06982421875,4238.6298828125,3875880000,4274.509765625
2023-09-28 00:00:00,4269.64990234375,4317.27001953125,4264.3798828125,3846230000,4299.7001953125
2023-09-29 00:00:00,4328.18017578125,4333.14990234375,4274.85986328125,3865960000,4288.0498046875
2023-10-02 00:00:00,4284.52001953125,4300.580078125,4260.2099609375,3938660000,4288.39013671875
2023-10-03 00:00:00,4269.75,4281.14990234375,4216.4501953125,3953830000,4229.4501953125
2023-10-04 00:00:00,4233.830078125,4268.5,4220.47998046875,3777600000,4263.75
2023-10-05 00:00:00,4259.31005859375,4267.1298828125,4225.91015625,3581470000,4258.18994140625
2023-10-06 00:00:00,4234.7900390625,4324.10009765625,4219.5498046875,3902030000,4308.5
2023-10-09 00:00:00,4289.02001953125,4341.72998046875,4283.7900390625,3174630000,4335.66015625
2023-10-10 00:00:00,4339.75,4385.4599609375,4339.64013671875,3520240000,4358.240234375
2023-10-11 00:00:00,4366.58984375,4378.64013671875,4345.33984375,3601660000,4376.9501953125
2023-10-12 00:00:00,4380.93994140625,4385.85009765625,4325.43017578125,3713140000,4349.60986328125
2023-10-13 00:00:00,4360.490234375,4377.10009765625,4311.97021484375,3566560000,4327.77978515625
2023-10-16 00:00:00,4342.3701171875,4383.330078125,4342.3701171875,3409960000,4373.6298828125
2023-10-17 00:00:00,4345.22998046875,4393.56982421875,4337.5400390625,3794850000,4373.2001953125
2023-10-18 00:00:00,4357.35009765625,4364.2001953125,4303.83984375,3686030000,4314.60009765625
2023-10-19 00:00:00,4321.35986328125,4339.5400390625,4269.68994140625,3969730000,4278.0
2023-10-20 00:00:00,4273.85009765625,4276.56005859375,4223.02978515625,4004030000,4224.16015625
2023-10-23 00:00:00,4210.39990234375,4255.83984375,4189.22021484375,3776100000,4217.0400390625
2023-10-24 00:00:00,4235.7900390625,4259.3798828125,4219.43017578125,3821820000,4247.68017578125
2023-10-25 00:00:00,4232.419921875,4232.419921875,4181.419921875,3869370000,4186.77001953125
2023-10-26 00:00:00,4175.990234375,4183.60009765625,4127.89990234375,4277640000,4137.22998046875
2023-10-27 00:00:00,4152.93017578125,4156.7001953125,4103.77978515625,4019500000,4117.3701171875
2023-10-30 00:00:00,4139.39013671875,4177.47021484375,4132.93994140625,3911140000,4166.81982421875
2023-10-31 00:00:00,4171.330078125,4195.5498046875,4153.1201171875,4249470000,4193.7998046875
2023-11-01 00:00:00,4201.27001953125,4245.64013671875,4197.740234375,4224900000,4237.85986328125
2023-11-02 00:00:00,4268.259765625,4319.72021484375,4268.259765625,4669780000,4317.77978515625
2023-11-03 00:00:00,4334.22998046875,4373.6201171875,4334.22998046875,4570960000,4358.33984375
2023-11-06 00:00:00,4364.27001953125,4372.2099609375,4347.52978515625,3656340000,4365.97998046875
2023-11-07 00:00:00,4366.2099609375,4386.259765625,4355.41015625,3791230000,4378.3798828125
2023-11-08 00:00:00,4384.3701171875,4391.2001953125,4359.759765625,3729510000,4382.77978515625
2023-11-09 00:00:00,4391.41015625,4393.39990234375,4343.93994140625,3900780000,4347.35009765625
2023-11-10 00:00:00,4364.14990234375,4418.02978515625,4353.33984375,3665080000,4415.240234375
2023-11-13 00:00:00,4406.66015625,4421.759765625,4393.81982421875,3326240000,4411.5498046875
2023-11-14 00:00:00,4458.97021484375,4508.669921875,4458.97021484375,4700350000,4495.7001953125
2023-11-15 00:00:00,4505.2998046875,4521.169921875,4495.31005859375,4347170000,4502.8798828125
2023-11-16 00:00:00,4497.080078125,4511.990234375,4487.830078125,3964520000,4508.240234375
2023-11-17 00:00:00,4509.5498046875,4520.1201171875,4499.66015625,3777240000,4514.02001953125
2023-11-20 00:00:00,4511.7001953125,4557.10986328125,4510.35986328125,3644790000,4547.3798828125
2023-11-21 00:00:00,4538.77001953125,4542.14013671875,4525.509765625,3511080000,4538.18994140625
2023-11-22 00:00:00,4553.0400390625,4568.43017578125,4545.0498046875,3042810000,4556.6201171875
2023-11-24 00:00:00,4555.83984375,4560.31005859375,4552.7998046875,1639500000,4559.33984375
2023-11-27 00:00:00,4554.85986328125,4560.52001953125,4546.31982421875,3403990000,4550.43017578125
2023-11-28 00:00:00,4545.5498046875,4568.14013671875,4540.509765625,3586240000,4554.89013671875
2023-11-29 00:00:00,4571.83984375,4587.64013671875,4547.14990234375,4418760000,4550.580078125
2023-11-30 00:00:00,4554.8701171875,4569.89013671875,4537.240234375,5399300000,4567.7998046875
2023-12-01 00:00:00,4559.43017578125,4599.39013671875,4554.7099609375,4397120000,4594.6298828125
2023-12-04 00:00:00,4564.3701171875,4572.3701171875,4546.72021484375,4369910000,4569.77978515625
2023-12-05 00:00:00,4557.25,4578.56005859375,4551.68017578125,3909950000,4567.18017578125
2023-12-06 00:00:00,4586.22998046875,4590.740234375,4546.5,4245680000,4549.33984375
2023-12-07 00:00:00,4568.83984375,4590.919921875,4565.22021484375,3818880000,4585.58984375
2023-12-08 00:00:00,4576.2001953125,4609.22998046875,4574.06005859375,3707010000,4604.3701171875
2023-12-11 00:00:00,4593.39013671875,4623.7099609375,4593.39013671875,3823210000,4622.43994140625
2023-12-12 00:00:00,4618.2998046875,4643.93017578125,4608.08984375,3808380000,4643.7001953125
2023-12-13 00:00:00,4646.2001953125,4709.68994140625,4643.22998046875,5063650000,4707.08984375
2023-12-14 00:00:00,4721.0400390625,4738.56982421875,4694.33984375,6314040000,4719.5498046875
2023-12-15 00:00:00,4714.22998046875,4725.52978515625,4704.68994140625,8218980000,4719.18994140625
2023-12-18 00:00:00,4725.580078125,4749.52001953125,4725.580078125,4060340000,4740.56005859375
2023-12-19 00:00:00,4743.72021484375,4768.68994140625,4743.72021484375,4026970000,4768.3701171875
2023-12-20 00:00:00,4764.72998046875,4778.009765625,4697.81982421875,4201320000,4698.35009765625
2023-12-21 00:00:00,4724.2900390625,4748.7099609375,4708.35009765625,3431180000,4746.75
2023-12-22 00:00:00,4753.919921875,4772.93994140625,4736.77001953125,3046770000,4754.6298828125
2023-12-26 00:00:00,4758.85986328125,4784.72021484375,4758.4501953125,2513910000,4774.75
2023-12-27 00:00:00,4773.4501953125,4785.39013671875,4768.89990234375,2748450000,4781.580078125
2023-12-28 00:00:00,4786.43994140625,4793.2998046875,4780.97998046875,2698860000,4783.35009765625
2023-12-29 00:00:00,4782.8798828125,4788.43017578125,4751.990234375,3126060000,4769.830078125
2024-01-02 00:00:00,4745.2001953125,4754.330078125,4722.669921875,3743050000,4742.830078125
2024-01-03 00:00:00,4725.06982421875,4729.2900390625,4699.7099609375,3950760000,4704.81005859375
2024-01-04 00:00:00,4697.419921875,4726.77978515625,4687.52978515625,3715480000,4688.68017578125
2024-01-05 00:00:00,4690.56982421875,4721.490234375,4682.10986328125,3844370000,4697.240234375
2024-01-08 00:00:00,4703.7001953125,4764.5400390625,4699.81982421875,3742320000,4763.5400390625
2024-01-09 00:00:00,4741.93017578125,4765.47021484375,4730.35009765625,3529960000,4756.5
2024-01-10 00:00:00,4759.93994140625,4790.7998046875,4756.2001953125,3498680000,4783.4501953125
2024-01-11 00:00:00,4792.1298828125,4798.5,4739.580078125,3759890000,4780.240234375
2024-01-12 00:00:00,4791.18017578125,4802.39990234375,4768.97998046875,3486340000,4783.830078125
2024-01-16 00:00:00,4772.35009765625,4782.33984375,4747.1201171875,4260550000,4765.97998046875
2024-01-17 00:00:00,4739.1298828125,4744.22998046875,4714.81982421875,3928600000,4739.2099609375
2024-01-18 00:00:00,4760.10009765625,4785.7900390625,4740.56982421875,4019000000,4780.93994140625
2024-01-19 00:00:00,4796.27978515625,4842.06982421875,4785.8701171875,4287200000,4839.81005859375
2024-01-22 00:00:00,4853.419921875,4868.41015625,4844.0498046875,4297610000,4850.43017578125
2024-01-23 00:00:00,4856.7998046875,4866.47998046875,4844.3701171875,3912800000,4864.60009765625
2024-01-24 00:00:00,4888.56005859375,4903.68017578125,4865.93994140625,4330030000,4868.5498046875
2024-01-25 00:00:00,4886.66015625,4898.14990234375,4869.33984375,4020430000,4894.16015625
2024-01-26 00:00:00,4888.91015625,4906.68994140625,4881.47021484375,3353400000,4890.97021484375
2024-01-29 00:00:00,4892.9501953125,4929.31005859375,4887.39990234375,3525160000,4927.93017578125
2024-01-30 00:00:00,4925.89013671875,4931.08984375,4916.27001953125,3836130000,4924.97021484375
2024-01-31 00:00:00,4899.18994140625,4906.75,4845.14990234375,4696120000,4845.64990234375
2024-02-01 00:00:00,4861.10986328125,4906.97021484375,4853.52001953125,4386090000,4906.18994140625
2024-02-02 00:00:00,4916.06005859375,4975.2900390625,4907.990234375,3974350000,4958.60986328125
2024-02-05 00:00:00,4957.18994140625,4957.18994140625,4918.08984375,4023640000,4942.81005859375
2024-02-06 00:00:00,4950.16015625,4957.77001953125,4934.8798828125,4440880000,4954.22998046875
2024-02-07 00:00:00,4973.0498046875,4999.89013671875,4969.0498046875,4895590000,4995.06005859375
2024-02-08 00:00:00,4995.16015625,5000.39990234375,4987.08984375,4341860000,4997.91015625
2024-02-09 00:00:00,5004.169921875,5030.06005859375,5000.33984375,3912990000,5026.60986328125
2024-02-12 00:00:00,5026.830078125,5048.39013671875,5016.830078125,3805740000,5021.83984375
2024-02-13 00:00:00,4967.93994140625,4971.2998046875,4920.31005859375,4302190000,4953.169921875
2024-02-14 00:00:00,4976.43994140625,5002.52001953125,4956.4501953125,3845600000,5000.6201171875
2024-02-15 00:00:00,5003.14013671875,5032.72021484375,4999.43994140625,4137970000,5029.72998046875
2024-02-16 00:00:00,5031.1298828125,5038.7001953125,4999.52001953125,3833270000,5005.56982421875
2024-02-20 00:00:00,4989.31982421875,4993.7099609375,4955.02001953125,4034880000,4975.509765625
2024-02-21 00:00:00,4963.02978515625,4983.2099609375,4946.0,3788390000,4981.7998046875
2024-02-22 00:00:00,5038.830078125,5094.39013671875,5038.830078125,4051710000,5087.02978515625
2024-02-23 00:00:00,5100.919921875,5111.06005859375,5081.4599609375,3672790000,5088.7998046875
2024-02-26 00:00:00,5093.0,5097.66015625,5068.91015625,3683930000,5069.52978515625
2024-02-27 00:00:00,5074.60009765625,5080.68994140625,5057.2900390625,3925950000,5078.18017578125
2024-02-28 00:00:00,5067.2001953125,5077.3701171875,5058.35009765625,3789370000,5069.759765625
2024-02-29 00:00:00,5085.35986328125,5104.990234375,5061.89013671875,5219740000,5096.27001953125
2024-03-01 00:00:00,5098.509765625,5140.330078125,5094.16015625,4748110000,5137.080078125
2024-03-04 00:00:00,5130.990234375,5149.669921875,5127.18017578125,4758440000,5130.9501953125
2024-03-05 00:00:00,5110.52001953125,5114.5400390625,5056.81982421875,4418410000,5078.64990234375
2024-03-06 00:00:00,5108.02978515625,5127.97021484375,5092.22021484375,4559050000,5104.759765625
2024-03-07 00:00:00,5132.3798828125,5165.6201171875,5128.2099609375,4137980000,5157.35986328125
2024-03-08 00:00:00,5164.4599609375,5189.259765625,5117.5,4208870000,5123.68994140625
2024-03-11 00:00:00,5111.9599609375,5124.66015625,5091.14013671875,3896430000,5117.93994140625
2024-03-12 00:00:00,5134.2998046875,5179.8701171875,5114.47998046875,4080510000,5175.27001953125
2024-03-13 00:00:00,5173.490234375,5179.14013671875,5151.8798828125,4282890000,5165.31005859375
2024-03-14 00:00:00,5175.14013671875,5176.85009765625,5123.2998046875,4687970000,5150.47998046875
2024-03-15 00:00:00,5123.31005859375,5136.85986328125,5104.35009765625,7753670000,5117.08984375
2024-03-18 00:00:00,5154.77001953125,5175.60009765625,5145.47021484375,4036220000,5149.419921875
2024-03-19 00:00:00,5139.08984375,5180.31005859375,5131.58984375,4031760000,5178.509765625
2024-03-20 00:00:00,5181.68994140625,5226.18994140625,5171.5498046875,4064850000,5224.6201171875
2024-03-21 00:00:00,5253.43017578125,5261.10009765625,5240.66015625,4207730000,5241.52978515625
2024-03-22 00:00:00,5242.47998046875,5246.08984375,5229.8701171875,3374700000,5234.18017578125
2024-03-25 00:00:00,5219.52001953125,5229.08984375,5216.08984375,3331360000,5218.18994140625
2024-03-26 00:00:00,5228.85009765625,5235.16015625,5203.419921875,3871790000,5203.580078125
2024-03-27 00:00:00,5226.31005859375,5249.259765625,5213.919921875,3850500000,5248.490234375
2024-03-28 00:00:00,5248.02978515625,5264.85009765625,5245.81982421875,3998270000,5254.35009765625
2024-04-01 00:00:00,5257.97021484375,5263.9501953125,5229.2001953125,3325930000,5243.77001953125
2024-04-02 00:00:00,5204.2900390625,5208.33984375,5184.0498046875,3886590000,5205.81005859375
2024-04-03 00:00:00,5194.3701171875,5228.75,5194.3701171875,3703250000,5211.490234375
2024-04-04 00:00:00,5244.0498046875,5256.58984375,5146.06005859375,4075680000,5147.2099609375
2024-04-05 00:00:00,5158.9501953125,5222.18017578125,5157.2099609375,3386780000,5204.33984375
2024-04-08 00:00:00,5211.3701171875,5219.56982421875,5197.35009765625,3278180000,5202.39013671875
2024-04-09 00:00:00,5217.02978515625,5224.81005859375,5160.77978515625,3400680000,5209.91015625
2024-04-10 00:00:00,5167.8798828125,5178.43017578125,5138.7001953125,3845930000,5160.64013671875
2024-04-11 00:00:00,5172.9501953125,5211.77978515625,5138.77001953125,3509380000,5199.06005859375
2024-04-12 00:00:00,5171.509765625,5175.02978515625,5107.93994140625,3963220000,5123.41015625
2024-04-15 00:00:00,5149.669921875,5168.43017578125,5052.47021484375,3950210000,5061.81982421875
2024-04-16 00:00:00,5064.58984375,5079.83984375,5039.830078125,4006200000,5051.41015625
2024-04-17 00:00:00,5068.97021484375,5077.9599609375,5007.25,3596130000,5022.2099609375
2024-04-18 00:00:00,5031.52001953125,5056.66015625,5001.89013671875,3619760000,5011.1201171875
2024-04-19 00:00:00,5005.43994140625,5019.02001953125,4953.56005859375,3878750000,4967.22998046875
2024-04-22 00:00:00,4987.330078125,5038.83984375,4969.39990234375,3820250000,5010.60009765625
2024-04-23 00:00:00,5028.85009765625,5076.1201171875,5027.9599609375,3751400000,5070.5498046875
2024-04-24 00:00:00,5084.85986328125,5089.47998046875,5047.02001953125,3656740000,5071.6298828125
2024-04-25 00:00:00,5019.8798828125,5057.75,4990.580078125,3958050000,5048.419921875
2024-04-26 00:00:00,5084.64990234375,5114.6201171875,5073.14013671875,3604140000,5099.9599609375
2024-04-29 00:00:00,5114.1298828125,5123.490234375,5088.64990234375,3447450000,5116.169921875
2024-04-30 00:00:00,5103.77978515625,5110.830078125,5035.31005859375,4082470000,5035.68994140625
2024-05-01 00:00:00,5029.02978515625,5096.1201171875,5013.4501953125,4544170000,5018.39013671875
2024-05-02 00:00:00,5049.31982421875,5073.2099609375,5011.0498046875,4381660000,5064.2001953125
2024-05-03 00:00:00,5122.77978515625,5139.1201171875,5101.22021484375,3924990000,5127.7900390625
2024-05-06 00:00:00,5142.419921875,5181.0,5142.419921875,3683250000,5180.740234375
2024-05-07 00:00:00,5187.2001953125,5200.22998046875,5178.9599609375,3987890000,5187.7001953125
2024-05-08 00:00:00,5168.97998046875,5191.9501953125,5165.85986328125,3842100000,5187.669921875
2024-05-09 00:00:00,5189.02978515625,5215.2998046875,5180.41015625,3727370000,5214.080078125
2024-05-10 00:00:00,5225.490234375,5239.66015625,5209.68017578125,3617900000,5222.68017578125
2024-05-13 00:00:00,5233.080078125,5237.259765625,5211.16015625,4255710000,5221.419921875
2024-05-14 00:00:00,5221.10009765625,5250.3701171875,5217.97998046875,4763580000,5246.68017578125
2024-05-15 00:00:00,5263.259765625,5311.759765625,5263.259765625,4360810000,5308.14990234375
2024-05-16 00:00:00,5310.06982421875,5325.490234375,5296.18994140625,3817470000,5297.10009765625
2024-05-17 00:00:00,5303.10009765625,5305.4501953125,5283.58984375,3578120000,5303.27001953125
2024-05-20 00:00:00,5305.35009765625,5325.31982421875,5302.39990234375,3420100000,5308.1298828125
2024-05-21 00:00:00,5298.68994140625,5324.31982421875,5297.8701171875,3662240000,5321.41015625
2024-05-22 00:00:00,5319.27978515625,5323.18017578125,5286.009765625,3847130000,5307.009765625
2024-05-23 00:00:00,5340.259765625,5341.8798828125,5256.93017578125,3869520000,5267.83984375
2024-05-24 00:00:00,5281.4501953125,5311.64990234375,5278.39013671875,3005510000,5304.72021484375
2024-05-28 00:00:00,5315.91015625,5315.91015625,5280.89013671875,3751540000,5306.0400390625
2024-05-29 00:00:00,5278.72998046875,5282.27001953125,5262.7001953125,3552750000,5266.9501953125
2024-05-30 00:00:00,5259.77001953125,5260.2099609375,5222.10009765625,3818750000,5235.47998046875
2024-05-31 00:00:00,5243.2099609375,5280.330078125,5191.68017578125,5437160000,5277.509765625
2024-06-03 00:00:00,5297.14990234375,5302.10986328125,5234.31982421875,4046920000,5283.39990234375
2024-06-04 00:00:00,5278.240234375,5298.7998046875,5257.6298828125,3707900000,5291.33984375
2024-06-05 00:00:00,5314.47998046875,5354.16015625,5297.64013671875,3591460000,5354.02978515625
2024-06-06 00:00:00,5357.7998046875,5362.35009765625,5335.35986328125,3609990000,5352.9599609375
2024-06-07 00:00:00,5343.81005859375,5375.080078125,5331.330078125,3692760000,5346.990234375
2024-06-10 00:00:00,5341.22021484375,5365.7900390625,5331.52001953125,3622280000,5360.7900390625
2024-06-11 00:00:00,5353.0,5375.9501953125,5327.25,3568030000,5375.31982421875
2024-06-12 00:00:00,5409.1298828125,5447.25,5409.1298828125,3962840000,5421.02978515625
2024-06-13 00:00:00,5441.93017578125,5441.93017578125,5402.509765625,3530380000,5433.740234375
2024-06-14 00:00:00,5424.080078125,5432.39013671875,5403.75,3438650000,5431.60009765625
2024-06-17 00:00:00,5431.10986328125,5488.5,5420.39990234375,3447840000,5473.22998046875
2024-06-18 00:00:00,5476.14990234375,5490.3798828125,5471.31982421875,3544330000,5487.02978515625
2024-06-20 00:00:00,5499.990234375,5505.52978515625,5455.56005859375,3847060000,5473.169921875
2024-06-21 00:00:00,5466.77001953125,5478.31005859375,5452.02978515625,6773800000,5464.6201171875
2024-06-24 00:00:00,5459.580078125,5490.66015625,5447.58984375,3696750000,5447.8701171875
2024-06-25 00:00:00,5460.72998046875,5472.8798828125,5446.56005859375,3591960000,5469.2998046875
2024-06-26 00:00:00,5460.7099609375,5483.14013671875,5451.8701171875,3563920000,5477.89990234375
2024-06-27 00:00:00,5473.58984375,5490.81005859375,5467.5400390625,3589530000,5482.8701171875
2024-06-28 00:00:00,5488.47998046875,5523.64013671875,5451.1201171875,7199220000,5460.47998046875
2024-07-01 00:00:00,5471.080078125,5479.5498046875,5446.52978515625,3488760000,5475.08984375
2024-07-02 00:00:00,5461.83984375,5509.68994140625,5458.43017578125,3329950000,5509.009765625
2024-07-03 00:00:00,5507.43994140625,5539.27001953125,5507.419921875,2179470000,5537.02001953125
2024-07-05 00:00:00,5537.91015625,5570.330078125,5531.6298828125,3253080000,5567.18994140625
2024-07-08 00:00:00,5572.75,5583.10986328125,5562.509765625,3185670000,5572.85009765625
2024-07-09 00:00:00,5584.240234375,5590.75,5574.56982421875,3232920000,5576.97998046875
2024-07-10 00:00:00,5591.259765625,5635.39013671875,5586.43994140625,3336100000,5633.91015625
2024-07-11 00:00:00,5635.2099609375,5642.4501953125,5576.52978515625,4020950000,5584.5400390625
2024-07-12 00:00:00,5590.759765625,5655.56005859375,5590.43994140625,3700280000,5615.35009765625
2024-07-15 00:00:00,5638.16015625,5666.93994140625,5614.75,3620470000,5631.22021484375
2024-07-16 00:00:00,5644.08984375,5669.669921875,5639.02001953125,4041760000,5667.2001953125
2024-07-17 00:00:00,5610.06982421875,5622.490234375,5584.81005859375,4246450000,5588.27001953125
2024-07-18 00:00:00,5608.56005859375,5614.0498046875,5522.81005859375,4007510000,5544.58984375
2024-07-19 00:00:00,5543.3701171875,5557.5,5497.0400390625,3760570000,5505.0
2024-07-22 00:00:00,5544.5400390625,5570.35986328125,5529.0400390625,3375180000,5564.41015625
2024-07-23 00:00:00,5565.2998046875,5585.33984375,5550.89990234375,3500210000,5555.740234375
2024-07-24 00:00:00,5505.83984375,5508.0400390625,5419.97998046875,3945550000,5427.1298828125
2024-07-25 00:00:00,5428.7001953125,5491.58984375,5390.9501953125,4592120000,5399.22021484375
2024-07-26 00:00:00,5433.669921875,5488.31982421875,5430.7001953125,3638770000,5459.10009765625
2024-07-29 00:00:00,5476.5498046875,5487.740234375,5444.43994140625,3379970000,5463.5400390625
2024-07-30 00:00:00,5478.72998046875,5489.4599609375,5401.7001953125,3777740000,5436.43994140625
2024-07-31 00:00:00,5505.58984375,5551.509765625,5493.75,4546910000,5522.2998046875
2024-08-01 00:00:00,5537.83984375,5566.16015625,5410.419921875,4703620000,5446.68017578125
2024-08-02 00:00:00,5376.6298828125,5383.89013671875,5302.02978515625,5156450000,5346.56005859375
2024-08-05 00:00:00,5151.14013671875,5250.89013671875,5119.259765625,5333250000,5186.330078125
2024-08-06 00:00:00,5206.419921875,5312.33984375,5193.56005859375,4690190000,5240.02978515625
2024-08-07 00:00:00,5293.1298828125,5330.64013671875,5195.5400390625,4558260000,5199.5
2024-08-08 00:00:00,5252.56982421875,5328.02978515625,5233.85009765625,4016830000,5319.31005859375
2024-08-09 00:00:00,5314.66015625,5358.669921875,5300.83984375,3516400000,5344.16015625
2024-08-12 00:00:00,5351.8798828125,5371.2001953125,5324.3701171875,3360160000,5344.39013671875
2024-08-13 00:00:00,5376.97998046875,5436.5,5376.97998046875,3648980000,5434.43017578125
2024-08-14 00:00:00,5442.35986328125,5463.22021484375,5415.91015625,3380050000,5455.2099609375
2024-08-15 00:00:00,5501.1298828125,5546.22998046875,5501.1298828125,3723310000,5543.22021484375
2024-08-16 00:00:00,5530.5,5561.97998046875,5525.169921875,3357690000,5554.25
2024-08-19 00:00:00,5557.22998046875,5608.2998046875,5550.740234375,3222050000,5608.25
2024-08-20 00:00:00,5602.8798828125,5620.509765625,5585.5,2994420000,5597.1201171875
2024-08-21 00:00:00,5603.08984375,5632.68017578125,5591.56982421875,3119670000,5620.85009765625
2024-08-22 00:00:00,5637.77001953125,5643.22021484375,5560.9501953125,2981530000,5570.64013671875
2024-08-23 00:00:00,5602.490234375,5641.81982421875,5585.16015625,3291940000,5634.60986328125
2024-08-26 00:00:00,5639.66015625,5651.6201171875,5602.33984375,2938570000,5616.83984375
2024-08-27 00:00:00,5602.89013671875,5631.18017578125,5593.47998046875,2798990000,5625.7998046875
2024-08-28 00:00:00,5624.509765625,5627.02978515625,5560.9501953125,3053450000,5592.18017578125
2024-08-29 00:00:00,5607.2998046875,5646.9501953125,5583.7099609375,3065640000,5591.9599609375
2024-08-30 00:00:00,5612.740234375,5651.3701171875,5581.7900390625,4185850000,5648.39990234375
2024-09-03 00:00:00,5623.89013671875,5623.89013671875,5504.330078125,3866350000,5528.93017578125
2024-09-04 00:00:00,5506.68017578125,5552.990234375,5503.66015625,3478140000,5520.06982421875
2024-09-05 00:00:00,5520.080078125,5546.2998046875,5480.5400390625,3521650000,5503.41015625
2024-09-06 00:00:00,5507.330078125,5522.47021484375,5402.6201171875,3822800000,5408.419921875
2024-09-09 00:00:00,5442.06982421875,5484.2001953125,5434.490234375,3825940000,5471.0498046875
2024-09-10 00:00:00,5490.509765625,5497.91015625,5441.72021484375,3848180000,5495.52001953125
2024-09-11 00:00:00,5496.419921875,5560.41015625,5406.9599609375,3839450000,5554.1298828125
2024-09-12 00:00:00,5557.47998046875,5600.7099609375,5535.5,3655070000,5595.759765625
2024-09-13 00:00:00,5603.33984375,5636.27001953125,5601.64990234375,3500790000,5626.02001953125
2024-09-16 00:00:00,5615.2099609375,5636.0498046875,5604.52978515625,3437070000,5633.08984375
2024-09-17 00:00:00,5655.509765625,5670.81005859375,5614.0498046875,3443600000,5634.580078125
2024-09-18 00:00:00,5641.68017578125,5689.75,5615.080078125,3691390000,5618.259765625
2024-09-19 00:00:00,5702.6298828125,5733.56982421875,5686.419921875,4024530000,5713.64013671875
2024-09-20 00:00:00,5709.64013671875,5715.14013671875,5674.490234375,7867260000,5702.5498046875
2024-09-23 00:00:00,5711.89990234375,5725.35986328125,5704.22021484375,3529550000,5718.56982421875
2024-09-24 00:00:00,5727.66015625,5735.31982421875,5698.990234375,3872710000,5732.93017578125
2024-09-25 00:00:00,5733.64990234375,5741.02978515625,5712.06005859375,3624910000,5722.259765625
2024-09-26 00:00:00,5762.22021484375,5767.3701171875,5721.009765625,4391180000,5745.3701171875
2024-09-27 00:00:00,5755.35986328125,5763.77978515625,5727.33984375,3898530000,5738.169921875
2024-09-30 00:00:00,5726.52001953125,5765.14013671875,5703.52978515625,4425730000,5762.47998046875
2024-10-01 00:00:00,5757.72998046875,5757.72998046875,5681.27978515625,4025180000,5708.75
2024-10-02 00:00:00,5698.14013671875,5719.6298828125,5674.0,3829050000,5709.5400390625
2024-10-03 00:00:00,5698.18994140625,5718.77978515625,5677.3701171875,3597450000,5699.93994140625
2024-10-04 00:00:00,5737.47998046875,5753.2099609375,5702.830078125,3479400000,5751.06982421875
2024-10-07 00:00:00,5737.7998046875,5739.33984375,5686.85009765625,3637790000,5695.93994140625
2024-10-08 00:00:00,5719.14013671875,5757.60009765625,5714.56005859375,3393400000,5751.1298828125
2024-10-09 00:00:00,5751.7998046875,5796.7998046875,5745.02001953125,3650340000,5792.0400390625
2024-10-10 00:00:00,5778.35986328125,5795.02978515625,5764.759765625,3208790000,5780.0498046875
2024-10-11 00:00:00,5775.08984375,5822.1298828125,5775.08984375,3208720000,5815.02978515625
2024-10-14 00:00:00,5829.81005859375,5871.41015625,5829.56982421875,3005250000,5859.85009765625
2024-10-15 00:00:00,5866.740234375,5870.35986328125,5804.47998046875,3882120000,5815.259765625
2024-10-16 00:00:00,5816.580078125,5846.52001953125,5808.33984375,3467230000,5842.47021484375
2024-10-17 00:00:00,5875.6201171875,5878.4599609375,5840.25,3480010000,5841.47021484375
2024-10-18 00:00:00,5859.43017578125,5872.169921875,5846.10986328125,3374490000,5864.669921875
2024-10-21 00:00:00,5857.81982421875,5866.919921875,5824.7900390625,3407010000,5853.97998046875
2024-10-22 00:00:00,5832.7001953125,5863.0400390625,5821.169921875,3342080000,5851.2001953125
2024-10-23 00:00:00,5834.5,5834.85009765625,5762.41015625,3532650000,5797.419921875
2024-10-24 00:00:00,5817.7998046875,5817.7998046875,5784.919921875,3543030000,5809.85986328125
2024-10-25 00:00:00,5826.75,5862.81982421875,5799.97998046875,3501280000,5808.1201171875
2024-10-28 00:00:00,5833.93017578125,5842.919921875,5823.080078125,3691280000,5823.52001953125
2024-10-29 00:00:00,5819.68017578125,5847.18994140625,5802.169921875,3879100000,5832.919921875
2024-10-30 00:00:00,5832.64990234375,5850.93994140625,5811.27978515625,3851120000,5813.669921875
2024-10-31 00:00:00,5775.33984375,5775.33984375,5702.85986328125,4425660000,5705.4501953125
2024-11-01 00:00:00,5723.22021484375,5772.52001953125,5723.22021484375,3796450000,5728.7998046875
2024-11-04 00:00:00,5725.14990234375,5741.43017578125,5696.509765625,3602060000,5712.68994140625
2024-11-05 00:00:00,5722.43017578125,5783.43994140625,5722.10009765625,3768310000,5782.759765625
2024-11-06 00:00:00,5864.89013671875,5936.14013671875,5864.89013671875,6329530000,5929.0400390625
2024-11-07 00:00:00,5947.2099609375,5983.83984375,5947.2099609375,4925740000,5973.10009765625
2024-11-08 00:00:00,5976.759765625,6012.4501953125,5976.759765625,4666740000,5995.5400390625
2024-11-11 00:00:00,6008.85986328125,6017.31005859375,5986.68994140625,4333000000,6001.35009765625
2024-11-12 00:00:00,6003.60009765625,6009.919921875,5960.080078125,4243400000,5983.990234375
2024-11-13 00:00:00,5985.75,6008.18994140625,5965.91015625,4220180000,5985.3798828125
2024-11-14 00:00:00,5989.68017578125,5993.8798828125,5942.27978515625,4184570000,5949.169921875
2024-11-15 00:00:00,5912.7900390625,5915.31982421875,5853.009765625,4590960000,5870.6201171875
2024-11-18 00:00:00,5874.169921875,5908.1201171875,5865.9501953125,3983860000,5893.6201171875
2024-11-19 00:00:00,5870.0498046875,5923.509765625,5855.2900390625,4036940000,5916.97998046875
2024-11-20 00:00:00,5914.33984375,5920.669921875,5860.56005859375,3772620000,5917.10986328125
2024-11-21 00:00:00,5940.580078125,5963.31982421875,5887.259765625,4230120000,5948.7099609375
2024-11-22 00:00:00,5944.35986328125,5972.89990234375,5944.35986328125,4141420000,5969.33984375
2024-11-25 00:00:00,5992.27978515625,6020.75,5963.91015625,5633150000,5987.3701171875
2024-11-26 00:00:00,6000.02978515625,6025.419921875,5992.27001953125,3835170000,6021.6298828125
2024-11-27 00:00:00,6014.10986328125,6020.16015625,5984.8701171875,3363340000,5998.740234375
2024-11-29 00:00:00,6003.97998046875,6044.169921875,6003.97998046875,2444420000,6032.3798828125
2024-12-02 00:00:00,6040.10986328125,6053.580078125,6035.330078125,4412470000,6047.14990234375
2024-12-03 00:00:00,6042.97021484375,6052.06982421875,6033.39013671875,4095000000,6049.8798828125
2024-12-04 00:00:00,6069.39013671875,6089.83984375,6061.06005859375,4003390000,6086.490234375
2024-12-05 00:00:00,6089.02978515625,6094.5498046875,6072.89990234375,4212020000,6075.10986328125
2024-12-06 00:00:00,6081.3798828125,6099.97021484375,6079.97998046875,3924830000,6090.27001953125
2024-12-09 00:00:00,6083.009765625,6088.509765625,6048.6298828125,4556460000,6052.85009765625
2024-12-10 00:00:00,6057.58984375,6065.39990234375,6029.89013671875,4048410000,6034.91015625
2024-12-11 00:00:00,6060.14990234375,6092.58984375,6060.14990234375,4269950000,6084.18994140625
2024-12-12 00:00:00,6074.2900390625,6079.68017578125,6051.25,3678010000,6051.25
2024-12-13 00:00:00,6068.169921875,6078.580078125,6035.77001953125,3584960000,6051.08984375
2024-12-16 00:00:00,6063.7900390625,6085.18994140625,6059.14013671875,4391100000,6074.080078125
2024-12-17 00:00:00,6052.5498046875,6057.68017578125,6035.18994140625,4544500000,6050.60986328125
2024-12-18 00:00:00,6047.64990234375,6070.669921875,5867.7900390625,5246960000,5872.16015625
2024-12-19 00:00:00,5912.7099609375,5935.52001953125,5866.06982421875,4896880000,5867.080078125
2024-12-20 00:00:00,5842.0,5982.06005859375,5832.2998046875,8223220000,5930.85009765625
2024-12-23 00:00:00,5940.25,5978.25,5902.56982421875,3593280000,5974.06982421875
2024-12-24 00:00:00,5984.6298828125,6040.10009765625,5981.43994140625,1757720000,6040.0400390625
2024-12-26 00:00:00,6024.97021484375,6049.75,6007.3701171875,2904530000,6037.58984375
2024-12-27 00:00:00,6006.169921875,6006.169921875,5932.9501953125,3159610000,5970.83984375
2024-12-30 00:00:00,5920.669921875,5940.7900390625,5869.16015625,3433250000,5906.93994140625
2024-12-31 00:00:00,5919.740234375,5929.740234375,5868.85986328125,3128350000,5881.6298828125
2025-01-02 00:00:00,5903.259765625,5935.08984375,5829.52978515625,3621680000,5868.5498046875
2025-01-03 00:00:00,5891.06982421875,5949.33984375,5888.66015625,3667340000,5942.47021484375
2025-01-06 00:00:00,5982.81005859375,6021.0400390625,5960.009765625,4940120000,5975.3798828125
2025-01-07 00:00:00,5993.259765625,6000.68017578125,5890.68017578125,4517330000,5909.02978515625
2025-01-08 00:00:00,5910.66015625,5927.89013671875,5874.77978515625,4441740000,5918.25
2025-01-10 00:00:00,5890.35009765625,5890.35009765625,5807.77978515625,4751930000,5827.0400390625
2025-01-13 00:00:00,5782.02001953125,5838.60986328125,5773.31005859375,4421200000,5836.22021484375
2025-01-14 00:00:00,5859.27001953125,5871.919921875,5805.419921875,4142280000,5842.91015625
2025-01-15 00:00:00,5905.2099609375,5960.60986328125,5905.2099609375,4544570000,5949.91015625
2025-01-16 00:00:00,5963.60986328125,5964.68994140625,5930.72021484375,4285810000,5937.33984375
2025-01-17 00:00:00,5995.39990234375,6014.9599609375,5978.43994140625,4366830000,5996.66015625
2025-01-21 00:00:00,6014.1201171875,6051.509765625,6006.8798828125,4702920000,6049.240234375
2025-01-22 00:00:00,6081.39013671875,6100.81005859375,6076.1298828125,4323040000,6086.3701171875
2025-01-23 00:00:00,6076.31982421875,6118.72998046875,6074.669921875,4432250000,6118.7099609375
2025-01-24 00:00:00,6121.43017578125,6128.18017578125,6088.740234375,4214250000,6101.240234375
2025-01-27 00:00:00,5969.0400390625,6017.169921875,5962.919921875,5198750000,6012.27978515625
2025-01-28 00:00:00,6026.97021484375,6074.5400390625,5994.6298828125,4473640000,6067.7001953125
2025-01-29 00:00:00,6057.7001953125,6062.830078125,6012.9599609375,4115310000,6039.31005859375
2025-01-30 00:00:00,6050.75,6086.64013671875,6027.4599609375,4634620000,6071.169921875
2025-01-31 00:00:00,6096.7900390625,6120.91015625,6030.93017578125,4843770000,6040.52978515625
2025-02-03 00:00:00,5969.64990234375,6022.1298828125,5923.93017578125,4797210000,5994.56982421875
2025-02-04 00:00:00,5998.14013671875,6042.47998046875,5990.8701171875,4410160000,6037.8798828125
2025-02-05 00:00:00,6020.4501953125,6062.85986328125,6007.06005859375,4756250000,6061.47998046875
2025-02-06 00:00:00,6072.22021484375,6084.02978515625,6046.830078125,4847120000,6083.56982421875
2025-02-07 00:00:00,6083.1298828125,6101.27978515625,6019.9599609375,4766900000,6025.990234375
2025-02-10 00:00:00,6046.39990234375,6073.3798828125,6044.83984375,4458760000,6066.43994140625
2025-02-11 00:00:00,6049.31982421875,6076.27978515625,6042.33984375,4324880000,6068.5
2025-02-12 00:00:00,6025.080078125,6063.0,6003.0,4627960000,6051.97021484375
2025-02-13 00:00:00,6060.58984375,6116.91015625,6050.9501953125,4763800000,6115.06982421875
2025-02-14 00:00:00,6115.52001953125,6127.47021484375,6107.6201171875,4335190000,6114.6298828125
2025-02-18 00:00:00,6121.60009765625,6129.6298828125,6099.509765625,4684980000,6129.580078125
2025-02-19 00:00:00,6117.759765625,6147.43017578125,6111.14990234375,4562330000,6144.14990234375
2025-02-20 00:00:00,6134.5,6134.5,6084.58984375,4813690000,6117.52001953125
2025-02-21 00:00:00,6114.10009765625,6114.81982421875,6008.56005859375,5434560000,6013.1298828125
2025-02-24 00:00:00,6026.68994140625,6043.64990234375,5977.830078125,4990120000,5983.25
2025-02-25 00:00:00,5982.72998046875,5992.64990234375,5908.490234375,5374690000,5955.25
2025-02-26 00:00:00,5970.8701171875,6009.81982421875,5932.68994140625,4869580000,5956.06005859375
2025-02-27 00:00:00,5981.8798828125,5993.68994140625,5858.77978515625,5057680000,5861.56982421875
2025-02-28 00:00:00,5856.740234375,5959.39990234375,5837.66015625,6441140000,5954.5
2025-03-03 00:00:00,5968.330078125,5986.08984375,5810.91015625,5613850000,5849.72021484375
2025-03-04 00:00:00,5811.97998046875,5865.080078125,5732.58984375,6138110000,5778.14990234375
2025-03-05 00:00:00,5781.35986328125,5860.58984375,5742.35009765625,5285970000,5842.6298828125
2025-03-06 00:00:00,5785.8701171875,5812.080078125,5711.64013671875,5165080000,5738.52001953125
2025-03-07 00:00:00,5726.009765625,5783.009765625,5666.2900390625,5705140000,5770.2001953125
2025-03-10 00:00:00,5705.3701171875,5705.3701171875,5564.02001953125,6409370000,5614.56005859375
2025-03-11 00:00:00,5603.64990234375,5636.2998046875,5528.41015625,6221240000,5572.06982421875
2025-03-12 00:00:00,5624.83984375,5642.18994140625,5546.08984375,5219830000,5599.2998046875
2025-03-13 00:00:00,5594.4501953125,5597.77978515625,5504.64990234375,5018980000,5521.52001953125
2025-03-14 00:00:00,5563.85009765625,5645.27001953125,5563.85009765625,4863180000,5638.93994140625
2025-03-17 00:00:00,5635.60009765625,5703.52001953125,5631.1201171875,5031770000,5675.1201171875
2025-03-18 00:00:00,5654.52978515625,5654.52978515625,5597.759765625,4666270000,5614.66015625
2025-03-19 00:00:00,5632.3701171875,5715.330078125,5622.2001953125,4660090000,5675.2900390625
2025-03-20 00:00:00,5646.919921875,5711.14990234375,5632.330078125,4678420000,5662.89013671875
2025-03-21 00:00:00,5630.72998046875,5670.83984375,5603.10009765625,9367460000,5667.56005859375
2025-03-24 00:00:00,5718.080078125,5775.14013671875,5718.080078125,4517990000,5767.56982421875
2025-03-25 00:00:00,5775.9599609375,5786.9501953125,5760.419921875,4467340000,5776.64990234375
2025-03-26 00:00:00,5771.66015625,5783.6201171875,5694.41015625,4183140000,5712.2001953125
2025-03-27 00:00:00,5695.64013671875,5732.27978515625,5670.93994140625,4403460000,5693.31005859375
2025-03-28 00:00:00,5679.2001953125,5685.89013671875,5572.419921875,4513330000,5580.93994140625
2025-03-31 00:00:00,5527.91015625,5627.56005859375,5488.72998046875,5257250000,5611.85009765625
2025-04-01 00:00:00,5597.52978515625,5650.56982421875,5558.52001953125,4434500000,5633.06982421875
2025-04-02 00:00:00,5580.759765625,5695.31005859375,5571.47998046875,4243830000,5670.97021484375
2025-04-03 00:00:00,5492.740234375,5499.52978515625,5390.830078125,7210470000,5396.52001953125
2025-04-04 00:00:00,5292.14013671875,5292.14013671875,5069.89990234375,8853500000,5074.080078125
2025-04-07 00:00:00,4953.7900390625,5246.56982421875,4835.0400390625,8691980000,5062.25
2025-04-08 00:00:00,5193.56982421875,5267.47021484375,4910.419921875,7408140000,4982.77001953125
2025-04-09 00:00:00,4965.27978515625,5481.33984375,4948.43017578125,9489600000,5456.89990234375
2025-04-10 00:00:00,5353.14990234375,5353.14990234375,5115.27001953125,6677140000,5268.0498046875
2025-04-11 00:00:00,5255.56005859375,5381.4599609375,5220.77001953125,5602550000,5363.35986328125
2025-04-14 00:00:00,5441.9599609375,5459.4599609375,5358.02001953125,5031440000,5405.97021484375
2025-04-15 00:00:00,5411.990234375,5450.41015625,5386.43994140625,4317110000,5396.6298828125
2025-04-16 00:00:00,5335.75,5367.240234375,5220.7900390625,4607750000,5275.7001953125
2025-04-17 00:00:00,5305.4501953125,5328.31005859375,5255.580078125,4714880000,5282.7001953125
2025-04-21 00:00:00,5232.93994140625,5232.93994140625,5101.6298828125,4226340000,5158.2001953125
2025-04-22 00:00:00,5207.669921875,5309.60986328125,5207.669921875,4666950000,5287.759765625
2025-04-23 00:00:00,5395.919921875,5469.68994140625,5356.169921875,5371390000,5375.85986328125
2025-04-24 00:00:00,5381.3798828125,5489.39990234375,5371.9599609375,4697710000,5484.77001953125
2025-04-25 00:00:00,5489.72998046875,5528.10986328125,5455.85986328125,4236580000,5525.2099609375
2025-04-28 00:00:00,5529.22021484375,5553.66015625,5468.64013671875,4257880000,5528.75
2025-04-29 00:00:00,5508.8701171875,5571.9501953125,5505.7001953125,4747150000,5560.830078125
2025-04-30 00:00:00,5499.43994140625,5581.83984375,5433.240234375,5449490000,5569.06005859375
2025-05-01 00:00:00,5625.14013671875,5658.91015625,5597.35009765625,4935270000,5604.14013671875
2025-05-02 00:00:00,5645.8798828125,5700.7001953125,5642.27978515625,4854380000,5686.669921875
2025-05-05 00:00:00,5655.31982421875,5683.3798828125,5634.47998046875,4358260000,5650.3798828125
2025-05-06 00:00:00,5605.8701171875,5649.580078125,5586.0400390625,4717260000,5606.91015625
2025-05-07 00:00:00,5614.18017578125,5654.72998046875,5578.64013671875,4987440000,5631.27978515625
2025-05-08 00:00:00,5663.60009765625,5720.10009765625,5635.3798828125,5627400000,5663.93994140625
2025-05-09 00:00:00,5679.64990234375,5691.68994140625,5644.14990234375,4645090000,5659.91015625
2025-05-12 00:00:00,5807.2001953125,5845.3701171875,5786.080078125,6014580000,5844.18994140625
2025-05-13 00:00:00,5854.14990234375,5906.64013671875,5845.02001953125,5516290000,5886.5498046875
2025-05-14 00:00:00,5896.740234375,5906.5498046875,5872.10986328125,5233450000,5892.580078125
2025-05-15 00:00:00,5869.81982421875,5924.2099609375,5865.16015625,4991290000,5916.93017578125
2025-05-16 00:00:00,5929.08984375,5958.6201171875,5907.35986328125,4850850000,5958.3798828125
2025-05-19 00:00:00,5902.8798828125,5968.60986328125,5895.68994140625,4144010000,5963.60009765625
2025-05-20 00:00:00,5944.66015625,5953.06005859375,5909.259765625,4416850000,5940.4599609375
2025-05-21 00:00:00,5910.18017578125,5938.3701171875,5830.91015625,5254250000,5844.60986328125
2025-05-22 00:00:00,5841.259765625,5878.080078125,5825.81982421875,5157050000,5842.009765625
2025-05-23 00:00:00,5781.89013671875,5829.509765625,5767.41015625,4662820000,5802.81982421875
2025-05-27 00:00:00,5854.06982421875,5924.330078125,5854.06982421875,5366380000,5921.5400390625
2025-05-28 00:00:00,5925.5400390625,5939.919921875,5881.8798828125,4665050000,5888.5498046875
2025-05-29 00:00:00,5939.9599609375,5943.1298828125,5873.7998046875,4569750000,5912.169921875
2025-05-30 00:00:00,5903.669921875,5922.14013671875,5843.66015625,6378540000,5911.68994140625
2025-06-02 00:00:00,5896.68017578125,5937.39990234375,5861.43017578125,4832240000,5935.93994140625
2025-06-03 00:00:00,5938.56005859375,5981.35009765625,5929.0,5026680000,5970.3701171875
2025-06-04 00:00:00,5978.93994140625,5990.47998046875,5966.10986328125,4767050000,5970.81005859375
2025-06-05 00:00:00,5985.669921875,5999.7001953125,5921.2001953125,5091850000,5939.2998046875
2025-06-06 00:00:00,5987.06005859375,6016.8701171875,5978.6298828125,4355710000,6000.35986328125
2025-06-09 00:00:00,6004.6298828125,6021.31005859375,5994.18017578125,4642360000,6005.8798828125
2025-06-10 00:00:00,6009.91015625,6043.009765625,6000.27978515625,4882880000,6038.81005859375
2025-06-11 00:00:00,6049.3798828125,6059.39990234375,6002.31982421875,5111550000,6022.240234375
2025-06-12 00:00:00,6009.89990234375,6045.43017578125,6003.8798828125,4669500000,6045.259765625
2025-06-13 00:00:00,6000.56005859375,6026.16015625,5963.2099609375,5258910000,5976.97021484375
2025-06-16 00:00:00,6004.0,6050.830078125,6004.0,5111710000,6033.10986328125
2025-06-17 00:00:00,6012.14990234375,6023.25,5974.7998046875,4955700000,5982.72021484375
2025-06-18 00:00:00,5987.93017578125,6018.25,5971.89013671875,5106470000,5980.8701171875
2025-06-20 00:00:00,5999.669921875,6018.2001953125,5952.56005859375,7451500000,5967.83984375
2025-06-23 00:00:00,5969.669921875,6028.77001953125,5943.22998046875,5597000000,6025.169921875
2025-06-24 00:00:00,6061.2099609375,6101.759765625,6059.25,5443690000,6092.18017578125
2025-06-25 00:00:00,6104.22998046875,6108.509765625,6080.08984375,5171110000,6092.16015625
2025-06-26 00:00:00,6112.08984375,6146.52001953125,6107.27001953125,5308140000,6141.02001953125
2025-06-27 00:00:00,6150.7001953125,6187.68017578125,6132.35009765625,7889350000,6173.06982421875
2025-06-30 00:00:00,6193.35986328125,6215.080078125,6174.97021484375,5782900000,6204.9501953125
2025-07-01 00:00:00,6187.25,6210.77978515625,6177.97021484375,6275310000,6198.009765625
2025-07-02 00:00:00,6193.8798828125,6227.60009765625,6188.2900390625,5645710000,6227.419921875
2025-07-03 00:00:00,6246.4599609375,6284.64990234375,6246.4599609375,3378110000,6279.35009765625
2025-07-07 00:00:00,6259.0400390625,6262.06982421875,6201.0,5236740000,6229.97998046875
2025-07-08 00:00:00,6234.02978515625,6242.7001953125,6217.75,5739030000,6225.52001953125
2025-07-09 00:00:00,6243.330078125,6269.16015625,6231.43017578125,4813340000,6263.259765625
2025-07-10 00:00:00,6266.7998046875,6290.22021484375,6251.43994140625,5367350000,6280.4599609375
2025-07-11 00:00:00,6255.68017578125,6269.43994140625,6237.60009765625,4656210000,6259.75
2025-07-14 00:00:00,6255.14990234375,6273.31005859375,6239.22021484375,4722250000,6268.56005859375
2025-07-15 00:00:00,6295.2900390625,6302.0400390625,6241.68017578125,5133670000,6243.759765625
2025-07-16 00:00:00,6254.5,6268.1201171875,6201.58984375,5177460000,6263.7001953125
2025-07-17 00:00:00,6263.39990234375,6304.68994140625,6262.27001953125,5512290000,6297.35986328125
2025-07-18 00:00:00,6312.9501953125,6315.60986328125,6285.27001953125,5184700000,6296.7900390625
2025-07-21 00:00:00,6304.740234375,6336.080078125,6303.7900390625,5010840000,6305.60009765625
2025-07-22 00:00:00,6306.60009765625,6316.1201171875,6281.7099609375,5662040000,6309.6201171875
2025-07-23 00:00:00,6326.89990234375,6360.64013671875,6317.490234375,5642510000,6358.91015625
2025-07-24 00:00:00,6368.60009765625,6381.31005859375,6360.56982421875,5282720000,6363.35009765625
2025-07-25 00:00:00,6370.009765625,6395.81982421875,6368.52978515625,4470720000,6388.64013671875
2025-07-28 00:00:00,6397.68994140625,6401.06982421875,6375.7900390625,4565620000,6389.77001953125
2025-07-29 00:00:00,6405.6201171875,6409.259765625,6363.919921875,5076120000,6370.85986328125
2025-07-30 00:00:00,6381.22998046875,6396.5400390625,6336.3798828125,5375070000,6362.89990234375
2025-07-31 00:00:00,6427.02001953125,6427.02001953125,6327.64013671875,6077080000,6339.39013671875
2025-08-01 00:00:00,6287.27978515625,6287.27978515625,6212.68994140625,5827150000,6238.009765625
2025-08-04 00:00:00,6271.7099609375,6330.68994140625,6271.7099609375,4842580000,6329.93994140625
2025-08-05 00:00:00,6336.6298828125,6346.0,6289.3701171875,5517410000,6299.18994140625
2025-08-06 00:00:00,6309.2998046875,6352.830078125,6301.10986328125,5408560000,6345.06005859375
2025-08-07 00:00:00,6374.31982421875,6389.7099609375,6310.31982421875,5306090000,6340.0
2025-08-08 00:00:00,6355.22021484375,6395.16015625,6355.22021484375,4769910000,6389.4501953125
2025-08-11 00:00:00,6389.669921875,6407.25,6364.06005859375,4652400000,6373.4501953125
2025-08-12 00:00:00,6395.169921875,6446.5498046875,6385.759765625,5135300000,6445.759765625
2025-08-13 00:00:00,6462.669921875,6480.27978515625,6445.02001953125,5195950000,6466.580078125
2025-08-14 00:00:00,6453.4599609375,6473.919921875,6441.06982421875,4462050000,6468.5400390625
2025-08-15 00:00:00,6477.3798828125,6481.33984375,6441.85009765625,4575060000,6449.7998046875
2025-08-18 00:00:00,6445.02001953125,6455.35009765625,6437.7001953125,4162290000,6449.14990234375
2025-08-19 00:00:00,6446.240234375,6456.47998046875,6400.22021484375,4377440000,6411.3701171875
2025-08-20 00:00:00,6406.6201171875,6408.39990234375,6343.85986328125,4470390000,6395.77978515625
2025-08-21 00:00:00,6380.830078125,6393.64990234375,6352.7099609375,4013560000,6370.169921875
2025-08-22 00:00:00,6384.58984375,6478.89013671875,6384.58984375,5046860000,6466.91015625
2025-08-25 00:00:00,6457.669921875,6466.89013671875,6438.06005859375,4059070000,6439.31982421875
2025-08-26 00:00:00,6435.490234375,6468.3701171875,6429.2099609375,4867680000,6465.93994140625
2025-08-27 00:00:00,6462.259765625,6487.06005859375,6457.83984375,4143680000,6481.39990234375
2025-08-28 00:00:00,6483.83984375,6508.22998046875,6466.9599609375,4283760000,6501.85986328125
2025-08-29 00:00:00,6489.27978515625,6491.759765625,6444.56982421875,4234840000,6460.259765625
2025-09-02 00:00:00,6401.509765625,6416.5400390625,6360.580078125,4784000000,6415.5400390625
2025-09-03 00:00:00,6445.81982421875,6453.669921875,6416.169921875,4465360000,6448.259765625
2025-09-04 00:00:00,6456.60009765625,6502.5400390625,6445.97998046875,4670770000,6502.080078125
2025-09-05 00:00:00,6529.080078125,6532.64990234375,6443.97998046875,5066120000,6481.5
2025-09-08 00:00:00,6498.08984375,6508.669921875,6483.2900390625,5211500000,6495.14990234375
2025-09-09 00:00:00,6503.330078125,6518.22998046875,6483.080078125,4798350000,6512.60986328125
2025-09-10 00:00:00,6550.2900390625,6555.97021484375,6516.33984375,5253010000,6532.0400390625
2025-09-11 00:00:00,6554.41015625,6592.89013671875,6545.7998046875,5426460000,6587.47021484375
2025-09-12 00:00:00,6590.66015625,6600.2099609375,6579.490234375,4641640000,6584.2900390625
2025-09-15 00:00:00,6603.490234375,6619.6201171875,6602.06982421875,5045020000,6615.27978515625
2025-09-16 00:00:00,6624.1298828125,6626.990234375,6600.10986328125,5359510000,6606.759765625
2025-09-17 00:00:00,6604.8701171875,6624.39013671875,6551.14990234375,5805340000,6600.35009765625
2025-09-18 00:00:00,6626.85009765625,6656.7998046875,6611.89013671875,5292400000,6631.9599609375
2025-09-19 00:00:00,6647.10986328125,6671.81982421875,6630.31005859375,9125960000,6664.35986328125
2025-09-22 00:00:00,6654.27978515625,6698.8798828125,6648.06982421875,5642620000,6693.75
2025-09-23 00:00:00,6692.43994140625,6699.52001953125,6645.580078125,5633620000,6656.919921875
2025-09-24 00:00:00,6669.7900390625,6672.66015625,6621.759765625,5459180000,6637.97021484375
2025-09-25 00:00:00,6608.18994140625,6619.0,6569.22021484375,5874670000,6604.72021484375
2025-09-26 00:00:00,6615.3798828125,6648.97021484375,6604.43017578125,5103110000,6643.7001953125
2025-09-29 00:00:00,6661.580078125,6677.31005859375,6644.490234375,5358760000,6661.2099609375
2025-09-30 00:00:00,6656.18994140625,6691.25,6641.0,6057210000,6688.4599609375
2025-10-01 00:00:00,6664.919921875,6718.47998046875,6656.2001953125,6037950000,6711.2001953125
2025-10-02 00:00:00,6731.31005859375,6731.93994140625,6693.22998046875,5416130000,6715.35009765625
2025-10-03 00:00:00,6722.14013671875,6750.8701171875,6705.669921875,5713110000,6715.7900390625
2025-10-06 00:00:00,6733.85986328125,6749.52001953125,6717.77978515625,5604460000,6740.27978515625
2025-10-07 00:00:00,6746.14013671875,6754.490234375,6699.9599609375,5546150000,6714.58984375
2025-10-08 00:00:00,6723.8701171875,6755.64013671875,6718.08984375,5383130000,6753.72021484375
2025-10-09 00:00:00,6760.5,6764.580078125,6716.169921875,5385020000,6735.10986328125
2025-10-10 00:00:00,6740.490234375,6762.39990234375,6550.77978515625,6596610000,6552.509765625
2025-10-13 00:00:00,6622.52978515625,6668.68017578125,6620.7099609375,5303960000,6654.72021484375
2025-10-14 00:00:00,6602.490234375,6680.7001953125,6555.06982421875,5666920000,6644.31005859375
2025-10-15 00:00:00,6688.27001953125,6724.1201171875,6612.10986328125,5633060000,6671.06005859375
2025-10-16 00:00:00,6689.02001953125,6709.33984375,6593.990234375,6048180000,6629.06982421875
2025-10-17 00:00:00,6613.27001953125,6678.8798828125,6603.759765625,5358120000,6664.009765625
2025-10-20 00:00:00,6690.0498046875,6744.35009765625,6690.0498046875,4672170000,6735.1298828125
2025-10-21 00:00:00,6736.75,6752.16015625,6722.02978515625,5245020000,6735.35009765625
2025-10-22 00:00:00,6741.33984375,6741.75,6655.68994140625,5710010000,6699.39990234375
2025-10-23 00:00:00,6703.64990234375,6749.52978515625,6700.14013671875,5565750000,6738.43994140625
2025-10-24 00:00:00,6772.06982421875,6807.10986328125,6772.06982421875,5058220000,6791.68994140625
2025-10-27 00:00:00,6845.4599609375,6877.27978515625,6843.93994140625,5290650000,6875.16015625
2025-10-28 00:00:00,6897.740234375,6911.2998046875,6870.72998046875,5695930000,6890.89013671875
2025-10-29 00:00:00,6910.9501953125,6920.33984375,6851.91015625,6280130000,6890.58984375
2025-10-30 00:00:00,6860.5,6880.75,6820.68994140625,6052700000,6822.33984375
2025-10-31 00:00:00,6879.169921875,6879.169921875,6814.259765625,6398280000,6840.2001953125
2025-11-03 00:00:00,6882.31982421875,6882.31982421875,6820.6201171875,6065720000,6851.97021484375
2025-11-04 00:00:00,6788.52001953125,6820.2099609375,6766.7099609375,5739510000,6771.5498046875
2025-11-05 00:00:00,6769.77001953125,6829.77978515625,6763.10986328125,5939600000,6796.2900390625
2025-11-06 00:00:00,6787.58984375,6796.68017578125,6707.509765625,6051900000,6720.31982421875
2025-11-07 00:00:00,6696.18017578125,6730.10986328125,6631.43994140625,5926070000,6728.7998046875
2025-11-10 00:00:00,6785.35986328125,6841.31982421875,6770.56005859375,5366050000,6832.43017578125
2025-11-11 00:00:00,6815.64013671875,6855.1298828125,6806.8701171875,4983490000,6846.60986328125
2025-11-12 00:00:00,6867.77001953125,6869.91015625,6829.6201171875,5293610000,6850.919921875
2025-11-13 00:00:00,6826.47021484375,6828.0498046875,6724.72021484375,5473720000,6737.490234375
2025-11-14 00:00:00,6672.14013671875,6774.31005859375,6646.8701171875,5042660000,6734.10986328125
2025-11-17 00:00:00,6713.60986328125,6754.5,6638.89990234375,5204220000,6672.41015625
2025-11-18 00:00:00,6641.18994140625,6666.6298828125,6574.31982421875,5159390000,6617.31982421875
2025-11-19 00:00:00,6625.83984375,6689.75,6603.5,5021610000,6642.16015625
2025-11-20 00:00:00,6737.93017578125,6770.35009765625,6534.0498046875,5596080000,6538.759765625
2025-11-21 00:00:00,6555.77001953125,6660.0498046875,6521.919921875,5929930000,6602.990234375
2025-11-24 00:00:00,6636.5400390625,6715.75,6630.7001953125,6039740000,6705.1201171875
2025-11-25 00:00:00,6697.02978515625,6776.39990234375,6659.97998046875,5003330000,6765.8798828125
2025-11-26 00:00:00,6793.5498046875,6831.43994140625,6783.8701171875,4485000000,6812.60986328125
2025-11-28 00:00:00,6822.52001953125,6850.85986328125,6819.75,2558540000,6849.08984375
2025-12-01 00:00:00,6812.2998046875,6843.64990234375,6799.93994140625,4549370000,6812.6298828125
2025-12-02 00:00:00,6830.9599609375,6851.5498046875,6806.7099609375,4582290000,6829.3701171875
2025-12-03 00:00:00,6815.2900390625,6862.419921875,6810.43017578125,4736780000,6849.72021484375
2025-12-04 00:00:00,6866.47021484375,6866.47021484375,6827.1201171875,4872440000,6857.1201171875
2025-12-05 00:00:00,6866.31982421875,6895.77978515625,6858.2900390625,4944560000,6870.39990234375
2025-12-08 00:00:00,6875.2001953125,6878.27001953125,6827.18994140625,4757130000,6846.509765625
2025-12-09 00:00:00,6840.60986328125,6864.919921875,6837.43017578125,4508050000,6840.509765625
2025-12-10 00:00:00,6833.490234375,6900.669921875,6824.68994140625,5526570000,6886.68017578125
2025-12-11 00:00:00,6861.2998046875,6903.4599609375,6833.4501953125,5021060000,6901.0
2025-12-12 00:00:00,6886.85009765625,6899.85009765625,6801.7900390625,4910160000,6827.41015625
2025-12-15 00:00:00,6860.18994140625,6861.58984375,6801.490234375,4975600000,6816.509765625
2025-12-16 00:00:00,6800.1201171875,6819.27001953125,6759.740234375,4983180000,6800.259765625
2025-12-17 00:00:00,6802.8798828125,6812.259765625,6720.43017578125,5122120000,6721.43017578125
2025-12-18 00:00:00,6778.06005859375,6816.1298828125,6758.5,5101190000,6774.759765625
2025-12-19 00:00:00,6792.6201171875,6840.02001953125,6792.6201171875,8554470000,6834.5
2025-12-22 00:00:00,6865.2099609375,6882.02978515625,6855.740234375,4465030000,6878.490234375
2025-12-23 00:00:00,6872.41015625,6910.8798828125,6868.81005859375,3820560000,6909.7900390625
2025-12-24 00:00:00,6904.91015625,6937.31982421875,6904.91015625,1798270000,6932.0498046875
2025-12-26 00:00:00,6936.02001953125,6945.77001953125,6921.60009765625,2586550000,6929.93994140625
2025-12-29 00:00:00,6903.60009765625,6920.2099609375,6888.759765625,3541750000,6905.740234375
2025-12-30 00:00:00,6900.43994140625,6913.25,6893.47021484375,3309930000,6896.240234375
2025-12-31 00:00:00,6898.81982421875,6901.419921875,6844.5498046875,3261830000,6845.5
2026-01-02 00:00:00,6878.10986328125,6894.8701171875,6824.31005859375,4184120000,6858.47021484375
2026-01-05 00:00:00,6892.18994140625,6920.3798828125,6891.56005859375,5771930000,6902.0498046875
2026-01-06 00:00:00,6908.02978515625,6948.68994140625,6904.02001953125,5509680000,6944.81982421875
2026-01-07 00:00:00,6945.06982421875,6965.68994140625,6919.18994140625,5214480000,6920.93017578125
2026-01-08 00:00:00,6914.10986328125,6931.27978515625,6899.330078125,5333200000,6921.4599609375
2026-01-09 00:00:00,6927.830078125,6978.35986328125,6917.64013671875,5163900000,6966.27978515625
2026-01-12 00:00:00,6944.1201171875,6986.330078125,6934.06982421875,5019040000,6977.27001953125
2026-01-13 00:00:00,6977.41015625,6985.830078125,6938.77001953125,5091730000,6963.740234375
2026-01-14 00:00:00,6937.41015625,6941.2998046875,6885.740234375,5530830000,6926.60009765625
2026-01-15 00:00:00,6969.4599609375,6979.33984375,6937.93017578125,5114050000,6944.47021484375
2026-01-16 00:00:00,6960.5400390625,6967.2998046875,6925.08984375,5356550000,6940.009765625
2026-01-20 00:00:00,6865.240234375,6871.169921875,6789.0498046875,5769500000,6796.85986328125
2026-01-21 00:00:00,6810.7099609375,6910.39013671875,6804.9599609375,5835520000,6875.6201171875
2026-01-22 00:00:00,6914.43994140625,6934.75,6893.6201171875,5307580000,6913.35009765625
2026-01-23 00:00:00,6907.85009765625,6932.9599609375,6895.5,4871930000,6915.60986328125
2026-01-26 00:00:00,6923.22998046875,6964.66015625,6921.60009765625,4968050000,6950.22998046875
2026-01-27 00:00:00,6965.9599609375,6988.81982421875,6958.830078125,5331720000,6978.60009765625
2026-01-28 00:00:00,7002.0,7002.27978515625,6963.4599609375,5507670000,6978.02978515625
2026-01-29 00:00:00,6977.740234375,6992.83984375,6870.7998046875,6877780000,6969.009765625
2026-01-30 00:00:00,6947.27001953125,6964.08984375,6893.47998046875,6697340000,6939.02978515625
2026-02-02 00:00:00,6916.64013671875,6991.919921875,6914.33984375,5772050000,6976.43994140625
2026-02-03 00:00:00,6985.4501953125,6993.080078125,6862.0498046875,7017660000,6917.81005859375
2026-02-04 00:00:00,6924.5,6936.08984375,6838.7998046875,7475750000,6882.72021484375
2026-02-05 00:00:00,6837.39013671875,6857.85009765625,6780.1298828125,6989120000,6798.39990234375
2026-02-06 00:00:00,6816.740234375,6944.89013671875,6816.740234375,6283680000,6932.2998046875
2026-02-09 00:00:00,6917.259765625,6980.10009765625,6905.8701171875,5650260000,6964.81982421875
2026-02-10 00:00:00,6974.490234375,6986.830078125,6937.52978515625,5595950000,6941.81005859375
2026-02-11 00:00:00,6976.47998046875,6993.47998046875,6911.97021484375,6175510000,6941.47021484375
2026-02-12 00:00:00,6957.5400390625,6973.22021484375,6824.0400390625,7118700000,6832.759765625
2026-02-13 00:00:00,6834.27001953125,6881.9599609375,6794.5498046875,5718360000,6836.169921875
2026-02-17 00:00:00,6819.85986328125,6866.990234375,6775.5,5418480000,6843.22021484375
2026-02-18 00:00:00,6855.47998046875,6909.1201171875,6849.66015625,5098160000,6881.31005859375
2026-02-19 00:00:00,6861.33984375,6879.1201171875,6833.06005859375,5151690000,6861.89013671875
2026-02-20 00:00:00,6843.259765625,6915.85986328125,6836.330078125,5432480000,6909.509765625
2026-02-23 00:00:00,6901.25,6916.9599609375,6819.81982421875,5638350000,6837.75
2026-02-24 00:00:00,6837.3701171875,6899.169921875,6815.43017578125,5266090000,6890.06982421875
2026-02-25 00:00:00,6915.14990234375,6952.509765625,6915.14990234375,5328060000,6946.1298828125
2026-02-26 00:00:00,6944.740234375,6947.25,6859.72998046875,5889550000,6908.85986328125
2026-02-27 00:00:00,6856.5400390625,6882.9599609375,6831.740234375,6665660000,6878.8798828125
2026-03-02 00:00:00,6824.35986328125,6901.009765625,6796.85009765625,6079080000,6881.6201171875
2026-03-03 00:00:00,6800.259765625,6840.0498046875,6710.419921875,6442080000,6816.6298828125
2026-03-04 00:00:00,6831.68994140625,6885.93994140625,6811.64013671875,5252170000,6869.5
2026-03-05 00:00:00,6851.080078125,6870.43017578125,6770.77978515625,5989300000,6830.7099609375
2026-03-06 00:00:00,6769.02978515625,6773.419921875,6711.56005859375,5793120000,6740.02001953125
2026-03-09 00:00:00,6699.7998046875,6810.43994140625,6636.0400390625,6709410000,6795.990234375
2026-03-10 00:00:00,6796.56005859375,6845.080078125,6759.740234375,5944950000,6781.47998046875
2026-03-11 00:00:00,6790.08984375,6811.14990234375,6745.58984375,5511090000,6775.7998046875
2026-03-12 00:00:00,6740.8798828125,6740.8798828125,6670.39990234375,6292170000,6672.6201171875
2026-03-13 00:00:00,6673.490234375,6733.2998046875,6623.919921875,5337120000,6632.18994140625
2026-03-16 00:00:00,6674.3701171875,6729.7900390625,6674.3701171875,5176290000,6699.3798828125
2026-03-17 00:00:00,6722.35009765625,6754.2998046875,6710.7998046875,5063390000,6716.08984375
2026-03-18 00:00:00,6697.16015625,6705.18017578125,6621.66015625,5275480000,6624.7001953125
2026-03-19 00:00:00,6583.1201171875,6636.740234375,6557.81982421875,5973390000,6606.490234375
2026-03-20 00:00:00,6594.66015625,6594.66015625,6473.52001953125,10025820000,6506.47998046875
2026-03-23 00:00:00,6574.9599609375,6651.6201171875,6565.5498046875,6020650000,6581.0
2026-03-24 00:00:00,6552.08984375,6595.75,6525.10986328125,5278580000,6556.3701171875
2026-03-25 00:00:00,6598.35009765625,6633.93994140625,6568.41015625,4936720000,6591.89990234375
2026-03-26 00:00:00,6555.85986328125,6573.22021484375,6473.7900390625,4845560000,6477.16015625
2026-03-27 00:00:00,6453.89013671875,6453.89013671875,6356.080078125,5303490000,6368.85009765625
2026-03-30 00:00:00,6403.3701171875,6427.31005859375,6316.91015625,5458640000,6343.72021484375
2026-03-31 00:00:00,6395.8798828125,6539.0498046875,6395.8798828125,6396100000,6528.52001953125
2026-04-01 00:00:00,6556.56005859375,6609.669921875,6554.2900390625,5637260000,6575.31982421875
2026-04-02 00:00:00,6512.60986328125,6601.91015625,6474.93994140625,4740740000,6582.68994140625
2026-04-06 00:00:00,6587.66015625,6618.1298828125,6579.72021484375,3906440000,6611.830078125
2026-04-07 00:00:00,6601.93017578125,6618.259765625,6534.5498046875,4555680000,6616.85009765625
2026-04-08 00:00:00,6754.35986328125,6793.5,6740.27978515625,5904880000,6782.81005859375
2026-04-09 00:00:00,6783.68994140625,6835.31005859375,6761.5498046875,4912410000,6824.66015625
2026-04-10 00:00:00,6839.240234375,6845.77001953125,6808.4599609375,4393220000,6816.89013671875
2026-04-13 00:00:00,6806.47021484375,6887.0,6790.02001953125,4785840000,6886.240234375
2026-04-14 00:00:00,6910.2001953125,6969.419921875,6905.169921875,5032380000,6967.3798828125
2026-04-15 00:00:00,6978.169921875,7026.240234375,6967.1298828125,5278610000,7022.9501953125
2026-04-16 00:00:00,7037.77978515625,7051.22998046875,7008.52001953125,5173650000,7041.27978515625
2026-04-17 00:00:00,7074.5498046875,7147.52001953125,7074.5498046875,6145300000,7126.06005859375
2026-04-20 00:00:00,7117.0498046875,7122.64990234375,7084.41015625,4661130000,7109.14013671875
2026-04-21 00:00:00,7122.64013671875,7137.27001953125,7050.2001953125,5160270000,7064.009765625
2026-04-22 00:00:00,7102.91015625,7138.64013671875,7102.91015625,4919460000,7137.89990234375
2026-04-23 00:00:00,7118.7998046875,7147.77978515625,7046.5498046875,5307260000,7108.39990234375
2026-04-24 00:00:00,7136.47998046875,7168.58984375,7112.81982421875,4608830000,7165.080078125
2026-04-27 00:00:00,7152.72021484375,7178.740234375,7146.72021484375,4783750000,7173.91015625
2026-04-28 00:00:00,7133.740234375,7152.52001953125,7115.169921875,4900650000,7138.7998046875
2026-04-29 00:00:00,7131.60986328125,7145.6298828125,7107.85986328125,5123100000,7135.9501953125
2026-04-30 00:00:00,7161.75,7219.830078125,7126.14990234375,5723790000,7209.009765625
2026-05-01 00:00:00,7234.5400390625,7272.52001953125,7229.31982421875,4847390000,7230.1201171875
2026-05-04 00:00:00,7228.3798828125,7244.5400390625,7174.1201171875,5215480000,7200.75
2026-05-05 00:00:00,7233.6201171875,7273.259765625,7233.6201171875,5279760000,7259.22021484375
2026-05-06 00:00:00,7294.14013671875,7369.22021484375,7294.14013671875,6579640000,7365.1201171875
2026-05-07 00:00:00,7376.77978515625,7385.02001953125,7321.25,6237040000,7337.10986328125
2026-05-08 00:00:00,7362.97021484375,7401.5,7362.97021484375,5302740000,7398.93017578125
2026-05-11 00:00:00,7385.31005859375,7428.97021484375,7384.2001953125,5821910000,7412.83984375
2026-05-12 00:00:00,7390.6298828125,7409.56982421875,7338.5400390625,5624790000,7400.9599609375
2026-05-13 00:00:00,7409.1201171875,7460.0400390625,7375.1298828125,5716600000,7444.25
2026-05-14 00:00:00,7454.39990234375,7517.1201171875,7454.39990234375,5267050000,7501.240234375
2026-05-15 00:00:00,7445.10986328125,7454.85009765625,7397.5,5582070000,7408.5
2026-05-18 00:00:00,7415.06982421875,7434.06005859375,7353.169921875,5489500000,7403.0498046875
2026-05-19 00:00:00,7375.75,7395.31982421875,7333.68017578125,5441140000,7353.60986328125
2026-05-20 00:00:00,7369.18994140625,7435.68994140625,7357.4599609375,5384150000,7432.97021484375
2026-05-21 00:00:00,7410.77978515625,7465.9599609375,7389.47998046875,5440620000,7445.72021484375
2026-05-22 00:00:00,7468.81982421875,7506.31982421875,7463.2900390625,4952440000,7473.47021484375
2026-05-26 00:00:00,7511.7900390625,7539.08984375,7501.10009765625,5496060000,7519.1201171875
2026-05-27 00:00:00,7526.009765625,7530.72021484375,7499.72021484375,5524250000,7520.35986328125
2026-05-28 00:00:00,7519.81982421875,7568.72021484375,7508.0400390625,5494860000,7563.6298828125
2026-05-29 00:00:00,7579.330078125,7599.3798828125,7563.5498046875,7858290000,7580.06005859375
2026-06-01 00:00:00,7582.2900390625,7617.66015625,7562.60986328125,6583960000,7599.9599609375
2026-06-02 00:00:00,7595.39990234375,7620.89990234375,7582.990234375,5904410000,7609.77978515625
2026-06-03 00:00:00,7605.31005859375,7605.35009765625,7551.22021484375,5753860000,7553.68017578125
2026-06-04 00:00:00,7516.5400390625,7598.18994140625,7516.5400390625,5398910000,7584.31005859375
2026-06-05 00:00:00,7537.35986328125,7541.81005859375,7368.6298828125,5591290000,7383.740234375
2026-06-08 00:00:00,7440.56982421875,7466.81005859375,7395.1298828125,4898180000,7405.72998046875
2026-06-09 00:00:00,7438.66015625,7483.14990234375,7237.85009765625,6006390000,7386.64990234375
2026-06-10 00:00:00,7350.5400390625,7396.56005859375,7265.93017578125,5247300000,7266.990234375
2026-06-11 00:00:00,7287.669921875,7412.68017578125,7257.330078125,5658920000,7394.2998046875
2026-06-12 00:00:00,7410.85009765625,7456.39990234375,7363.009765625,4950530000,7431.4599609375
2026-06-15 00:00:00,7516.75,7577.919921875,7516.75,5674670000,7554.2900390625
2026-06-16 00:00:00,7548.77978515625,7564.9599609375,7508.68017578125,5286210000,7511.35009765625
2026-06-17 00:00:00,7524.5,7532.169921875,7402.60986328125,5883740000,7420.10009765625
2026-06-18 00:00:00,7487.35986328125,7511.06982421875,7468.31982421875,9061110000,7500.580078125
2026-06-22 00:00:00,7500.43994140625,7530.009765625,7460.009765625,5976740000,7472.7900390625
2026-06-23 00:00:00,7366.509765625,7424.169921875,7347.60009765625,5640530000,7365.4599609375
2026-06-24 00:00:00,7370.8798828125,7428.06005859375,7336.81982421875,5994860000,7358.22021484375
2026-06-25 00:00:00,7404.91015625,7419.080078125,7323.5,5565760000,7357.490234375
2026-06-26 00:00:00,7312.740234375,7392.9501953125,7294.18017578125,9105600000,7354.02001953125
2026-06-29 00:00:00,7391.8798828125,7444.31982421875,7348.8798828125,5794570000,7440.43017578125
2026-06-30 00:00:00,7441.27001953125,7508.2900390625,7438.0400390625,6037540000,7499.35986328125
2026-07-01 00:00:00,7478.83984375,7521.81005859375,7449.6298828125,5782730000,7483.22998046875
2026-07-02 00:00:00,7495.14013671875,7540.75,7427.5498046875,5463520000,7483.240234375
2026-07-06 00:00:00,7506.9599609375,7551.31005859375,7500.97021484375,4971110000,7537.43017578125
2026-07-07 00:00:00,7516.6298828125,7536.06005859375,7478.6298828125,5049590000,7503.85009765625
2026-07-08 00:00:00,7476.5400390625,7488.509765625,7421.81982421875,5102020000,7482.7099609375
2026-07-09 00:00:00,7491.60009765625,7546.89013671875,7481.72998046875,4442950000,7543.64013671875
2026-07-10 00:00:00,7547.64013671875,7579.93017578125,7508.16015625,4006370000,7575.39013671875
2026-07-13 00:00:00,7547.52978515625,7565.3701171875,7506.41015625,4729990000,7515.33984375
2026-07-14 00:00:00,7536.7001953125,7557.43994140625,7513.22998046875,4836950000,7543.58984375
2026-07-15 00:00:00,7571.72021484375,7581.5,7526.9501953125,5236550000,7572.39990234375
2026-07-16 00:00:00,7558.7998046875,7570.740234375,7504.02001953125,5365300000,7533.77001953125
2026-07-17 00:00:00,7447.52001953125,7498.47021484375,7431.259765625,5303290000,7457.68994140625
